EventID,EventTimestamp,VIN,DriverID,DepotID,EventTypeID,SeverityID,Odometer,ReviewStatus
3432,2016-08-23 07:31:05,LPG25NTJF788K53SC,168,1,3,3,612692,Reviewed
3431,2016-08-28 19:18:49,LPG25NTJF788K53SC,168,1,8,2,614125,Reviewed
1722,2016-09-03 01:08:39,BBU883LKMFU6TW977,171,3,3,3,171826,Reviewed
1764,2016-09-15 18:53:22,BHK2V2TTVJU9U12RH,49,4,2,2,119581,Reviewed
3162,2016-10-02 19:24:35,KTTU3UA296DR5RBFY,62,1,3,3,140064,Reviewed
3341,2016-10-08 08:26:26,LJ12TX2UXBDCA75LC,74,3,7,1,148231,Pending
3336,2016-10-11 01:01:10,LJ12TX2UXBDCA75LC,74,3,1,2,144226,Pending
3483,2016-10-12 17:35:41,MDPTET6GFRFP20SD5,33,1,1,2,284752,Pending
985,2016-10-13 06:57:37,6KJ763G71ZB7SACH5,207,2,7,1,407933,Reviewed
827,2016-10-14 03:19:44,5Z9HK12L1WCR7PSUN,20,2,1,2,579689,Pending
984,2016-10-15 02:00:02,6KJ763G71ZB7SACH5,207,2,3,3,409889,Reviewed
1766,2016-10-18 07:40:05,BHK2V2TTVJU9U12RH,49,4,1,2,123466,Pending
3159,2016-10-22 16:08:39,KTTU3UA296DR5RBFY,62,1,5,1,140038,Pending
3338,2016-10-23 04:05:49,LJ12TX2UXBDCA75LC,74,3,7,1,143572,Reviewed
3337,2016-10-24 06:03:17,LJ12TX2UXBDCA75LC,74,3,5,1,145028,Reviewed
3335,2016-10-30 22:11:57,LJ12TX2UXBDCA75LC,74,3,1,2,143397,Pending
3339,2016-11-04 11:35:56,LJ12TX2UXBDCA75LC,74,3,2,2,143959,Pending
3480,2016-11-15 22:16:38,MDPTET6GFRFP20SD5,33,1,4,2,287730,Reviewed
3529,2016-11-19 06:26:41,MK4UFMALXWMB1JCD0,27,4,2,2,295750,Pending
1765,2016-11-19 19:16:03,BHK2V2TTVJU9U12RH,49,4,5,1,121347,Pending
3534,2016-11-22 22:23:48,MK4UFMALXWMB1JCD0,27,4,4,2,297653,Pending
3340,2016-11-25 17:13:33,LJ12TX2UXBDCA75LC,74,3,7,1,147077,Reviewed
4800,2016-11-30 05:03:02,VTVUSVFBJWNZ2KCWE,33,1,5,1,408393,Pending
589,2016-12-02 05:18:24,4HBHHF5TL1ZA2TZ0V,129,1,5,1,196350,Pending
2693,2016-12-13 00:22:55,GM1X2GV7R0E9XHFVV,64,4,2,2,141282,Reviewed
4702,2016-12-14 10:16:41,V4BAX0951WVKTTWXZ,63,3,3,3,219597,Pending
829,2016-12-14 21:56:18,5Z9HK12L1WCR7PSUN,20,2,2,2,580970,Reviewed
3484,2016-12-15 18:01:31,MDPTET6GFRFP20SD5,33,1,2,2,285839,Pending
3532,2016-12-16 18:25:31,MK4UFMALXWMB1JCD0,27,4,1,2,299629,Reviewed
3853,2016-12-17 13:46:53,P4P1LLJ8ZSDCR1NEB,118,4,4,2,76861,Pending
3481,2017-01-08 16:57:34,MDPTET6GFRFP20SD5,33,1,2,2,284932,Pending
3040,2017-01-09 02:07:14,K884DGY9BM92G4VW3,16,3,3,3,15391,Reviewed
2243,2017-01-09 17:13:32,EKHNMK8FXSRK1ZEKN,107,3,1,2,81742,Pending
3531,2017-01-11 08:28:11,MK4UFMALXWMB1JCD0,27,4,2,2,299336,Pending
825,2017-01-13 11:14:45,5Z9HK12L1WCR7PSUN,20,2,5,1,576077,Reviewed
2957,2017-01-14 07:31:16,K04WXLN7AMMRS1G0Z,62,1,1,2,587745,Pending
3482,2017-01-16 05:19:12,MDPTET6GFRFP20SD5,33,1,4,2,285664,Reviewed
2956,2017-01-16 13:29:31,K04WXLN7AMMRS1G0Z,62,1,3,3,588992,Reviewed
593,2017-01-16 22:40:58,4KWT1H3FKYYEYKF6Y,137,2,5,1,279970,Reviewed
592,2017-01-23 03:36:46,4KWT1H3FKYYEYKF6Y,137,2,2,2,279329,Pending
3649,2017-01-24 10:39:20,N58WACU49LNZ3UWHP,60,1,6,3,309085,Pending
596,2017-01-28 00:42:33,4KWT1H3FKYYEYKF6Y,137,2,2,2,279368,Pending
2952,2017-01-29 13:05:43,K04WXLN7AMMRS1G0Z,62,1,5,1,588242,Pending
3041,2017-01-29 17:13:49,K884DGY9BM92G4VW3,16,3,1,2,17307,Pending
2951,2017-01-31 16:45:40,K04WXLN7AMMRS1G0Z,62,1,7,1,591947,Pending
4706,2017-02-02 16:54:08,V4BAX0951WVKTTWXZ,63,3,1,2,218900,Pending
595,2017-02-04 09:24:13,4KWT1H3FKYYEYKF6Y,137,2,1,2,280099,Reviewed
2912,2017-02-07 04:21:53,JMMB5JEZUZ07RS4DD,192,4,4,2,158320,Reviewed
4847,2017-02-08 14:46:16,W31RABYX3EPXLCFU8,121,1,4,2,135460,Reviewed
2334,2017-02-13 16:38:51,ER8HRMABTH9NA74Y3,27,4,2,2,182893,Pending
3160,2017-02-14 09:05:57,KTTU3UA296DR5RBFY,62,1,8,2,140822,Reviewed
2330,2017-02-14 19:00:37,ER8HRMABTH9NA74Y3,27,4,1,2,182549,Pending
2335,2017-02-15 02:40:57,ER8HRMABTH9NA74Y3,27,4,2,2,181038,Pending
4950,2017-02-16 00:02:30,WGDNEMANL8VHT0R8F,202,4,5,1,145340,Pending
591,2017-02-16 02:11:05,4KWT1H3FKYYEYKF6Y,137,2,2,2,281368,Reviewed
597,2017-02-16 12:54:05,4KWT1H3FKYYEYKF6Y,137,2,1,2,279117,Pending
4703,2017-02-19 01:24:09,V4BAX0951WVKTTWXZ,63,3,2,2,218488,Pending
1538,2017-02-19 17:04:18,9SK7C41MM2UMD0RCB,177,1,2,2,199610,Pending
567,2017-02-21 13:10:21,4FMRM5GGBP16FGSYJ,48,1,5,1,45149,Reviewed
2336,2017-02-22 19:12:43,ER8HRMABTH9NA74Y3,27,4,4,2,183219,Pending
594,2017-02-24 13:14:34,4KWT1H3FKYYEYKF6Y,137,2,2,2,278585,Pending
3043,2017-02-27 03:29:53,K884DGY9BM92G4VW3,16,3,1,2,14739,Pending
3652,2017-02-27 17:49:03,N58WACU49LNZ3UWHP,60,1,1,2,309947,Pending
3039,2017-02-28 10:33:45,K884DGY9BM92G4VW3,16,3,2,2,14735,Pending
2955,2017-03-04 18:17:16,K04WXLN7AMMRS1G0Z,62,1,4,2,587351,Reviewed
3651,2017-03-05 18:16:53,N58WACU49LNZ3UWHP,60,1,2,2,308122,Pending
2020,2017-03-05 21:36:24,D42W30NYEJSJLZS01,56,3,7,1,271519,Pending
3744,2017-03-06 08:10:44,NKFGB7W81LKY2U9YK,195,1,1,2,81186,Pending
1495,2017-03-07 23:38:40,9HRJWYCS59PHNPWCV,86,3,2,2,205170,Pending
2015,2017-03-08 14:36:16,D42W30NYEJSJLZS01,56,3,3,3,272944,Pending
2333,2017-03-08 22:36:29,ER8HRMABTH9NA74Y3,27,4,1,2,184899,Reviewed
4538,2017-03-10 11:58:05,TX24XJV8GDRXWA07C,52,2,3,3,216865,Pending
3752,2017-03-10 23:43:13,NKFGB7W81LKY2U9YK,96,1,1,2,82950,Pending
3653,2017-03-11 03:18:16,N58WACU49LNZ3UWHP,60,1,8,2,307748,Pending
3742,2017-03-11 11:39:31,NKFGB7W81LKY2U9YK,195,1,1,2,81781,Pending
3533,2017-03-11 16:30:36,MK4UFMALXWMB1JCD0,27,4,5,1,295200,Pending
2019,2017-03-12 03:58:04,D42W30NYEJSJLZS01,56,3,2,2,275776,Pending
3650,2017-03-13 13:24:15,N58WACU49LNZ3UWHP,60,1,5,1,310550,Pending
3746,2017-03-15 02:56:26,NKFGB7W81LKY2U9YK,195,1,7,1,82585,Pending
3676,2017-03-15 18:03:22,NBGGRBLUMAX6763W1,111,1,2,2,49333,Pending
4056,2017-03-19 01:35:46,R9KZSM26HKPRAGCVA,46,3,2,2,24841,Pending
4946,2017-03-19 17:14:19,WGDNEMANL8VHT0R8F,202,4,2,2,143391,Pending
3069,2017-03-22 03:30:16,KB5EGPV6SL02TXFXA,183,4,2,2,152583,Reviewed
2331,2017-03-22 11:17:58,ER8HRMABTH9NA74Y3,27,4,1,2,180785,Pending
3750,2017-03-22 13:12:30,NKFGB7W81LKY2U9YK,96,1,1,2,81633,Pending
3747,2017-03-23 12:30:38,NKFGB7W81LKY2U9YK,195,1,5,1,81891,Reviewed
2535,2017-03-26 06:57:51,FV8HPGYRAXGWN0G13,11,1,2,2,90782,Pending
4704,2017-03-27 16:08:47,V4BAX0951WVKTTWXZ,63,3,1,2,217302,Pending
3748,2017-03-27 16:48:49,NKFGB7W81LKY2U9YK,96,1,1,2,80986,Pending
3745,2017-03-28 16:38:46,NKFGB7W81LKY2U9YK,195,1,5,1,84901,Reviewed
5106,2017-03-30 02:57:12,XC7NH1REUFBM75S57,95,2,5,1,629728,Pending
2532,2017-03-30 03:05:11,FV8HPGYRAXGWN0G13,11,1,1,2,92564,Reviewed
5033,2017-03-31 22:47:55,X00F5C4DR0L5K5Y1L,143,3,7,1,62834,Reviewed
5032,2017-04-02 19:28:06,X00F5C4DR0L5K5Y1L,143,3,4,2,62017,Pending
2913,2017-04-02 22:00:47,JMMB5JEZUZ07RS4DD,192,4,2,2,158734,Pending
1525,2017-04-03 10:34:11,9R976K55DMCYYBX01,8,3,2,2,505178,Pending
2954,2017-04-03 12:36:01,K04WXLN7AMMRS1G0Z,62,1,3,3,588181,Reviewed
2953,2017-04-04 14:29:38,K04WXLN7AMMRS1G0Z,62,1,8,2,590325,Pending
1055,2017-04-05 17:44:20,6VLM9KFZWL2JXWVYK,34,3,2,2,23578,Pending
2958,2017-04-05 23:24:03,K04WXLN7AMMRS1G0Z,62,1,4,2,591740,Pending
3749,2017-04-09 05:39:49,NKFGB7W81LKY2U9YK,96,1,4,2,80189,Reviewed
3743,2017-04-10 21:20:57,NKFGB7W81LKY2U9YK,195,1,8,2,81556,Pending
5110,2017-04-11 18:21:47,XC7NH1REUFBM75S57,95,2,3,3,628728,Pending
5036,2017-04-12 00:05:30,X00F5C4DR0L5K5Y1L,132,3,5,1,60882,Reviewed
1496,2017-04-16 04:37:10,9HRJWYCS59PHNPWCV,86,3,6,3,204238,Pending
2536,2017-04-16 20:50:02,FV8HPGYRAXGWN0G13,11,1,2,2,91340,Pending
3342,2017-04-17 00:42:50,LJ12TX2UXBDCA75LC,147,3,1,2,147935,Pending
5035,2017-04-17 02:28:36,X00F5C4DR0L5K5Y1L,132,3,3,3,65179,Pending
3042,2017-04-18 22:11:17,K884DGY9BM92G4VW3,16,3,2,2,19011,Pending
2915,2017-04-21 13:40:00,JMMB5JEZUZ07RS4DD,192,4,6,3,156884,Pending
2332,2017-04-22 02:24:54,ER8HRMABTH9NA74Y3,27,4,3,3,182381,Pending
826,2017-04-25 09:16:02,5Z9HK12L1WCR7PSUN,20,2,5,1,577606,Pending
4705,2017-04-27 14:37:49,V4BAX0951WVKTTWXZ,63,3,4,2,218919,Pending
3741,2017-04-28 05:18:37,NKFGB7W81LKY2U9YK,195,1,2,2,81194,Pending
3751,2017-04-28 11:28:43,NKFGB7W81LKY2U9YK,96,1,7,1,82356,Reviewed
279,2017-04-28 22:00:51,2821M0XNBNPJS7M0A,74,1,4,2,9095,Pending
3852,2017-05-01 08:21:56,P4P1LLJ8ZSDCR1NEB,118,4,4,2,76510,Pending
4544,2017-05-01 22:41:07,TX24XJV8GDRXWA07C,201,2,5,1,216337,Pending
2337,2017-05-02 22:57:51,ER8HRMABTH9NA74Y3,27,4,3,3,184799,Reviewed
4945,2017-05-03 23:41:16,WGDNEMANL8VHT0R8F,202,4,1,2,146307,Reviewed
3946,2017-05-04 01:07:56,PST7M0AKGMHH6MW4Y,62,4,3,3,180374,Pending
1521,2017-05-04 23:35:11,9R976K55DMCYYBX01,8,3,5,1,502365,Reviewed
4144,2017-05-06 18:02:07,RYCEPWD79C9MW9E40,51,2,4,2,140516,Pending
2657,2017-05-08 10:05:06,GAD7Y48Y0D5EY6V86,71,2,2,2,117242,Pending
2244,2017-05-09 10:25:30,EKHNMK8FXSRK1ZEKN,107,3,7,1,82565,Reviewed
4848,2017-05-09 22:19:47,W31RABYX3EPXLCFU8,121,1,5,1,138467,Pending
5037,2017-05-11 21:50:17,X00F5C4DR0L5K5Y1L,132,3,8,2,63203,Pending
4545,2017-05-12 20:17:52,TX24XJV8GDRXWA07C,201,2,5,1,214811,Reviewed
1534,2017-05-13 16:56:41,9SK7C41MM2UMD0RCB,177,1,5,1,204213,Pending
1497,2017-05-14 03:13:07,9HRJWYCS59PHNPWCV,86,3,3,3,209670,Pending
4248,2017-05-15 04:22:42,SKF4XFE1FZAKRF06U,201,2,4,2,444058,Reviewed
4540,2017-05-15 12:02:14,TX24XJV8GDRXWA07C,52,2,2,2,213918,Pending
3161,2017-05-16 03:05:34,KTTU3UA296DR5RBFY,62,1,4,2,138244,Pending
2594,2017-05-16 17:26:31,G4C8K6E18FRZ2ADLD,150,3,1,2,183085,Reviewed
2654,2017-05-18 19:00:33,GAD7Y48Y0D5EY6V86,71,2,5,1,113372,Pending
2655,2017-05-19 03:30:48,GAD7Y48Y0D5EY6V86,71,2,4,2,114557,Pending
3345,2017-05-19 13:06:59,LJ12TX2UXBDCA75LC,147,3,2,2,143079,Reviewed
2150,2017-05-21 18:57:21,E094D7SVRX2X5616S,131,2,8,2,133683,Pending
2656,2017-05-22 05:41:21,GAD7Y48Y0D5EY6V86,71,2,3,3,115576,Pending
2533,2017-05-22 16:53:01,FV8HPGYRAXGWN0G13,11,1,3,3,89057,Pending
2465,2017-05-26 02:56:26,FEJ3YF58TA5CW56PM,107,3,3,3,211584,Pending
4542,2017-05-26 03:01:09,TX24XJV8GDRXWA07C,52,2,2,2,214126,Pending
2658,2017-05-27 13:19:04,GAD7Y48Y0D5EY6V86,71,2,3,3,114369,Pending
3779,2017-05-27 16:24:58,NMXWTB1VKPEEVKRX8,48,1,5,1,57460,Pending
435,2017-05-28 04:46:15,3F4ZW6WK1WCB2M3P5,67,1,8,2,406737,Reviewed
566,2017-05-28 23:48:36,4FMRM5GGBP16FGSYJ,48,1,7,1,44692,Pending
1057,2017-05-29 00:34:50,6VLM9KFZWL2JXWVYK,34,3,4,2,27795,Reviewed
3472,2017-05-29 14:15:11,M8PP1RNMLP0GHGG5Y,112,1,1,2,159693,Pending
218,2017-05-30 02:43:01,1ZCZ6BD0UGV4X8XJW,119,3,4,2,309769,Pending
832,2017-06-01 02:00:34,5Z9HK12L1WCR7PSUN,20,2,2,2,576127,Pending
2652,2017-06-01 02:40:50,GAD7Y48Y0D5EY6V86,71,2,2,2,116197,Reviewed
2467,2017-06-03 04:36:47,FEJ3YF58TA5CW56PM,107,3,6,3,212087,Reviewed
216,2017-06-03 07:18:09,1ZCZ6BD0UGV4X8XJW,119,3,4,2,306107,Pending
3473,2017-06-05 03:22:28,M8PP1RNMLP0GHGG5Y,112,1,1,2,162099,Pending
2018,2017-06-08 01:12:38,D42W30NYEJSJLZS01,56,3,5,1,276588,Pending
4247,2017-06-09 18:04:20,SKF4XFE1FZAKRF06U,201,2,4,2,443241,Pending
2596,2017-06-09 19:27:33,G4C8K6E18FRZ2ADLD,150,3,7,1,183488,Pending
828,2017-06-11 13:17:32,5Z9HK12L1WCR7PSUN,20,2,4,2,581495,Pending
424,2017-06-12 19:55:17,39V6XUWMK20Z0UJLW,34,1,5,1,100607,Reviewed
3238,2017-06-13 02:47:04,L3XYDTLCMLX84Z1MA,44,4,3,3,288460,Pending
4246,2017-06-13 21:48:00,SKF4XFE1FZAKRF06U,201,2,5,1,445318,Pending
2653,2017-06-14 13:33:19,GAD7Y48Y0D5EY6V86,71,2,1,2,116855,Pending
2651,2017-06-15 09:29:40,GAD7Y48Y0D5EY6V86,71,2,4,2,117015,Pending
3777,2017-06-16 12:26:52,NMXWTB1VKPEEVKRX8,48,1,4,2,58946,Pending
2245,2017-06-16 16:58:28,EKHNMK8FXSRK1ZEKN,107,3,7,1,82732,Reviewed
422,2017-06-17 23:26:42,39V6XUWMK20Z0UJLW,34,1,2,2,100593,Pending
5034,2017-06-18 02:04:20,X00F5C4DR0L5K5Y1L,132,3,1,2,62883,Pending
217,2017-06-18 23:14:50,1ZCZ6BD0UGV4X8XJW,119,3,6,3,307690,Pending
4539,2017-06-22 12:17:19,TX24XJV8GDRXWA07C,52,2,1,2,212393,Reviewed
3642,2017-06-22 12:21:53,N4PY5EL3MPYS9XFB7,20,2,1,2,159441,Pending
2267,2017-06-23 07:48:35,EKYCSL051AS25P3NS,28,1,8,2,328947,Pending
1068,2017-06-23 19:23:08,6YCN8XXHHF97LUGEU,189,4,1,2,43712,Pending
4747,2017-06-24 10:00:38,VJV8M2T01S1MEVG69,194,1,3,3,191080,Pending
1463,2017-06-24 21:29:40,9921V3E7AUXZAM2N1,172,3,2,2,81611,Pending
831,2017-06-27 12:24:11,5Z9HK12L1WCR7PSUN,20,2,3,3,576802,Reviewed
2242,2017-06-28 18:11:22,EKHNMK8FXSRK1ZEKN,107,3,5,1,83053,Reviewed
3173,2017-06-28 21:24:32,KUMSF6NY9PYXEX9W1,101,2,4,2,259563,Pending
2272,2017-06-29 06:34:16,EKYCSL051AS25P3NS,28,1,2,2,327685,Reviewed
3776,2017-06-30 13:35:23,NMXWTB1VKPEEVKRX8,48,1,2,2,54311,Pending
2224,2017-07-02 02:19:39,EJ32GZMCM1L3LJK5S,130,1,5,1,76244,Pending
2270,2017-07-03 04:58:47,EKYCSL051AS25P3NS,28,1,2,2,324110,Reviewed
2266,2017-07-03 05:41:12,EKYCSL051AS25P3NS,28,1,3,3,324137,Pending
5038,2017-07-03 09:52:51,X00F5C4DR0L5K5Y1L,11,3,2,2,65303,Reviewed
434,2017-07-03 11:37:28,3F4ZW6WK1WCB2M3P5,67,1,6,3,406262,Pending
1533,2017-07-04 01:18:05,9SK7C41MM2UMD0RCB,177,1,6,3,205073,Reviewed
587,2017-07-05 05:33:19,4HBHHF5TL1ZA2TZ0V,129,1,5,1,193523,Pending
1071,2017-07-05 19:55:27,6YCN8XXHHF97LUGEU,189,4,3,3,44957,Reviewed
4887,2017-07-06 12:04:34,WC9ARY6S0CM8KJ6AW,192,4,1,2,192522,Pending
1535,2017-07-06 20:17:52,9SK7C41MM2UMD0RCB,177,1,2,2,203907,Pending
1070,2017-07-08 02:11:09,6YCN8XXHHF97LUGEU,189,4,4,2,46194,Pending
1067,2017-07-08 21:45:31,6YCN8XXHHF97LUGEU,189,4,4,2,42641,Pending
2269,2017-07-09 04:38:26,EKYCSL051AS25P3NS,28,1,6,3,326877,Pending
3240,2017-07-09 21:28:11,L3XYDTLCMLX84Z1MA,44,4,4,2,286804,Pending
830,2017-07-10 13:06:09,5Z9HK12L1WCR7PSUN,20,2,6,3,576532,Pending
2017,2017-07-11 07:23:54,D42W30NYEJSJLZS01,56,3,1,2,272344,Pending
3778,2017-07-11 11:24:38,NMXWTB1VKPEEVKRX8,48,1,3,3,55080,Pending
2271,2017-07-12 01:57:05,EKYCSL051AS25P3NS,28,1,2,2,324531,Pending
1467,2017-07-12 20:36:48,9921V3E7AUXZAM2N1,172,3,4,2,81928,Pending
1072,2017-07-15 21:29:14,6YCN8XXHHF97LUGEU,189,4,1,2,44761,Reviewed
2695,2017-07-17 15:26:36,GM1X2GV7R0E9XHFVV,64,4,1,2,139274,Reviewed
3677,2017-07-17 19:31:23,NBGGRBLUMAX6763W1,111,1,6,3,51811,Pending
1936,2017-07-19 05:40:13,CXARA374JS844UHCW,32,2,2,2,36914,Reviewed
3171,2017-07-19 19:32:39,KUMSF6NY9PYXEX9W1,101,2,7,1,258559,Pending
2766,2017-07-22 05:19:54,H3TP29W59B1W2CCPF,194,1,2,2,297056,Reviewed
2763,2017-07-23 04:43:57,H3TP29W59B1W2CCPF,194,1,7,1,301389,Pending
568,2017-07-24 18:34:52,4FMRM5GGBP16FGSYJ,48,1,1,2,43106,Pending
2268,2017-07-25 07:13:52,EKYCSL051AS25P3NS,28,1,2,2,326172,Pending
1935,2017-07-25 12:51:42,CXARA374JS844UHCW,32,2,5,1,40554,Pending
4605,2017-07-26 16:32:51,UHC0U23HCMG5MSED7,151,3,4,2,282688,Pending
2149,2017-07-27 05:31:33,E094D7SVRX2X5616S,131,2,4,2,131969,Pending
1069,2017-07-27 08:11:30,6YCN8XXHHF97LUGEU,189,4,1,2,42240,Pending
3175,2017-07-28 12:47:04,KUMSF6NY9PYXEX9W1,101,2,2,2,258790,Pending
3535,2017-07-30 06:37:13,MK4UFMALXWMB1JCD0,27,4,5,1,296800,Pending
278,2017-07-30 20:26:04,2821M0XNBNPJS7M0A,74,1,3,3,7197,Reviewed
5171,2017-07-31 06:18:15,XSZDTV4FBL5EFJP7M,178,2,2,2,118217,Reviewed
5176,2017-07-31 12:35:42,XSZDTV4FBL5EFJP7M,178,2,2,2,114658,Pending
2762,2017-08-02 17:22:54,H3TP29W59B1W2CCPF,194,1,1,2,299822,Pending
2148,2017-08-04 19:50:37,E094D7SVRX2X5616S,131,2,2,2,132246,Pending
3855,2017-08-04 22:42:05,P4P1LLJ8ZSDCR1NEB,118,4,2,2,81177,Reviewed
432,2017-08-05 11:30:09,3F4ZW6WK1WCB2M3P5,67,1,5,1,402120,Reviewed
5178,2017-08-06 03:04:27,XSZDTV4FBL5EFJP7M,178,2,4,2,118239,Pending
1931,2017-08-06 17:38:30,CXARA374JS844UHCW,32,2,3,3,36034,Pending
1470,2017-08-08 05:22:23,9921V3E7AUXZAM2N1,172,3,2,2,83970,Reviewed
2534,2017-08-09 02:36:57,FV8HPGYRAXGWN0G13,11,1,7,1,90231,Reviewed
2914,2017-08-09 04:30:56,JMMB5JEZUZ07RS4DD,192,4,3,3,157095,Pending
2464,2017-08-09 06:07:29,FEJ3YF58TA5CW56PM,107,3,4,2,212910,Reviewed
3643,2017-08-12 10:40:39,N4PY5EL3MPYS9XFB7,20,2,4,2,161632,Pending
2151,2017-08-13 01:37:40,E094D7SVRX2X5616S,131,2,1,2,132330,Pending
281,2017-08-14 03:16:26,2821M0XNBNPJS7M0A,74,1,8,2,8536,Pending
2803,2017-08-15 20:59:01,HEC4D246BM2ENF423,52,2,2,2,195904,Reviewed
1466,2017-08-16 00:38:47,9921V3E7AUXZAM2N1,172,3,1,2,80781,Pending
2466,2017-08-16 01:36:57,FEJ3YF58TA5CW56PM,107,3,2,2,214227,Pending
586,2017-08-18 16:51:53,4HBHHF5TL1ZA2TZ0V,129,1,2,2,197210,Pending
3237,2017-08-23 21:50:15,L3XYDTLCMLX84Z1MA,44,4,5,1,289146,Reviewed
3495,2017-08-26 18:58:50,MF9RML9LN2R0XVH27,101,2,3,3,36728,Pending
4944,2017-08-27 05:08:27,WGDNEMANL8VHT0R8F,202,4,5,1,146170,Reviewed
470,2017-08-27 17:15:49,3XPB5ARP5LJDDFEJC,74,1,7,1,235085,Pending
3945,2017-08-29 12:31:18,PST7M0AKGMHH6MW4Y,62,4,1,2,183622,Pending
4301,2017-08-30 10:37:42,SNLY6B13B7ZJNY06Z,25,1,1,2,164744,Pending
1536,2017-08-30 13:17:34,9SK7C41MM2UMD0RCB,177,1,5,1,203390,Pending
4097,2017-08-31 22:19:13,RSCLRPYKP8F8SZMRD,92,1,3,3,190057,Pending
4300,2017-09-01 04:35:51,SNLY6B13B7ZJNY06Z,25,1,2,2,166198,Pending
3530,2017-09-03 01:42:09,MK4UFMALXWMB1JCD0,27,4,1,2,299608,Pending
133,2017-09-04 01:00:27,1BD3TBDJCZ127G6GM,124,1,4,2,132087,Reviewed
5040,2017-09-04 08:44:57,X00F5C4DR0L5K5Y1L,11,3,1,2,65534,Pending
3063,2017-09-04 17:12:41,KB5EGPV6SL02TXFXA,183,4,1,2,152452,Pending
2765,2017-09-04 18:27:03,H3TP29W59B1W2CCPF,194,1,3,3,299907,Reviewed
2857,2017-09-04 23:02:45,J8MGPP1NPRV9Z303V,148,2,8,2,208466,Pending
2593,2017-09-05 05:38:47,G4C8K6E18FRZ2ADLD,150,3,4,2,184670,Reviewed
2805,2017-09-05 13:43:18,HEC4D246BM2ENF423,52,2,5,1,196127,Reviewed
1464,2017-09-06 01:43:29,9921V3E7AUXZAM2N1,172,3,5,1,83199,Pending
4231,2017-09-07 20:42:05,SHCLPFAU2EKUZT1K2,202,4,5,1,130793,Pending
423,2017-09-10 07:14:32,39V6XUWMK20Z0UJLW,34,1,2,2,102314,Pending
3234,2017-09-10 16:59:16,L3XYDTLCMLX84Z1MA,44,4,5,1,286744,Reviewed
3172,2017-09-11 17:44:25,KUMSF6NY9PYXEX9W1,101,2,3,3,259233,Pending
3091,2017-09-11 19:24:36,KC4LPTYDUG6NRJSHJ,35,3,1,2,184872,Reviewed
1751,2017-09-12 07:40:31,BH4P6S1WTYPWCYEK5,199,4,4,2,118575,Pending
134,2017-09-13 07:13:35,1BD3TBDJCZ127G6GM,124,1,2,2,128397,Reviewed
2016,2017-09-14 19:28:03,D42W30NYEJSJLZS01,56,3,1,2,277098,Pending
2292,2017-09-15 12:07:43,EP0624VMNXDRSU83F,207,2,2,2,262227,Reviewed
4604,2017-09-17 16:24:58,UHC0U23HCMG5MSED7,151,3,7,1,282285,Pending
5045,2017-09-18 09:00:59,X00F5C4DR0L5K5Y1L,11,3,6,3,63898,Pending
5107,2017-09-18 20:16:47,XC7NH1REUFBM75S57,95,2,3,3,630468,Reviewed
4051,2017-09-19 01:23:30,R9KZSM26HKPRAGCVA,46,3,3,3,27469,Pending
588,2017-09-19 20:30:18,4HBHHF5TL1ZA2TZ0V,129,1,2,2,196199,Reviewed
3269,2017-09-20 00:34:31,LC72E3KD9H82EU5W3,72,3,1,2,319366,Pending
1752,2017-09-20 19:50:14,BH4P6S1WTYPWCYEK5,199,4,2,2,115922,Pending
3851,2017-09-21 04:14:32,P4P1LLJ8ZSDCR1NEB,118,4,5,1,75881,Reviewed
4094,2017-09-23 09:22:26,RSCLRPYKP8F8SZMRD,92,1,6,3,192748,Pending
2293,2017-09-26 23:28:57,EP0624VMNXDRSU83F,207,2,1,2,264968,Pending
2114,2017-09-27 02:01:27,DHMFPLNSC3YNCHKW9,45,1,3,3,187993,Pending
1522,2017-09-28 06:15:43,9R976K55DMCYYBX01,8,3,7,1,503659,Pending
4095,2017-09-28 22:32:06,RSCLRPYKP8F8SZMRD,92,1,2,2,192021,Pending
3973,2017-09-29 14:53:20,R0CVCVTVELUDGWDT3,63,3,3,3,78755,Pending
2530,2017-09-30 04:23:25,FV8HPGYRAXGWN0G13,11,1,4,2,94072,Reviewed
2222,2017-09-30 07:26:16,EJ32GZMCM1L3LJK5S,130,1,3,3,70954,Pending
3469,2017-09-30 19:34:57,M8PP1RNMLP0GHGG5Y,112,1,1,2,157033,Pending
4543,2017-09-30 19:57:24,TX24XJV8GDRXWA07C,52,2,2,2,212790,Pending
1938,2017-10-01 01:23:32,CXARA374JS844UHCW,32,2,3,3,39695,Reviewed
1934,2017-10-01 13:16:45,CXARA374JS844UHCW,32,2,5,1,37234,Reviewed
5108,2017-10-02 09:51:42,XC7NH1REUFBM75S57,95,2,6,3,629537,Reviewed
3673,2017-10-02 13:50:26,NBGGRBLUMAX6763W1,111,1,2,2,53031,Pending
4601,2017-10-04 02:33:31,UHC0U23HCMG5MSED7,151,3,3,3,281059,Pending
1468,2017-10-04 21:03:25,9921V3E7AUXZAM2N1,172,3,6,3,83347,Pending
3267,2017-10-05 10:09:35,LC72E3KD9H82EU5W3,72,3,1,2,317174,Pending
4096,2017-10-05 12:04:31,RSCLRPYKP8F8SZMRD,92,1,2,2,192761,Pending
3090,2017-10-05 23:03:10,KC4LPTYDUG6NRJSHJ,35,3,5,1,184930,Reviewed
4541,2017-10-06 03:29:42,TX24XJV8GDRXWA07C,52,2,1,2,212006,Pending
2296,2017-10-06 19:47:24,EP0624VMNXDRSU83F,207,2,1,2,267137,Reviewed
4093,2017-10-06 19:55:45,RSCLRPYKP8F8SZMRD,92,1,1,2,195405,Reviewed
2531,2017-10-07 14:47:27,FV8HPGYRAXGWN0G13,11,1,1,2,91784,Pending
4602,2017-10-07 15:14:48,UHC0U23HCMG5MSED7,151,3,1,2,286236,Pending
4603,2017-10-07 20:11:29,UHC0U23HCMG5MSED7,151,3,2,2,285310,Pending
4305,2017-10-08 03:07:04,SNLY6B13B7ZJNY06Z,25,1,2,2,163530,Pending
2115,2017-10-12 18:33:43,DHMFPLNSC3YNCHKW9,45,1,7,1,189814,Reviewed
524,2017-10-14 20:12:21,4B0N9CC7HTVVP14UB,166,3,5,1,233474,Pending
3067,2017-10-15 09:11:01,KB5EGPV6SL02TXFXA,183,4,8,2,150235,Pending
3174,2017-10-16 01:14:23,KUMSF6NY9PYXEX9W1,101,2,5,1,255150,Reviewed
1410,2017-10-16 18:29:11,920DFKALBMRJPZFFX,14,3,3,3,105391,Pending
3235,2017-10-16 23:29:07,L3XYDTLCMLX84Z1MA,44,4,2,2,291376,Pending
3949,2017-10-17 06:40:41,PST7M0AKGMHH6MW4Y,62,4,2,2,185606,Reviewed
1408,2017-10-18 09:52:56,920DFKALBMRJPZFFX,14,3,4,2,107758,Reviewed
5111,2017-10-18 16:21:07,XC7NH1REUFBM75S57,95,2,1,2,627500,Pending
1409,2017-10-18 18:08:30,920DFKALBMRJPZFFX,14,3,4,2,106001,Pending
4304,2017-10-20 17:37:47,SNLY6B13B7ZJNY06Z,25,1,2,2,166667,Pending
2595,2017-10-21 22:09:26,G4C8K6E18FRZ2ADLD,150,3,4,2,179236,Pending
132,2017-10-22 10:59:31,1BD3TBDJCZ127G6GM,124,1,8,2,131852,Reviewed
3176,2017-10-23 17:21:08,KUMSF6NY9PYXEX9W1,101,2,3,3,259481,Pending
2566,2017-10-24 21:44:31,G2TP1EUP8BM52SDUL,213,1,3,3,221343,Pending
135,2017-10-25 05:00:33,1BD3TBDJCZ127G6GM,124,1,4,2,126568,Pending
565,2017-10-26 10:08:20,4FMRM5GGBP16FGSYJ,48,1,1,2,42082,Pending
1465,2017-10-27 11:41:04,9921V3E7AUXZAM2N1,172,3,6,3,83700,Reviewed
3170,2017-10-27 15:46:49,KUMSF6NY9PYXEX9W1,101,2,2,2,258179,Reviewed
2564,2017-10-27 21:43:08,G2TP1EUP8BM52SDUL,213,1,8,2,223730,Pending
4949,2017-10-28 04:12:56,WGDNEMANL8VHT0R8F,202,4,7,1,145776,Pending
2297,2017-10-28 06:20:16,EP0624VMNXDRSU83F,207,2,2,2,264769,Reviewed
3239,2017-10-28 07:56:22,L3XYDTLCMLX84Z1MA,44,4,1,2,288356,Reviewed
2565,2017-10-28 22:49:38,G2TP1EUP8BM52SDUL,213,1,3,3,222104,Pending
2000,2017-10-29 07:53:16,D3RGJHNELAZ0HVLHC,187,4,2,2,109502,Pending
2592,2017-10-29 18:10:19,G4C8K6E18FRZ2ADLD,150,3,4,2,184625,Pending
526,2017-10-30 01:58:06,4B0N9CC7HTVVP14UB,166,3,6,3,230290,Pending
1135,2017-10-30 04:19:22,77LV8DL6026PPR767,201,2,2,2,30892,Pending
3347,2017-11-02 00:20:30,LJ12TX2UXBDCA75LC,147,3,8,2,146503,Reviewed
2764,2017-11-03 00:36:22,H3TP29W59B1W2CCPF,194,1,1,2,299829,Pending
163,2017-11-03 17:15:51,1KJAY57W0Z8JXWGRL,57,2,1,2,154654,Pending
3299,2017-11-03 20:57:14,LDTFS4MVDKHRV2XZV,122,4,3,3,247967,Pending
2307,2017-11-05 09:53:53,ER768UZ8R20UCMP2R,137,2,2,2,206868,Pending
3268,2017-11-05 14:29:00,LC72E3KD9H82EU5W3,72,3,5,1,321937,Pending
4303,2017-11-05 19:52:41,SNLY6B13B7ZJNY06Z,25,1,2,2,163851,Pending
912,2017-11-06 17:10:26,6DFG5GT1YAFFPXCCJ,183,4,8,2,281296,Pending
4218,2017-11-07 02:02:06,SDD61K8LYDSLDZ02S,60,1,1,2,134351,Pending
3362,2017-11-09 04:59:18,LK8AGU7D20HXZ9GEC,32,4,8,2,119196,Pending
4849,2017-11-09 08:25:13,W31RABYX3EPXLCFU8,121,1,2,2,135126,Pending
1137,2017-11-09 11:47:49,77LV8DL6026PPR767,201,2,1,2,33447,Reviewed
910,2017-11-09 11:48:56,6DFG5GT1YAFFPXCCJ,183,4,2,2,278405,Pending
2228,2017-11-09 15:20:36,EJ32GZMCM1L3LJK5S,28,1,6,3,75605,Pending
3471,2017-11-10 18:31:57,M8PP1RNMLP0GHGG5Y,112,1,1,2,157376,Pending
5030,2017-11-11 00:56:28,WZU9MUGD4HGK48WHM,121,1,7,1,548341,Reviewed
2294,2017-11-12 10:13:01,EP0624VMNXDRSU83F,207,2,2,2,266733,Pending
995,2017-11-13 11:17:27,6N9TT7U30CW4VLCYL,56,3,7,1,278481,Pending
4886,2017-11-13 21:55:38,WC9ARY6S0CM8KJ6AW,192,4,6,3,193536,Pending
161,2017-11-14 14:03:34,1KJAY57W0Z8JXWGRL,57,2,2,2,156459,Pending
2116,2017-11-14 18:46:14,DHMFPLNSC3YNCHKW9,45,1,4,2,190313,Pending
436,2017-11-14 18:51:56,3F4ZW6WK1WCB2M3P5,67,1,2,2,403447,Pending
2295,2017-11-14 22:17:40,EP0624VMNXDRSU83F,207,2,3,3,263226,Pending
4404,2017-11-15 08:14:28,TAKGJYSKD8VS6UJAT,52,2,4,2,337270,Pending
2120,2017-11-15 21:17:40,DHMFPLNSC3YNCHKW9,146,1,2,2,190645,Pending
1755,2017-11-16 01:04:08,BH4P6S1WTYPWCYEK5,199,4,1,2,117084,Reviewed
2226,2017-11-16 01:27:06,EJ32GZMCM1L3LJK5S,28,1,3,3,75437,Reviewed
2303,2017-11-16 13:00:46,ER768UZ8R20UCMP2R,137,2,2,2,205981,Reviewed
3948,2017-11-16 13:55:15,PST7M0AKGMHH6MW4Y,62,4,1,2,182421,Pending
2122,2017-11-16 15:12:31,DHMFPLNSC3YNCHKW9,146,1,8,2,192142,Pending
162,2017-11-16 15:52:31,1KJAY57W0Z8JXWGRL,57,2,2,2,155158,Pending
2761,2017-11-17 21:29:08,H3TP29W59B1W2CCPF,194,1,1,2,300433,Reviewed
4687,2017-11-18 07:49:04,UWY9L1HJKCV5Y1GC9,130,1,3,3,52350,Reviewed
2304,2017-11-18 17:28:38,ER768UZ8R20UCMP2R,137,2,1,2,203705,Pending
1084,2017-11-19 07:08:52,6YLK8XSV1YDMHY7JB,183,4,5,1,208018,Reviewed
1933,2017-11-20 02:28:07,CXARA374JS844UHCW,32,2,2,2,40590,Pending
916,2017-11-20 17:08:49,6DFG5GT1YAFFPXCCJ,183,4,4,2,282529,Reviewed
5109,2017-11-24 23:56:35,XC7NH1REUFBM75S57,95,2,7,1,626108,Reviewed
5043,2017-11-25 08:38:51,X00F5C4DR0L5K5Y1L,11,3,6,3,63338,Reviewed
584,2017-11-25 12:53:38,4HBHHF5TL1ZA2TZ0V,129,1,3,3,193030,Reviewed
4951,2017-11-26 04:40:07,WGDNEMANL8VHT0R8F,202,4,1,2,144735,Reviewed
1999,2017-11-26 08:00:09,D3RGJHNELAZ0HVLHC,187,4,5,1,109050,Pending
275,2017-11-30 07:41:39,2821M0XNBNPJS7M0A,74,1,7,1,7390,Pending
1540,2017-11-30 11:52:57,9SK7C41MM2UMD0RCB,177,1,2,2,200907,Pending
1937,2017-12-01 05:57:16,CXARA374JS844UHCW,32,2,2,2,38374,Pending
2306,2017-12-02 01:56:09,ER768UZ8R20UCMP2R,137,2,1,2,205781,Reviewed
2692,2017-12-03 04:53:14,GM1X2GV7R0E9XHFVV,64,4,4,2,140369,Pending
1537,2017-12-03 06:17:00,9SK7C41MM2UMD0RCB,177,1,4,2,204665,Reviewed
1539,2017-12-03 09:47:52,9SK7C41MM2UMD0RCB,177,1,4,2,203489,Pending
164,2017-12-03 22:31:19,1KJAY57W0Z8JXWGRL,57,2,1,2,157617,Reviewed
3620,2017-12-04 12:15:01,MZ9Y8TZLDMSVZP14K,169,3,5,1,94668,Pending
2225,2017-12-04 14:51:21,EJ32GZMCM1L3LJK5S,28,1,8,2,76393,Pending
5026,2017-12-07 09:35:58,WZU9MUGD4HGK48WHM,121,1,5,1,544980,Reviewed
2291,2017-12-07 11:49:16,EP0624VMNXDRSU83F,207,2,8,2,264116,Pending
4750,2017-12-07 19:17:30,VJV8M2T01S1MEVG69,194,1,2,2,190810,Pending
5041,2017-12-08 20:17:29,X00F5C4DR0L5K5Y1L,11,3,3,3,64666,Reviewed
2767,2017-12-10 00:04:38,H3TP29W59B1W2CCPF,194,1,3,3,297766,Pending
915,2017-12-10 00:16:28,6DFG5GT1YAFFPXCCJ,183,4,1,2,277796,Pending
4639,2017-12-10 12:19:42,UR2T16XNXLC84GZ2F,196,2,3,3,341688,Reviewed
2302,2017-12-12 15:36:11,ER768UZ8R20UCMP2R,137,2,1,2,203304,Reviewed
4140,2017-12-14 06:48:05,RYCEPWD79C9MW9E40,51,2,8,2,144043,Pending
5008,2017-12-14 23:42:49,WYF2MZT16NKXEF3MX,3,4,5,1,482903,Pending
4302,2017-12-15 22:52:44,SNLY6B13B7ZJNY06Z,25,1,5,1,165303,Pending
2418,2017-12-16 08:45:02,F1NNJPH273ZK13P5G,192,4,4,2,327151,Pending
1082,2017-12-16 10:30:56,6YLK8XSV1YDMHY7JB,183,4,6,3,207488,Pending
3296,2017-12-17 09:44:45,LDTFS4MVDKHRV2XZV,122,4,3,3,248961,Pending
4690,2017-12-17 13:26:28,UWY9L1HJKCV5Y1GC9,34,1,2,2,54746,Pending
3850,2017-12-21 05:47:26,P4P1LLJ8ZSDCR1NEB,118,4,4,2,79340,Pending
2298,2017-12-22 21:13:02,EP0624VMNXDRSU83F,207,2,2,2,267193,Pending
1457,2017-12-23 07:22:37,98CYM3Z8EX2BC2NNV,120,3,5,1,194771,Pending
4055,2017-12-23 19:41:59,R9KZSM26HKPRAGCVA,46,3,4,2,24634,Reviewed
2308,2017-12-25 15:04:57,ER768UZ8R20UCMP2R,137,2,4,2,204663,Reviewed
3623,2017-12-25 21:00:37,MZ9Y8TZLDMSVZP14K,169,3,4,2,97812,Reviewed
5443,2017-12-25 22:32:03,ZPUXF7NEDHNV32DHX,68,3,5,1,87952,Reviewed
3344,2017-12-26 13:03:42,LJ12TX2UXBDCA75LC,147,3,7,1,146032,Pending
2419,2017-12-28 07:08:27,F1NNJPH273ZK13P5G,192,4,2,2,324218,Pending
3624,2017-12-28 07:52:34,MZ9Y8TZLDMSVZP14K,169,3,7,1,94214,Pending
1087,2017-12-30 23:43:39,6YLK8XSV1YDMHY7JB,183,4,2,2,206152,Pending
1756,2018-01-02 02:20:55,BH4P6S1WTYPWCYEK5,187,4,4,2,115125,Pending
4054,2018-01-02 12:56:46,R9KZSM26HKPRAGCVA,46,3,2,2,23305,Pending
3625,2018-01-02 14:42:10,MZ9Y8TZLDMSVZP14K,169,3,2,2,94913,Pending
4721,2018-01-02 18:41:13,VECRMWSXRSP3LNFHY,100,2,2,2,201170,Reviewed
4401,2018-01-03 09:01:31,TAKGJYSKD8VS6UJAT,52,2,4,2,340657,Reviewed
1136,2018-01-04 12:12:22,77LV8DL6026PPR767,201,2,5,1,34929,Reviewed
4139,2018-01-05 04:31:27,RYCEPWD79C9MW9E40,51,2,4,2,143540,Reviewed
5009,2018-01-05 04:34:27,WYF2MZT16NKXEF3MX,3,4,2,2,480628,Reviewed
1157,2018-01-05 18:04:29,7DEAMZER9U9FL1DEZ,9,3,6,3,180513,Reviewed
5029,2018-01-05 20:42:15,WZU9MUGD4HGK48WHM,121,1,7,1,550482,Reviewed
996,2018-01-08 06:57:58,6N9TT7U30CW4VLCYL,56,3,4,2,277249,Reviewed
2855,2018-01-08 23:19:03,J8MGPP1NPRV9Z303V,148,2,7,1,206965,Pending
1133,2018-01-09 14:03:41,77LV8DL6026PPR767,201,2,1,2,31000,Pending
4947,2018-01-10 01:49:09,WGDNEMANL8VHT0R8F,202,4,2,2,142423,Reviewed
2443,2018-01-10 05:08:44,F6FDGG001JKHBV4FM,72,3,2,2,268220,Pending
3297,2018-01-10 23:01:38,LDTFS4MVDKHRV2XZV,122,4,5,1,252850,Reviewed
1053,2018-01-11 01:13:11,6VLM9KFZWL2JXWVYK,34,3,1,2,26258,Pending
5044,2018-01-11 02:01:55,X00F5C4DR0L5K5Y1L,11,3,1,2,60683,Pending
3554,2018-01-11 10:27:42,MM5R62NGXCFXT3E5V,95,2,2,2,139792,Reviewed
3192,2018-01-11 12:26:52,KV2DLPV84G47SSBEF,67,1,3,3,254557,Reviewed
997,2018-01-13 01:59:16,6N9TT7U30CW4VLCYL,56,3,4,2,274235,Pending
1134,2018-01-13 03:55:46,77LV8DL6026PPR767,201,2,4,2,36747,Pending
4885,2018-01-13 05:15:13,WC9ARY6S0CM8KJ6AW,192,4,1,2,192109,Pending
2309,2018-01-14 10:00:02,ER768UZ8R20UCMP2R,137,2,5,1,202364,Reviewed
3947,2018-01-14 19:02:40,PST7M0AKGMHH6MW4Y,62,4,7,1,180084,Pending
1469,2018-01-16 11:52:41,9921V3E7AUXZAM2N1,172,3,1,2,81585,Pending
4686,2018-01-16 20:01:02,UWY9L1HJKCV5Y1GC9,130,1,5,1,52261,Pending
1080,2018-01-20 17:38:40,6YLK8XSV1YDMHY7JB,183,4,1,2,204561,Pending
4141,2018-01-20 23:54:51,RYCEPWD79C9MW9E40,51,2,2,2,140607,Pending
3064,2018-01-21 08:14:06,KB5EGPV6SL02TXFXA,183,4,2,2,149526,Pending
1083,2018-01-22 18:03:09,6YLK8XSV1YDMHY7JB,183,4,1,2,207753,Pending
887,2018-01-24 00:14:42,681CNG20N2SHAMXV2,130,1,1,2,79111,Reviewed
5010,2018-01-24 10:43:19,WYF2MZT16NKXEF3MX,3,4,4,2,481666,Pending
3618,2018-01-24 22:24:57,MZ9Y8TZLDMSVZP14K,169,3,1,2,93660,Pending
1086,2018-01-26 00:24:52,6YLK8XSV1YDMHY7JB,183,4,4,2,206642,Pending
4748,2018-01-26 16:34:18,VJV8M2T01S1MEVG69,194,1,5,1,194090,Pending
3884,2018-01-27 00:08:42,PF85C5F2K1YDTR3LZ,199,4,5,1,154231,Pending
2300,2018-01-28 21:50:56,EP0624VMNXDRSU83F,207,2,2,2,262155,Pending
2440,2018-01-29 01:44:42,F6FDGG001JKHBV4FM,72,3,2,2,268512,Pending
5252,2018-01-29 09:46:12,Y50V30VEVGXWBVGS6,84,2,5,1,45840,Pending
3974,2018-01-30 14:11:58,R0CVCVTVELUDGWDT3,63,3,2,2,79492,Reviewed
525,2018-02-01 00:31:36,4B0N9CC7HTVVP14UB,166,3,1,2,234302,Pending
4688,2018-02-01 02:17:04,UWY9L1HJKCV5Y1GC9,130,1,6,3,52190,Pending
4143,2018-02-02 19:51:55,RYCEPWD79C9MW9E40,51,2,4,2,146325,Pending
909,2018-02-07 09:21:09,6DFG5GT1YAFFPXCCJ,183,4,1,2,279252,Pending
2877,2018-02-08 13:05:37,JAHCP0UB69SKFEY18,132,3,2,2,156701,Reviewed
2305,2018-02-09 00:23:57,ER768UZ8R20UCMP2R,137,2,2,2,203351,Reviewed
2944,2018-02-09 00:58:08,JZ630EDRMUN3T8NN2,69,1,5,1,160759,Reviewed
3343,2018-02-10 19:23:53,LJ12TX2UXBDCA75LC,147,3,4,2,148080,Pending
1458,2018-02-10 19:28:21,98CYM3Z8EX2BC2NNV,120,3,7,1,191320,Pending
3193,2018-02-11 23:15:04,KV2DLPV84G47SSBEF,67,1,3,3,253097,Pending
3025,2018-02-12 19:13:59,K63TWXPZRYHYD6TGL,121,3,1,2,100438,Pending
2563,2018-02-13 08:49:20,G2TP1EUP8BM52SDUL,213,1,1,2,223965,Pending
3191,2018-02-14 10:24:58,KV2DLPV84G47SSBEF,67,1,5,1,251693,Pending
5284,2018-02-14 20:20:52,YHG403NJBCEA95D7E,128,1,1,2,173806,Pending
4138,2018-02-14 21:38:55,RYCEPWD79C9MW9E40,51,2,2,2,140906,Pending
1932,2018-02-15 09:31:56,CXARA374JS844UHCW,32,2,7,1,37482,Reviewed
3194,2018-02-15 16:54:59,KV2DLPV84G47SSBEF,67,1,2,2,254876,Pending
3270,2018-02-16 05:51:34,LC72E3KD9H82EU5W3,72,3,2,2,321894,Pending
3068,2018-02-16 22:43:49,KB5EGPV6SL02TXFXA,183,4,5,1,150565,Pending
3641,2018-02-17 18:53:27,N4PY5EL3MPYS9XFB7,20,2,4,2,163746,Pending
469,2018-02-18 01:50:58,3XPB5ARP5LJDDFEJC,74,1,3,3,236384,Pending
3981,2018-02-19 17:12:25,R0CVCVTVELUDGWDT3,181,3,6,3,79974,Reviewed
913,2018-02-21 20:43:07,6DFG5GT1YAFFPXCCJ,183,4,2,2,277969,Pending
3470,2018-02-22 17:16:34,M8PP1RNMLP0GHGG5Y,112,1,1,2,158347,Pending
3360,2018-02-22 19:47:28,LK8AGU7D20HXZ9GEC,32,4,4,2,121220,Reviewed
2879,2018-02-22 21:07:56,JAHCP0UB69SKFEY18,132,3,7,1,156858,Reviewed
1158,2018-02-24 03:16:21,7DEAMZER9U9FL1DEZ,9,3,8,2,180225,Pending
3346,2018-02-24 05:41:27,LJ12TX2UXBDCA75LC,147,3,2,2,143613,Pending
3552,2018-02-24 19:57:45,MM5R62NGXCFXT3E5V,95,2,1,2,136408,Pending
2452,2018-02-25 09:05:15,F9A9KERACAHP2TNZB,3,3,4,2,134782,Pending
5027,2018-02-25 09:37:57,WZU9MUGD4HGK48WHM,121,1,2,2,548323,Pending
590,2018-02-25 12:15:10,4HBHHF5TL1ZA2TZ0V,129,1,2,2,194619,Pending
406,2018-02-25 14:18:07,34L2W0MRDYAMX3VND,176,2,2,2,129134,Reviewed
2449,2018-02-26 07:55:14,F9A9KERACAHP2TNZB,3,3,4,2,135958,Pending
3980,2018-02-26 08:44:09,R0CVCVTVELUDGWDT3,181,3,4,2,75900,Pending
1155,2018-02-26 17:53:05,7DEAMZER9U9FL1DEZ,9,3,4,2,181053,Reviewed
409,2018-02-27 23:47:12,34L2W0MRDYAMX3VND,176,2,5,1,131980,Reviewed
3972,2018-02-28 20:41:18,R0CVCVTVELUDGWDT3,63,3,3,3,81231,Pending
2804,2018-02-28 22:11:00,HEC4D246BM2ENF423,52,2,4,2,196062,Pending
886,2018-03-01 03:44:28,681CNG20N2SHAMXV2,130,1,1,2,79902,Pending
3621,2018-03-01 06:24:51,MZ9Y8TZLDMSVZP14K,169,3,1,2,96956,Pending
2880,2018-03-02 13:42:33,JAHCP0UB69SKFEY18,132,3,2,2,160848,Pending
3236,2018-03-03 21:10:01,L3XYDTLCMLX84Z1MA,44,4,1,2,291622,Pending
3492,2018-03-03 22:36:27,MF9RML9LN2R0XVH27,101,2,2,2,34245,Pending
3491,2018-03-04 02:26:18,MF9RML9LN2R0XVH27,101,2,2,2,36145,Reviewed
2882,2018-03-04 14:34:33,JAHCP0UB69SKFEY18,14,3,4,2,159321,Pending
1610,2018-03-04 17:16:26,AMD5ZSHC3DNKN35YZ,113,1,3,3,136700,Reviewed
3494,2018-03-05 10:04:23,MF9RML9LN2R0XVH27,101,2,4,2,38584,Pending
3065,2018-03-06 22:09:40,KB5EGPV6SL02TXFXA,183,4,7,1,153421,Pending
4723,2018-03-07 09:19:49,VECRMWSXRSP3LNFHY,100,2,6,3,199019,Pending
4406,2018-03-07 11:21:10,TAKGJYSKD8VS6UJAT,52,2,7,1,340276,Pending
2447,2018-03-07 18:24:52,F9A9KERACAHP2TNZB,3,3,2,2,132322,Pending
2876,2018-03-08 03:22:18,JAHCP0UB69SKFEY18,132,3,6,3,159632,Pending
4722,2018-03-08 11:55:04,VECRMWSXRSP3LNFHY,100,2,8,2,199153,Reviewed
806,2018-03-09 15:26:35,5UGXCT8B97EFV3GTR,52,2,6,3,194383,Pending
4642,2018-03-10 02:05:28,UR2T16XNXLC84GZ2F,196,2,2,2,338451,Reviewed
407,2018-03-10 03:34:00,34L2W0MRDYAMX3VND,176,2,1,2,129235,Pending
3602,2018-03-10 19:27:25,MYLWZ4RLE3FJS92BM,98,4,3,3,119248,Pending
4403,2018-03-10 23:03:45,TAKGJYSKD8VS6UJAT,52,2,5,1,340011,Pending
3619,2018-03-12 00:28:41,MZ9Y8TZLDMSVZP14K,169,3,1,2,96014,Pending
1051,2018-03-12 15:57:10,6VLM9KFZWL2JXWVYK,34,3,4,2,24956,Pending
5424,2018-03-12 18:15:20,ZMZSTW0N5TEGB2AJP,61,1,2,2,560752,Pending
585,2018-03-13 01:35:49,4HBHHF5TL1ZA2TZ0V,129,1,6,3,193511,Pending
2001,2018-03-13 17:55:46,D3RGJHNELAZ0HVLHC,187,4,2,2,105738,Reviewed
5005,2018-03-14 11:12:26,WYF2MZT16NKXEF3MX,3,4,1,2,485645,Pending
3976,2018-03-14 18:59:31,R0CVCVTVELUDGWDT3,63,3,1,2,76490,Pending
914,2018-03-15 08:26:48,6DFG5GT1YAFFPXCCJ,183,4,3,3,282713,Pending
4850,2018-03-17 03:09:01,W31RABYX3EPXLCFU8,121,1,4,2,133591,Pending
3999,2018-03-17 09:53:34,R38SPLDFPTYP2BCJD,49,4,5,1,217285,Pending
2420,2018-03-18 10:14:02,F1NNJPH273ZK13P5G,192,4,4,2,327474,Pending
804,2018-03-19 14:10:30,5UGXCT8B97EFV3GTR,52,2,4,2,194068,Pending
3566,2018-03-20 00:41:00,MVMZJ124GWE50UJ2K,164,3,4,2,78516,Pending
4001,2018-03-20 07:06:40,R38SPLDFPTYP2BCJD,49,4,3,3,214756,Reviewed
277,2018-03-21 09:16:01,2821M0XNBNPJS7M0A,74,1,2,2,10661,Pending
1754,2018-03-22 03:50:14,BH4P6S1WTYPWCYEK5,199,4,7,1,115921,Reviewed
1816,2018-03-22 12:58:50,C5Z89PTWTBZP0RNAM,169,3,5,1,101648,Pending
3997,2018-03-22 23:01:16,R38SPLDFPTYP2BCJD,49,4,6,3,216431,Pending
5425,2018-03-23 13:44:52,ZMZSTW0N5TEGB2AJP,61,1,2,2,561162,Pending
1170,2018-03-23 16:42:22,7DLAS0SXJYLBXR896,11,1,2,2,484247,Pending
2878,2018-03-23 21:25:25,JAHCP0UB69SKFEY18,132,3,6,3,159078,Pending
3233,2018-03-24 00:29:14,L3XYDTLCMLX84Z1MA,44,4,3,3,287937,Pending
911,2018-03-24 06:43:36,6DFG5GT1YAFFPXCCJ,183,4,2,2,278156,Pending
4228,2018-03-24 23:16:24,SHCLPFAU2EKUZT1K2,202,4,2,2,131728,Pending
2942,2018-03-25 18:49:56,JZ630EDRMUN3T8NN2,69,1,5,1,163484,Pending
2943,2018-03-28 00:09:14,JZ630EDRMUN3T8NN2,69,1,1,2,165338,Pending
2445,2018-03-29 03:57:09,F9A9KERACAHP2TNZB,3,3,2,2,133388,Pending
4405,2018-03-30 04:49:22,TAKGJYSKD8VS6UJAT,52,2,5,1,340704,Pending
5211,2018-03-31 18:45:18,XX5FKNKMWSZDC1AW9,58,1,1,2,73128,Reviewed
2227,2018-03-31 19:54:37,EJ32GZMCM1L3LJK5S,28,1,5,1,74009,Pending
4803,2018-04-01 09:52:59,VTVUSVFBJWNZ2KCWE,194,1,2,2,407248,Pending
4801,2018-04-01 16:51:19,VTVUSVFBJWNZ2KCWE,194,1,1,2,410533,Pending
4402,2018-04-02 10:59:23,TAKGJYSKD8VS6UJAT,52,2,1,2,339618,Pending
1759,2018-04-02 18:37:43,BH4P6S1WTYPWCYEK5,187,4,2,2,113512,Pending
2883,2018-04-03 01:36:32,JAHCP0UB69SKFEY18,14,3,5,1,159203,Reviewed
1168,2018-04-03 22:03:06,7DLAS0SXJYLBXR896,11,1,6,3,485176,Pending
4935,2018-04-05 18:36:33,WF0TYJ0WWW4CA1HYT,100,2,7,1,519935,Pending
2941,2018-04-06 10:46:46,JZ630EDRMUN3T8NN2,69,1,4,2,166283,Pending
3569,2018-04-06 12:43:04,MVMZJ124GWE50UJ2K,164,3,2,2,77077,Pending
3298,2018-04-08 18:55:07,LDTFS4MVDKHRV2XZV,122,4,1,2,248523,Pending
3022,2018-04-10 07:07:08,K63TWXPZRYHYD6TGL,121,3,1,2,102193,Pending
4400,2018-04-11 09:49:17,TAKGJYSKD8VS6UJAT,52,2,5,1,337089,Pending
1456,2018-04-11 22:33:58,98CYM3Z8EX2BC2NNV,120,3,2,2,190956,Pending
2221,2018-04-12 16:40:23,EJ32GZMCM1L3LJK5S,130,1,1,2,71357,Pending
1156,2018-04-13 02:34:56,7DEAMZER9U9FL1DEZ,9,3,2,2,181757,Pending
4948,2018-04-13 16:43:10,WGDNEMANL8VHT0R8F,202,4,3,3,144509,Pending
2940,2018-04-14 12:01:25,JZ630EDRMUN3T8NN2,69,1,7,1,163506,Pending
405,2018-04-16 01:40:29,34L2W0MRDYAMX3VND,176,2,7,1,131496,Reviewed
5442,2018-04-18 03:23:48,ZPUXF7NEDHNV32DHX,68,3,2,2,90844,Pending
803,2018-04-18 21:41:33,5UGXCT8B97EFV3GTR,52,2,5,1,193605,Pending
2450,2018-04-19 02:27:32,F9A9KERACAHP2TNZB,3,3,2,2,134923,Reviewed
1609,2018-04-19 06:00:14,AMD5ZSHC3DNKN35YZ,113,1,2,2,135206,Reviewed
5470,2018-04-19 22:22:39,ZUYBP0D2AV7P75SG8,176,2,2,2,379507,Pending
4166,2018-04-21 20:50:32,S0UA7ZWCSBUYLWL6L,35,3,2,2,119749,Pending
3622,2018-04-22 19:08:15,MZ9Y8TZLDMSVZP14K,169,3,2,2,94865,Pending
5286,2018-04-26 04:37:59,YHG403NJBCEA95D7E,128,1,5,1,170948,Pending
408,2018-04-26 19:58:11,34L2W0MRDYAMX3VND,176,2,3,3,129444,Pending
5024,2018-04-26 22:32:31,WZU9MUGD4HGK48WHM,121,1,7,1,546679,Pending
5471,2018-04-27 14:47:52,ZUYBP0D2AV7P75SG8,176,2,5,1,380157,Reviewed
77,2018-04-28 01:24:43,0MRWHNDG5TPEDSXB2,132,3,3,3,68325,Pending
3066,2018-04-28 20:53:03,KB5EGPV6SL02TXFXA,183,4,1,2,152967,Pending
4233,2018-04-29 03:07:40,SHCLPFAU2EKUZT1K2,202,4,5,1,131632,Pending
2451,2018-04-29 03:08:03,F9A9KERACAHP2TNZB,3,3,5,1,133940,Pending
4938,2018-04-29 22:48:11,WF0TYJ0WWW4CA1HYT,100,2,5,1,519334,Pending
4937,2018-04-30 10:57:13,WF0TYJ0WWW4CA1HYT,100,2,2,2,517173,Reviewed
2448,2018-04-30 12:17:34,F9A9KERACAHP2TNZB,3,3,5,1,133412,Pending
994,2018-04-30 12:22:46,6N9TT7U30CW4VLCYL,56,3,1,2,275747,Pending
4933,2018-04-30 20:38:42,WF0TYJ0WWW4CA1HYT,100,2,3,3,522443,Pending
1081,2018-05-01 02:12:38,6YLK8XSV1YDMHY7JB,183,4,2,2,203403,Pending
3885,2018-05-01 09:21:41,PF85C5F2K1YDTR3LZ,199,4,4,2,153134,Pending
4806,2018-05-01 19:25:34,VTVUSVFBJWNZ2KCWE,194,1,4,2,410163,Pending
3565,2018-05-02 01:18:08,MVMZJ124GWE50UJ2K,164,3,4,2,80297,Pending
1472,2018-05-02 04:55:49,9921V3E7AUXZAM2N1,120,3,8,2,78847,Pending
2123,2018-05-02 07:50:56,DHMFPLNSC3YNCHKW9,146,1,4,2,191875,Pending
763,2018-05-03 07:54:57,5JKVLR98TL9SFCRL7,151,3,7,1,236302,Pending
2231,2018-05-03 11:40:24,EJ32GZMCM1L3LJK5S,28,1,2,2,74519,Pending
1763,2018-05-04 20:46:59,BH4P6S1WTYPWCYEK5,187,4,5,1,113140,Pending
1085,2018-05-04 22:16:47,6YLK8XSV1YDMHY7JB,183,4,7,1,208553,Pending
1154,2018-05-05 17:11:09,7DEAMZER9U9FL1DEZ,9,3,5,1,180483,Pending
4407,2018-05-05 17:41:20,TAKGJYSKD8VS6UJAT,52,2,2,2,341158,Pending
2121,2018-05-05 22:12:15,DHMFPLNSC3YNCHKW9,146,1,1,2,190273,Reviewed
1523,2018-05-06 16:37:29,9R976K55DMCYYBX01,8,3,3,3,502985,Pending
2444,2018-05-06 20:54:21,F6FDGG001JKHBV4FM,72,3,5,1,268528,Pending
3501,2018-05-07 16:37:10,MF9RML9LN2R0XVH27,210,2,2,2,33287,Pending
4934,2018-05-08 05:42:02,WF0TYJ0WWW4CA1HYT,100,2,6,3,520966,Pending
2315,2018-05-09 13:49:28,ER768UZ8R20UCMP2R,114,2,2,2,206068,Pending
5423,2018-05-10 01:47:23,ZMZSTW0N5TEGB2AJP,61,1,3,3,559191,Reviewed
4936,2018-05-10 10:40:58,WF0TYJ0WWW4CA1HYT,100,2,3,3,517477,Reviewed
2442,2018-05-10 20:39:50,F6FDGG001JKHBV4FM,72,3,4,2,266195,Pending
2223,2018-05-12 09:23:04,EJ32GZMCM1L3LJK5S,130,1,6,3,74868,Reviewed
2888,2018-05-12 23:29:44,JAHCP0UB69SKFEY18,14,3,4,2,160263,Pending
4230,2018-05-14 09:19:11,SHCLPFAU2EKUZT1K2,202,4,2,2,129582,Pending
3497,2018-05-14 15:09:48,MF9RML9LN2R0XVH27,210,2,2,2,33316,Pending
2417,2018-05-15 13:06:32,F1NNJPH273ZK13P5G,192,4,7,1,325696,Pending
508,2018-05-16 19:20:19,42U08F1A0775S0GZD,189,4,5,1,184501,Pending
4805,2018-05-17 03:39:19,VTVUSVFBJWNZ2KCWE,194,1,2,2,404862,Pending
998,2018-05-17 08:58:29,6N9TT7U30CW4VLCYL,56,3,1,2,275163,Pending
3500,2018-05-17 14:20:13,MF9RML9LN2R0XVH27,210,2,2,2,35980,Pending
3975,2018-05-20 22:38:08,R0CVCVTVELUDGWDT3,63,3,2,2,80140,Pending
1524,2018-05-21 00:51:37,9R976K55DMCYYBX01,8,3,2,2,504296,Pending
3499,2018-05-22 12:22:11,MF9RML9LN2R0XVH27,210,2,7,1,33803,Pending
3858,2018-05-22 22:49:54,P86370GF9S6TCNSHW,114,2,3,3,231934,Pending
3503,2018-05-23 14:34:58,MF9RML9LN2R0XVH27,210,2,8,2,36406,Pending
4219,2018-05-25 12:57:45,SDD61K8LYDSLDZ02S,60,1,3,3,136607,Reviewed
4229,2018-05-27 01:01:51,SHCLPFAU2EKUZT1K2,202,4,2,2,130369,Pending
5031,2018-05-27 14:04:02,WZU9MUGD4HGK48WHM,121,1,2,2,547145,Pending
2446,2018-05-27 14:28:28,F9A9KERACAHP2TNZB,3,3,1,2,134189,Pending
3496,2018-05-28 10:18:39,MF9RML9LN2R0XVH27,210,2,2,2,37029,Pending
5472,2018-05-28 11:11:13,ZUYBP0D2AV7P75SG8,176,2,6,3,380735,Pending
1165,2018-05-29 09:52:28,7DLAS0SXJYLBXR896,11,1,4,2,482244,Pending
1007,2018-05-30 01:02:59,6RMFL3F6FD7PVX0K4,209,3,1,2,158765,Pending
3498,2018-05-31 15:00:48,MF9RML9LN2R0XVH27,210,2,6,3,36585,Reviewed
2785,2018-05-31 18:35:37,H9PVFNM89WA3A6T50,62,1,3,3,34278,Pending
1815,2018-05-31 23:25:44,C5Z89PTWTBZP0RNAM,169,3,3,3,98323,Reviewed
4163,2018-06-01 02:57:07,S0UA7ZWCSBUYLWL6L,35,3,4,2,116930,Pending
4044,2018-06-01 15:34:55,R9CYPS3WRFTVRMGWW,25,3,2,2,426892,Pending
2546,2018-06-03 02:05:50,FZF4WAG7NGKUSNAL7,133,2,2,2,371034,Reviewed
3678,2018-06-04 03:59:14,NBGGRBLUMAX6763W1,22,1,4,2,47824,Pending
5028,2018-06-07 05:19:05,WZU9MUGD4HGK48WHM,121,1,2,2,546228,Pending
3502,2018-06-08 07:28:54,MF9RML9LN2R0XVH27,210,2,7,1,38126,Pending
1859,2018-06-08 12:37:27,CF0X1LDALMJEGRVPA,138,1,2,2,462507,Pending
3680,2018-06-08 14:34:40,NBGGRBLUMAX6763W1,22,1,6,3,51303,Pending
5441,2018-06-12 08:49:03,ZPUXF7NEDHNV32DHX,68,3,4,2,91352,Pending
433,2018-06-12 09:06:25,3F4ZW6WK1WCB2M3P5,67,1,2,2,405221,Reviewed
3089,2018-06-12 13:03:35,KC4LPTYDUG6NRJSHJ,35,3,5,1,188647,Reviewed
3278,2018-06-12 14:33:34,LC72E3KD9H82EU5W3,181,3,6,3,317902,Pending
2885,2018-06-15 19:08:55,JAHCP0UB69SKFEY18,14,3,2,2,160541,Pending
1172,2018-06-16 01:33:05,7DLAS0SXJYLBXR896,11,1,1,2,481472,Reviewed
410,2018-06-16 10:01:58,34L2W0MRDYAMX3VND,176,2,2,2,130117,Pending
1608,2018-06-18 02:55:51,AMD5ZSHC3DNKN35YZ,113,1,3,3,132147,Pending
1758,2018-06-18 05:59:08,BH4P6S1WTYPWCYEK5,187,4,4,2,114645,Pending
2881,2018-06-20 09:51:33,JAHCP0UB69SKFEY18,14,3,2,2,156855,Pending
468,2018-06-20 22:11:15,3XPB5ARP5LJDDFEJC,74,1,1,2,236690,Reviewed
4749,2018-06-21 13:38:57,VJV8M2T01S1MEVG69,194,1,6,3,193781,Reviewed
888,2018-06-21 16:57:07,681CNG20N2SHAMXV2,130,1,2,2,81922,Pending
3361,2018-06-23 21:17:22,LK8AGU7D20HXZ9GEC,32,4,2,2,121118,Pending
5025,2018-06-24 07:03:54,WZU9MUGD4HGK48WHM,121,1,2,2,550124,Pending
1054,2018-06-24 12:33:16,6VLM9KFZWL2JXWVYK,34,3,1,2,27452,Pending
4003,2018-06-26 06:58:22,R38SPLDFPTYP2BCJD,49,4,3,3,216435,Pending
2886,2018-06-26 17:59:58,JAHCP0UB69SKFEY18,14,3,3,3,158510,Pending
4807,2018-06-27 01:14:47,VTVUSVFBJWNZ2KCWE,194,1,2,2,409346,Pending
2313,2018-06-27 07:00:51,ER768UZ8R20UCMP2R,114,2,2,2,205182,Reviewed
4002,2018-06-27 16:16:20,R38SPLDFPTYP2BCJD,49,4,2,2,214380,Reviewed
2768,2018-07-01 11:33:01,H3TP29W59B1W2CCPF,99,1,4,2,297030,Pending
2719,2018-07-02 05:01:23,GT3ZFK8GX9C5HJKV3,92,1,1,2,167287,Reviewed
3681,2018-07-04 13:30:12,NBGGRBLUMAX6763W1,22,1,2,2,52273,Pending
4729,2018-07-04 23:25:33,VGE2G51HP4KPYHJMH,100,2,2,2,269353,Pending
5254,2018-07-05 13:59:55,Y50V30VEVGXWBVGS6,84,2,3,3,45084,Pending
74,2018-07-05 17:49:43,0MRWHNDG5TPEDSXB2,132,3,2,2,67714,Pending
1814,2018-07-06 11:20:47,C5Z89PTWTBZP0RNAM,169,3,1,2,101387,Pending
1477,2018-07-07 14:59:42,9921V3E7AUXZAM2N1,120,3,2,2,79860,Reviewed
411,2018-07-08 10:34:40,34L2W0MRDYAMX3VND,176,2,2,2,127687,Pending
5256,2018-07-08 19:24:37,Y50V30VEVGXWBVGS6,84,2,5,1,44754,Reviewed
75,2018-07-09 21:54:25,0MRWHNDG5TPEDSXB2,132,3,4,2,67878,Pending
5007,2018-07-10 00:31:40,WYF2MZT16NKXEF3MX,3,4,2,2,481171,Pending
5174,2018-07-10 02:57:35,XSZDTV4FBL5EFJP7M,178,2,8,2,114890,Pending
2249,2018-07-10 06:37:07,EKHNMK8FXSRK1ZEKN,72,3,4,2,82734,Pending
3856,2018-07-10 06:55:26,P86370GF9S6TCNSHW,114,2,2,2,231252,Pending
3253,2018-07-10 13:14:15,LBX03DT0MYKPG101C,128,1,2,2,101161,Pending
2312,2018-07-11 07:16:22,ER768UZ8R20UCMP2R,114,2,4,2,205933,Pending
1813,2018-07-11 10:09:01,C5Z89PTWTBZP0RNAM,169,3,4,2,100858,Reviewed
3251,2018-07-12 14:40:41,LBX03DT0MYKPG101C,128,1,2,2,101927,Reviewed
4731,2018-07-14 14:38:34,VGE2G51HP4KPYHJMH,100,2,1,2,274752,Reviewed
523,2018-07-14 16:53:55,4B0N9CC7HTVVP14UB,166,3,5,1,234139,Pending
5253,2018-07-14 18:00:54,Y50V30VEVGXWBVGS6,84,2,2,2,47275,Reviewed
1103,2018-07-15 17:23:50,70SRPPAV8P1XKJTEU,97,4,5,1,436595,Pending
3863,2018-07-17 16:30:30,P86370GF9S6TCNSHW,101,2,2,2,233118,Pending
280,2018-07-18 02:30:05,2821M0XNBNPJS7M0A,74,1,7,1,7418,Pending
2696,2018-07-18 04:43:45,GM1X2GV7R0E9XHFVV,64,4,1,2,142484,Pending
4010,2018-07-18 08:32:55,R3EK85SRV9GGUPV6N,207,2,2,2,534747,Pending
4011,2018-07-20 07:51:25,R3EK85SRV9GGUPV6N,207,2,3,3,536892,Reviewed
3682,2018-07-20 09:37:40,NBGGRBLUMAX6763W1,22,1,2,2,51184,Pending
2783,2018-07-21 05:15:16,H9PVFNM89WA3A6T50,62,1,4,2,31488,Pending
4043,2018-07-21 15:35:19,R9CYPS3WRFTVRMGWW,25,3,1,2,430677,Reviewed
4046,2018-07-22 02:06:55,R9CYPS3WRFTVRMGWW,25,3,2,2,428463,Pending
1167,2018-07-22 02:14:23,7DLAS0SXJYLBXR896,11,1,4,2,481384,Reviewed
2884,2018-07-23 05:16:51,JAHCP0UB69SKFEY18,14,3,2,2,160121,Pending
4217,2018-07-23 08:20:21,SDD61K8LYDSLDZ02S,60,1,2,2,133981,Pending
24,2018-07-23 13:30:37,0BCFJC47PRPLNDA0C,161,2,5,1,80177,Pending
276,2018-07-23 21:46:26,2821M0XNBNPJS7M0A,74,1,4,2,9675,Pending
5173,2018-07-24 01:16:42,XSZDTV4FBL5EFJP7M,178,2,2,2,116096,Pending
1998,2018-07-24 14:55:57,D3RGJHNELAZ0HVLHC,187,4,7,1,111261,Reviewed
3553,2018-07-24 16:00:35,MM5R62NGXCFXT3E5V,95,2,7,1,138752,Pending
791,2018-07-25 16:40:12,5MZRD56AEYL68J1NM,211,4,5,1,192271,Reviewed
5172,2018-07-26 04:59:16,XSZDTV4FBL5EFJP7M,178,2,1,2,117910,Pending
4640,2018-07-27 00:20:30,UR2T16XNXLC84GZ2F,196,2,4,2,340397,Pending
3468,2018-07-27 11:40:53,M8PP1RNMLP0GHGG5Y,112,1,4,2,160075,Pending
1171,2018-07-27 18:14:42,7DLAS0SXJYLBXR896,11,1,2,2,486210,Pending
3250,2018-07-27 19:03:26,LBX03DT0MYKPG101C,128,1,2,2,101948,Reviewed
3857,2018-07-28 08:23:56,P86370GF9S6TCNSHW,114,2,2,2,236150,Pending
1471,2018-07-28 18:47:20,9921V3E7AUXZAM2N1,120,3,3,3,81662,Pending
3252,2018-07-29 23:00:40,LBX03DT0MYKPG101C,128,1,2,2,102946,Pending
3710,2018-07-30 19:40:56,NF8UANA6V58GXFHM5,132,3,8,2,103761,Pending
2118,2018-07-31 11:21:46,DHMFPLNSC3YNCHKW9,146,1,5,1,187867,Pending
3249,2018-08-01 06:16:01,LBX03DT0MYKPG101C,128,1,2,2,103159,Reviewed
1858,2018-08-01 10:08:47,CF0X1LDALMJEGRVPA,138,1,4,2,462104,Pending
5285,2018-08-02 11:21:20,YHG403NJBCEA95D7E,128,1,4,2,170343,Pending
2784,2018-08-02 16:15:18,H9PVFNM89WA3A6T50,62,1,1,2,33901,Pending
790,2018-08-03 06:02:56,5MZRD56AEYL68J1NM,211,4,2,2,194211,Pending
3998,2018-08-04 06:58:10,R38SPLDFPTYP2BCJD,49,4,1,2,213230,Pending
4594,2018-08-04 07:41:02,U4APEC9LGZULCSFMV,46,3,2,2,153227,Pending
4040,2018-08-04 12:29:59,R9CYPS3WRFTVRMGWW,25,3,3,3,425401,Pending
1056,2018-08-05 00:39:13,6VLM9KFZWL2JXWVYK,34,3,1,2,26255,Pending
3274,2018-08-05 14:04:39,LC72E3KD9H82EU5W3,181,3,2,2,320411,Pending
5283,2018-08-05 18:28:04,YHG403NJBCEA95D7E,128,1,2,2,169003,Pending
2441,2018-08-06 15:52:47,F6FDGG001JKHBV4FM,72,3,3,3,265301,Pending
4728,2018-08-07 23:03:00,VGE2G51HP4KPYHJMH,100,2,4,2,272287,Pending
2547,2018-08-09 06:04:04,FZF4WAG7NGKUSNAL7,133,2,2,2,368147,Reviewed
5422,2018-08-09 23:18:44,ZMZSTW0N5TEGB2AJP,61,1,6,3,560818,Pending
5175,2018-08-10 10:45:36,XSZDTV4FBL5EFJP7M,178,2,6,3,115622,Reviewed
5255,2018-08-11 12:46:58,Y50V30VEVGXWBVGS6,84,2,2,2,48575,Pending
5212,2018-08-11 16:53:27,XX5FKNKMWSZDC1AW9,58,1,6,3,73276,Pending
2974,2018-08-11 17:10:24,K37FANPSMNC0K70VD,76,3,2,2,76812,Pending
4164,2018-08-13 16:27:03,S0UA7ZWCSBUYLWL6L,35,3,2,2,118990,Pending
146,2018-08-13 23:48:15,1G3K3P4AJEAY2CS7E,132,3,2,2,76017,Reviewed
2717,2018-08-14 14:22:21,GT3ZFK8GX9C5HJKV3,92,1,4,2,163598,Pending
4008,2018-08-15 19:51:46,R3EK85SRV9GGUPV6N,207,2,1,2,537448,Pending
4042,2018-08-16 02:48:42,R9CYPS3WRFTVRMGWW,25,3,2,2,430476,Reviewed
5067,2018-08-18 02:57:38,X7XWZ9TMJS312PW68,133,2,5,1,235918,Pending
4007,2018-08-19 19:41:48,R3EK85SRV9GGUPV6N,207,2,8,2,537315,Pending
2718,2018-08-20 05:26:07,GT3ZFK8GX9C5HJKV3,92,1,7,1,168506,Pending
4595,2018-08-20 13:44:59,U4APEC9LGZULCSFMV,46,3,2,2,154878,Pending
5482,2018-08-22 01:07:54,ZVBMYNUZPKGUHH5ES,46,3,3,3,172315,Reviewed
805,2018-08-22 04:23:06,5UGXCT8B97EFV3GTR,52,2,5,1,194586,Pending
3275,2018-08-22 12:24:51,LC72E3KD9H82EU5W3,181,3,4,2,322267,Pending
3989,2018-08-22 14:10:09,R349CYB09UXN7N2ZB,112,1,5,1,111675,Pending
4013,2018-08-23 07:26:44,R3EK85SRV9GGUPV6N,207,2,4,2,538989,Pending
2310,2018-08-23 14:13:14,ER768UZ8R20UCMP2R,114,2,2,2,204011,Pending
1102,2018-08-23 23:37:17,70SRPPAV8P1XKJTEU,97,4,1,2,439152,Reviewed
3786,2018-08-24 04:24:55,NPY3J9UAN0S2MVLJA,132,3,5,1,226705,Pending
5042,2018-08-24 10:23:48,X00F5C4DR0L5K5Y1L,11,3,8,2,61023,Pending
1860,2018-08-24 17:18:47,CF0X1LDALMJEGRVPA,138,1,5,1,465054,Pending
5421,2018-08-25 13:37:53,ZMZSTW0N5TEGB2AJP,61,1,6,3,560407,Reviewed
3024,2018-08-26 23:03:57,K63TWXPZRYHYD6TGL,121,3,1,2,101226,Pending
4052,2018-08-27 00:37:01,R9KZSM26HKPRAGCVA,46,3,5,1,22906,Pending
5039,2018-08-27 18:28:16,X00F5C4DR0L5K5Y1L,11,3,7,1,65753,Reviewed
5006,2018-08-28 20:27:41,WYF2MZT16NKXEF3MX,3,4,8,2,482870,Pending
2169,2018-08-29 07:09:46,E6A9HL2847TVVDSFJ,95,2,1,2,437517,Pending
2421,2018-08-30 10:31:34,F1NNJPH273ZK13P5G,192,4,1,2,327568,Pending
4547,2018-08-31 04:33:18,TX24XJV8GDRXWA07C,201,2,1,2,217363,Pending
76,2018-08-31 13:31:08,0MRWHNDG5TPEDSXB2,132,3,2,2,71700,Reviewed
2229,2018-08-31 16:53:24,EJ32GZMCM1L3LJK5S,28,1,4,2,73992,Reviewed
2119,2018-09-01 03:50:04,DHMFPLNSC3YNCHKW9,146,1,4,2,192605,Reviewed
666,2018-09-01 16:07:11,5012L6TPBNRT4SU46,3,4,2,2,15221,Pending
2694,2018-09-02 18:22:03,GM1X2GV7R0E9XHFVV,64,4,2,2,140227,Reviewed
4053,2018-09-03 16:26:53,R9KZSM26HKPRAGCVA,46,3,2,2,25503,Pending
4260,2018-09-04 17:15:42,SLPJURW61WAHZ5WA2,28,1,8,2,178432,Pending
1753,2018-09-06 06:49:23,BH4P6S1WTYPWCYEK5,199,4,5,1,114240,Pending
3679,2018-09-06 09:44:22,NBGGRBLUMAX6763W1,22,1,5,1,48632,Reviewed
2697,2018-09-06 14:33:51,GM1X2GV7R0E9XHFVV,64,4,1,2,139773,Pending
3978,2018-09-06 19:23:25,R0CVCVTVELUDGWDT3,63,3,1,2,79332,Pending
457,2018-09-08 13:37:51,3T1VPKRK7ZUXNYEUG,146,1,6,3,640068,Reviewed
2117,2018-09-09 07:11:40,DHMFPLNSC3YNCHKW9,146,1,4,2,191124,Pending
328,2018-09-10 20:04:12,2SD52J2RAUD94D0EM,119,3,8,2,188800,Pending
510,2018-09-12 07:32:53,42U08F1A0775S0GZD,189,4,3,3,179201,Pending
4142,2018-09-12 17:43:46,RYCEPWD79C9MW9E40,51,2,5,1,143161,Pending
331,2018-09-16 00:27:21,2SD52J2RAUD94D0EM,119,3,2,2,191549,Pending
3271,2018-09-16 19:13:12,LC72E3KD9H82EU5W3,181,3,3,3,321519,Pending
5257,2018-09-17 05:38:55,Y50V30VEVGXWBVGS6,84,2,6,3,49696,Pending
3607,2018-09-18 01:21:21,MYLWZ4RLE3FJS92BM,202,4,1,2,115441,Pending
4227,2018-09-18 05:12:41,SHCLPFAU2EKUZT1K2,202,4,6,3,132212,Pending
3854,2018-09-18 16:10:44,P4P1LLJ8ZSDCR1NEB,118,4,1,2,76683,Reviewed
554,2018-09-20 10:03:42,4BE80NA8N0YC45ANC,63,3,2,2,179550,Pending
5177,2018-09-22 02:41:30,XSZDTV4FBL5EFJP7M,178,2,2,2,116829,Pending
3860,2018-09-22 03:35:31,P86370GF9S6TCNSHW,114,2,3,3,235853,Pending
4730,2018-09-22 17:30:16,VGE2G51HP4KPYHJMH,100,2,5,1,271429,Pending
2381,2018-09-22 20:59:05,EZHKM4MXD0C787X1R,124,1,5,1,361538,Pending
3977,2018-09-22 23:38:41,R0CVCVTVELUDGWDT3,63,3,2,2,76089,Pending
2856,2018-09-23 09:49:14,J8MGPP1NPRV9Z303V,148,2,4,2,205514,Reviewed
3276,2018-09-23 21:44:16,LC72E3KD9H82EU5W3,181,3,2,2,319223,Pending
4732,2018-09-24 18:35:01,VGE2G51HP4KPYHJMH,100,2,2,2,270047,Pending
2854,2018-09-25 02:36:14,J8MGPP1NPRV9Z303V,148,2,2,2,206599,Pending
4257,2018-09-25 03:45:43,SLPJURW61WAHZ5WA2,28,1,8,2,180418,Reviewed
5063,2018-09-25 12:39:57,X7XWZ9TMJS312PW68,133,2,2,2,238647,Pending
3367,2018-09-25 15:39:40,LK8AGU7D20HXZ9GEC,12,4,4,2,119888,Reviewed
1234,2018-09-26 19:56:07,7NS20DP74W2RY8ETU,183,4,6,3,382544,Pending
2483,2018-09-28 03:05:35,FEKC5RPH6GB6R8KG8,168,1,2,2,17604,Reviewed
1761,2018-09-28 06:19:44,BH4P6S1WTYPWCYEK5,187,4,8,2,117651,Pending
3223,2018-09-28 12:02:52,L2N759HN5PLS7N93Y,209,3,4,2,141595,Reviewed
788,2018-09-29 09:54:41,5MZRD56AEYL68J1NM,211,4,2,2,191855,Pending
2165,2018-09-29 13:44:24,E6A9HL2847TVVDSFJ,95,2,8,2,440183,Pending
3672,2018-09-30 10:17:08,N6W5ETCNAH89Z1EFV,119,3,6,3,138496,Pending
3864,2018-10-01 00:51:08,P86370GF9S6TCNSHW,101,2,1,2,233155,Pending
3697,2018-10-01 20:27:15,NEMBTF9MZ455KSJAX,201,2,1,2,172308,Reviewed
942,2018-10-03 14:04:37,6FWFV3EEGFV5B9TMU,20,4,5,1,521175,Reviewed
4041,2018-10-04 06:07:33,R9CYPS3WRFTVRMGWW,25,3,4,2,428834,Pending
4045,2018-10-04 10:16:55,R9CYPS3WRFTVRMGWW,25,3,2,2,428408,Pending
26,2018-10-06 17:27:00,0BCFJC47PRPLNDA0C,161,2,2,2,80305,Pending
4258,2018-10-08 22:24:43,SLPJURW61WAHZ5WA2,28,1,1,2,175345,Pending
4618,2018-10-09 18:39:36,UJUABUD6PAHHNMK7Z,38,4,5,1,265248,Reviewed
4165,2018-10-10 14:42:22,S0UA7ZWCSBUYLWL6L,35,3,1,2,118699,Pending
3886,2018-10-12 15:09:34,PF85C5F2K1YDTR3LZ,199,4,2,2,157432,Pending
4593,2018-10-14 03:15:50,U4APEC9LGZULCSFMV,46,3,1,2,154425,Reviewed
2482,2018-10-14 04:04:10,FEKC5RPH6GB6R8KG8,168,1,2,2,18030,Pending
798,2018-10-14 05:36:58,5N4KUFNBGDT36FMS5,10,3,2,2,106623,Pending
797,2018-10-14 21:40:52,5N4KUFNBGDT36FMS5,10,3,1,2,106648,Pending
553,2018-10-14 21:57:06,4BE80NA8N0YC45ANC,63,3,4,2,174801,Pending
1101,2018-10-15 09:02:37,70SRPPAV8P1XKJTEU,97,4,8,2,440641,Pending
4256,2018-10-16 01:30:56,SLPJURW61WAHZ5WA2,28,1,1,2,177829,Reviewed
4000,2018-10-16 07:49:00,R38SPLDFPTYP2BCJD,49,4,2,2,217055,Pending
3581,2018-10-16 10:18:53,MXD776WFUWZEZK3MD,118,4,2,2,251246,Pending
4259,2018-10-16 16:08:51,SLPJURW61WAHZ5WA2,28,1,5,1,176966,Pending
1252,2018-10-16 17:16:49,7V2NUMJTTD9S47NPV,96,1,1,2,115113,Reviewed
1052,2018-10-19 10:37:09,6VLM9KFZWL2JXWVYK,34,3,8,2,27990,Reviewed
4232,2018-10-20 05:32:17,SHCLPFAU2EKUZT1K2,202,4,3,3,130499,Reviewed
2166,2018-10-20 17:07:10,E6A9HL2847TVVDSFJ,95,2,4,2,437979,Pending
1231,2018-10-20 22:53:04,7NS20DP74W2RY8ETU,183,4,5,1,381690,Pending
1474,2018-10-21 15:08:29,9921V3E7AUXZAM2N1,120,3,8,2,79039,Pending
2378,2018-10-22 08:21:02,EZHKM4MXD0C787X1R,124,1,3,3,361383,Reviewed
2887,2018-10-22 11:20:15,JAHCP0UB69SKFEY18,14,3,1,2,156268,Pending
551,2018-10-23 06:15:20,4BE80NA8N0YC45ANC,63,3,4,2,180052,Pending
1760,2018-10-23 21:33:55,BH4P6S1WTYPWCYEK5,187,4,5,1,117478,Pending
226,2018-10-24 18:37:22,20V9JUZFJJEFKK2M8,109,3,1,2,26454,Pending
2481,2018-10-25 19:25:46,FEKC5RPH6GB6R8KG8,168,1,2,2,18749,Pending
3424,2018-10-26 01:04:31,LMS15FBT5XWU4F3E3,205,3,4,2,252434,Pending
327,2018-10-26 09:19:02,2SD52J2RAUD94D0EM,119,3,4,2,187817,Pending
943,2018-10-29 07:11:20,6FWFV3EEGFV5B9TMU,20,4,8,2,522243,Reviewed
5210,2018-10-29 10:54:12,XX5FKNKMWSZDC1AW9,58,1,2,2,72787,Pending
3277,2018-10-30 23:46:04,LC72E3KD9H82EU5W3,181,3,5,1,320474,Reviewed
4802,2018-10-30 23:47:10,VTVUSVFBJWNZ2KCWE,194,1,5,1,405207,Reviewed
3675,2018-10-31 17:30:57,NBGGRBLUMAX6763W1,111,1,2,2,48367,Pending
4012,2018-11-01 11:55:21,R3EK85SRV9GGUPV6N,207,2,8,2,535876,Reviewed
3493,2018-11-01 15:02:35,MF9RML9LN2R0XVH27,101,2,3,3,36359,Reviewed
2975,2018-11-01 16:15:50,K37FANPSMNC0K70VD,76,3,2,2,79807,Reviewed
458,2018-11-02 13:59:47,3T1VPKRK7ZUXNYEUG,146,1,7,1,642759,Pending
3606,2018-11-03 19:47:38,MYLWZ4RLE3FJS92BM,202,4,4,2,118648,Reviewed
4669,2018-11-05 02:12:28,UWDA0W46ETMSXGEBE,132,3,1,2,29063,Pending
4671,2018-11-05 08:24:36,UWDA0W46ETMSXGEBE,132,3,2,2,30412,Reviewed
2978,2018-11-07 10:29:55,K37FANPSMNC0K70VD,76,3,4,2,77569,Pending
3046,2018-11-07 13:54:16,K884DGY9BM92G4VW3,16,3,3,3,16825,Pending
3577,2018-11-08 03:46:55,MXD776WFUWZEZK3MD,118,4,4,2,247369,Reviewed
147,2018-11-08 06:26:02,1G3K3P4AJEAY2CS7E,132,3,5,1,74126,Reviewed
2232,2018-11-10 01:01:28,EJ32GZMCM1L3LJK5S,28,1,2,2,76321,Pending
232,2018-11-10 11:30:13,20V9JUZFJJEFKK2M8,109,3,4,2,27793,Pending
807,2018-11-10 16:03:15,5UGXCT8B97EFV3GTR,133,2,4,2,196606,Pending
3655,2018-11-10 22:09:57,N58WACU49LNZ3UWHP,152,1,5,1,308279,Reviewed
2248,2018-11-11 12:37:08,EKHNMK8FXSRK1ZEKN,72,3,6,3,82776,Pending
3608,2018-11-12 00:49:05,MYLWZ4RLE3FJS92BM,202,4,5,1,120724,Pending
5329,2018-11-12 02:04:02,YWA6E753GSSDNXU3E,174,3,7,1,451919,Pending
2247,2018-11-13 19:29:25,EKHNMK8FXSRK1ZEKN,72,3,5,1,85414,Pending
2973,2018-11-14 00:59:36,K37FANPSMNC0K70VD,76,3,3,3,78884,Reviewed
5331,2018-11-14 11:08:28,YWA6E753GSSDNXU3E,174,3,2,2,448621,Reviewed
227,2018-11-14 22:19:16,20V9JUZFJJEFKK2M8,109,3,1,2,27668,Pending
5251,2018-11-15 04:57:37,Y50V30VEVGXWBVGS6,84,2,5,1,47965,Pending
3605,2018-11-16 02:38:57,MYLWZ4RLE3FJS92BM,202,4,2,2,116653,Pending
3363,2018-11-17 04:35:17,LK8AGU7D20HXZ9GEC,32,4,2,2,120905,Reviewed
5332,2018-11-17 07:50:48,YWA6E753GSSDNXU3E,174,3,3,3,451928,Pending
231,2018-11-17 10:23:47,20V9JUZFJJEFKK2M8,109,3,4,2,23283,Pending
2377,2018-11-17 20:03:17,EZHKM4MXD0C787X1R,124,1,4,2,360045,Pending
2977,2018-11-17 23:49:51,K37FANPSMNC0K70VD,76,3,4,2,74814,Pending
3609,2018-11-19 15:14:04,MYLWZ4RLE3FJS92BM,202,4,3,3,115296,Pending
4673,2018-11-21 00:55:07,UWDA0W46ETMSXGEBE,132,3,4,2,33867,Pending
22,2018-11-21 04:09:17,0BCFJC47PRPLNDA0C,161,2,4,2,79723,Pending
4009,2018-11-23 16:20:22,R3EK85SRV9GGUPV6N,207,2,5,1,539912,Pending
2317,2018-11-24 05:38:57,ER768UZ8R20UCMP2R,114,2,7,1,207180,Pending
175,2018-11-25 04:04:01,1M2UNYGN6E1DW7YG0,157,1,2,2,171316,Pending
1254,2018-11-26 00:00:55,7V2NUMJTTD9S47NPV,96,1,2,2,113101,Pending
5480,2018-11-27 03:42:49,ZVBMYNUZPKGUHH5ES,46,3,8,2,171833,Pending
3674,2018-11-29 01:52:30,NBGGRBLUMAX6763W1,111,1,2,2,49671,Reviewed
941,2018-11-30 11:35:52,6FWFV3EEGFV5B9TMU,20,4,5,1,518311,Pending
330,2018-11-30 15:13:22,2SD52J2RAUD94D0EM,119,3,1,2,187463,Pending
3222,2018-11-30 18:13:27,L2N759HN5PLS7N93Y,209,3,6,3,141545,Reviewed
5330,2018-12-01 13:31:16,YWA6E753GSSDNXU3E,174,3,3,3,453618,Pending
1100,2018-12-01 14:06:13,70SRPPAV8P1XKJTEU,97,4,4,2,439098,Pending
2379,2018-12-02 10:47:42,EZHKM4MXD0C787X1R,124,1,5,1,360435,Reviewed
1654,2018-12-03 04:01:22,AUSZZW48DHA6V7HC4,16,3,3,3,25015,Pending
3712,2018-12-03 09:50:58,NF8UANA6V58GXFHM5,132,3,3,3,102647,Pending
3021,2018-12-04 12:21:25,K63TWXPZRYHYD6TGL,121,3,3,3,102709,Pending
764,2018-12-04 18:18:49,5JKVLR98TL9SFCRL7,151,3,7,1,237644,Pending
2976,2018-12-05 01:46:46,K37FANPSMNC0K70VD,76,3,4,2,76863,Pending
3865,2018-12-05 03:15:42,P86370GF9S6TCNSHW,101,2,4,2,236256,Pending
1232,2018-12-05 06:30:41,7NS20DP74W2RY8ETU,183,4,2,2,380440,Reviewed
2921,2018-12-05 10:58:19,JSZ4PDTY4NYXKDC9Y,147,3,2,2,127893,Reviewed
3224,2018-12-05 18:39:37,L2N759HN5PLS7N93Y,209,3,1,2,136701,Pending
655,2018-12-05 23:48:23,4ZC4T1CRKGTF14AKM,126,4,4,2,46876,Pending
1475,2018-12-06 13:05:27,9921V3E7AUXZAM2N1,120,3,4,2,84017,Pending
3000,2018-12-07 02:14:22,K5ADFWER3J0T35MCE,57,2,1,2,173787,Pending
462,2018-12-07 07:04:00,3T1VPKRK7ZUXNYEUG,99,1,3,3,644578,Pending
4662,2018-12-07 15:31:20,UUHTLMXA6UJ4LPT14,11,4,7,1,439581,Pending
5333,2018-12-08 15:38:25,YWA6E753GSSDNXU3E,174,3,1,2,451376,Reviewed
3023,2018-12-09 13:37:00,K63TWXPZRYHYD6TGL,121,3,3,3,100411,Pending
765,2018-12-10 04:14:23,5JKVLR98TL9SFCRL7,151,3,4,2,234181,Pending
326,2018-12-10 14:02:03,2SD52J2RAUD94D0EM,119,3,2,2,187715,Reviewed
3862,2018-12-10 19:16:45,P86370GF9S6TCNSHW,101,2,2,2,231493,Pending
4641,2018-12-11 06:11:22,UR2T16XNXLC84GZ2F,196,2,2,2,343342,Pending
1233,2018-12-12 08:01:57,7NS20DP74W2RY8ETU,183,4,3,3,380521,Reviewed
3582,2018-12-12 12:04:05,MXD776WFUWZEZK3MD,118,4,4,2,248952,Reviewed
2701,2018-12-13 00:22:07,GSH124P57X4JKFZHH,161,2,6,3,345838,Reviewed
461,2018-12-13 12:12:32,3T1VPKRK7ZUXNYEUG,146,1,1,2,644766,Pending
792,2018-12-14 11:28:43,5MZRD56AEYL68J1NM,211,4,3,3,193597,Pending
173,2018-12-14 17:55:21,1M2UNYGN6E1DW7YG0,157,1,7,1,172182,Pending
1667,2018-12-16 18:31:26,AVKGSNZJNNT9R0EMJ,191,3,4,2,111473,Reviewed
4546,2018-12-18 07:49:30,TX24XJV8GDRXWA07C,201,2,1,2,213644,Pending
4350,2018-12-18 11:17:08,SZX3C2SKBGB7U9UJ1,49,4,2,2,443474,Pending
4980,2018-12-18 16:10:11,WNYNRTW8DKMV6W4RL,10,3,8,2,58308,Pending
1910,2018-12-18 18:47:30,CW5PJ0UP7D836KVC9,109,3,2,2,206088,Pending
172,2018-12-19 03:03:27,1M2UNYGN6E1DW7YG0,157,1,1,2,169420,Pending
4981,2018-12-19 05:44:34,WNYNRTW8DKMV6W4RL,10,3,4,2,60735,Reviewed
771,2018-12-19 09:20:25,5JKVLR98TL9SFCRL7,36,3,2,2,237615,Reviewed
4620,2018-12-19 12:24:29,UJUABUD6PAHHNMK7Z,38,4,4,2,263161,Pending
656,2018-12-19 21:31:24,4ZC4T1CRKGTF14AKM,126,4,1,2,50240,Pending
940,2018-12-20 01:58:50,6FWFV3EEGFV5B9TMU,20,4,2,2,520436,Pending
3589,2018-12-20 09:13:47,MXLMA6GMDTCTFETFY,147,4,4,2,107439,Pending
3221,2018-12-21 09:07:34,L2N759HN5PLS7N93Y,209,3,2,2,141923,Pending
1473,2018-12-21 21:59:50,9921V3E7AUXZAM2N1,120,3,1,2,81274,Pending
4661,2018-12-22 08:28:39,UUHTLMXA6UJ4LPT14,11,4,2,2,440588,Pending
651,2018-12-22 21:13:24,4ZC4T1CRKGTF14AKM,126,4,6,3,46297,Pending
3567,2018-12-23 13:44:54,MVMZJ124GWE50UJ2K,164,3,4,2,78879,Pending
3220,2018-12-24 03:56:02,L2N759HN5PLS7N93Y,209,3,4,2,137966,Pending
1099,2018-12-24 06:09:07,70SRPPAV8P1XKJTEU,97,4,7,1,439996,Reviewed
833,2018-12-24 14:40:44,5Z9HK12L1WCR7PSUN,71,2,8,2,577400,Pending
3611,2018-12-25 08:15:27,MYLWZ4RLE3FJS92BM,202,4,2,2,115715,Pending
171,2018-12-25 09:40:00,1M2UNYGN6E1DW7YG0,157,1,5,1,171120,Pending
808,2018-12-25 19:13:54,5UGXCT8B97EFV3GTR,133,2,3,3,195033,Pending
2380,2018-12-26 20:27:43,EZHKM4MXD0C787X1R,124,1,5,1,361100,Pending
4668,2018-12-27 06:37:30,UWDA0W46ETMSXGEBE,132,3,2,2,31187,Pending
5282,2018-12-27 11:15:25,YHG403NJBCEA95D7E,128,1,7,1,173097,Pending
3979,2018-12-27 12:44:56,R0CVCVTVELUDGWDT3,63,3,4,2,81396,Pending
4675,2018-12-27 19:00:34,UWDA0W46ETMSXGEBE,132,3,4,2,28953,Pending
654,2018-12-28 02:59:46,4ZC4T1CRKGTF14AKM,126,4,4,2,47674,Pending
4689,2018-12-29 23:47:40,UWY9L1HJKCV5Y1GC9,34,1,1,2,50643,Reviewed
3555,2018-12-30 00:49:10,MM5R62NGXCFXT3E5V,95,2,1,2,138751,Reviewed
2343,2018-12-30 08:27:40,ETAM4BE52T8V80E1R,11,1,7,1,441318,Pending
652,2018-12-30 12:36:09,4ZC4T1CRKGTF14AKM,126,4,2,2,49791,Pending
5479,2018-12-30 12:48:23,ZVBMYNUZPKGUHH5ES,46,3,5,1,170955,Reviewed
4825,2019-01-01 08:18:43,W0B1PHH5BTK31LWZL,201,2,4,2,196350,Pending
1728,2019-01-01 08:39:50,BBU883LKMFU6TW977,71,3,6,3,168378,Pending
1255,2019-01-01 14:42:39,7V2NUMJTTD9S47NPV,96,1,1,2,112707,Pending
809,2019-01-01 14:57:02,5UGXCT8B97EFV3GTR,133,2,2,2,193556,Reviewed
4991,2019-01-01 20:37:14,WPSK2DJTXEDBCZ9NZ,72,3,3,3,99538,Reviewed
653,2019-01-01 21:31:40,4ZC4T1CRKGTF14AKM,126,4,3,3,50968,Pending
2771,2019-01-02 09:37:30,H3TP29W59B1W2CCPF,99,1,5,1,300365,Reviewed
4932,2019-01-02 20:53:09,WF0TYJ0WWW4CA1HYT,100,2,3,3,522520,Pending
3197,2019-01-03 18:48:50,L18KF68A2ATT3XTHY,7,4,2,2,255095,Pending
3198,2019-01-04 12:57:08,L18KF68A2ATT3XTHY,7,4,8,2,258256,Pending
5120,2019-01-06 13:48:29,XJM3C8SJ0K4C9YBPN,174,3,5,1,244235,Reviewed
4672,2019-01-08 05:55:32,UWDA0W46ETMSXGEBE,132,3,1,2,30620,Reviewed
2480,2019-01-10 18:13:13,FEKC5RPH6GB6R8KG8,168,1,2,2,17008,Pending
230,2019-01-11 17:19:07,20V9JUZFJJEFKK2M8,109,3,3,3,25697,Pending
3781,2019-01-12 15:25:49,NPY3J9UAN0S2MVLJA,132,3,2,2,226552,Reviewed
3556,2019-01-12 20:38:04,MM5R62NGXCFXT3E5V,95,2,3,3,139445,Pending
509,2019-01-13 02:59:55,42U08F1A0775S0GZD,189,4,5,1,181051,Pending
1666,2019-01-13 05:10:17,AVKGSNZJNNT9R0EMJ,191,3,2,2,114884,Pending
1914,2019-01-13 09:07:13,CW5PJ0UP7D836KVC9,109,3,8,2,201578,Pending
2251,2019-01-13 09:51:02,EKHNMK8FXSRK1ZEKN,72,3,1,2,84734,Pending
4670,2019-01-14 04:09:50,UWDA0W46ETMSXGEBE,132,3,2,2,33339,Reviewed
460,2019-01-14 21:02:26,3T1VPKRK7ZUXNYEUG,146,1,1,2,642214,Pending
4751,2019-01-14 23:21:20,VJV8M2T01S1MEVG69,194,1,5,1,190413,Reviewed
174,2019-01-16 17:07:17,1M2UNYGN6E1DW7YG0,157,1,4,2,168026,Reviewed
1169,2019-01-16 18:06:30,7DLAS0SXJYLBXR896,11,1,1,2,483376,Reviewed
5214,2019-01-17 04:33:48,XX5FKNKMWSZDC1AW9,22,1,2,2,76611,Pending
4674,2019-01-17 21:24:31,UWDA0W46ETMSXGEBE,132,3,5,1,31391,Pending
329,2019-01-17 23:42:33,2SD52J2RAUD94D0EM,119,3,2,2,186527,Reviewed
4977,2019-01-18 18:52:15,WNYNRTW8DKMV6W4RL,10,3,5,1,57843,Pending
1349,2019-01-19 13:07:38,8FVAU274THG83J1NR,69,1,2,2,149431,Pending
2277,2019-01-20 23:53:17,EKYCSL051AS25P3NS,145,1,5,1,326065,Reviewed
3273,2019-01-21 05:42:04,LC72E3KD9H82EU5W3,181,3,7,1,319249,Pending
811,2019-01-21 11:11:51,5UGXCT8B97EFV3GTR,133,2,3,3,196556,Pending
2527,2019-01-22 02:24:30,FUU1HAAKZUU4JMK70,114,2,2,2,284265,Pending
556,2019-01-22 05:48:07,4BE80NA8N0YC45ANC,63,3,2,2,180666,Pending
98,2019-01-22 23:06:28,0RFE8E5VNL0VXYPL4,101,3,7,1,293092,Pending
3601,2019-01-23 18:49:48,MYLWZ4RLE3FJS92BM,98,4,7,1,115938,Pending
3610,2019-01-23 19:42:42,MYLWZ4RLE3FJS92BM,202,4,1,2,116723,Pending
2769,2019-01-24 14:30:39,H3TP29W59B1W2CCPF,99,1,6,3,301134,Pending
459,2019-01-25 07:02:40,3T1VPKRK7ZUXNYEUG,146,1,4,2,640912,Reviewed
4752,2019-01-25 21:54:17,VJV8M2T01S1MEVG69,194,1,5,1,192496,Pending
3588,2019-01-26 12:03:16,MXLMA6GMDTCTFETFY,147,4,8,2,111939,Reviewed
1272,2019-01-27 06:01:15,7XESAC9E3RSK2HN20,8,3,1,2,182498,Pending
2484,2019-01-27 07:25:30,FEKC5RPH6GB6R8KG8,168,1,4,2,19717,Pending
558,2019-01-27 10:33:44,4BE80NA8N0YC45ANC,63,3,3,3,177317,Reviewed
3859,2019-01-27 11:49:39,P86370GF9S6TCNSHW,114,2,8,2,234939,Pending
3991,2019-01-29 08:45:48,R349CYB09UXN7N2ZB,112,1,1,2,111577,Reviewed
5398,2019-01-30 23:51:49,ZDAWDDGS4RBEP944V,71,2,2,2,220268,Reviewed
73,2019-01-31 08:22:27,0MRWHNDG5TPEDSXB2,132,3,4,2,66761,Pending
3564,2019-01-31 21:23:11,MVMZJ124GWE50UJ2K,164,3,4,2,80086,Pending
2479,2019-02-01 07:31:56,FEKC5RPH6GB6R8KG8,168,1,2,2,19319,Pending
552,2019-02-04 02:52:25,4BE80NA8N0YC45ANC,63,3,2,2,178794,Pending
947,2019-02-04 03:47:17,6FWFV3EEGFV5B9TMU,11,4,2,2,520152,Pending
2230,2019-02-04 14:29:14,EJ32GZMCM1L3LJK5S,28,1,1,2,76604,Pending
881,2019-02-04 19:59:28,6819Z317MDSBZDAXH,74,1,4,2,233640,Reviewed
2348,2019-02-05 10:03:45,ETAM4BE52T8V80E1R,11,1,1,2,443201,Pending
1911,2019-02-06 03:50:11,CW5PJ0UP7D836KVC9,109,3,7,1,202434,Reviewed
4352,2019-02-07 23:00:04,SZX3C2SKBGB7U9UJ1,49,4,1,2,444935,Pending
664,2019-02-08 07:21:31,5012L6TPBNRT4SU46,3,4,1,2,11846,Reviewed
4691,2019-02-08 15:18:46,UWY9L1HJKCV5Y1GC9,34,1,1,2,51502,Reviewed
3711,2019-02-15 18:49:54,NF8UANA6V58GXFHM5,132,3,2,2,104511,Reviewed
3757,2019-02-15 23:03:29,NKFGB7W81LKY2U9YK,99,1,6,3,80757,Pending
4274,2019-02-16 03:13:31,SMLVFX45EUJ6CCATB,60,1,5,1,275343,Pending
1256,2019-02-16 06:13:57,7V2NUMJTTD9S47NPV,96,1,3,3,110687,Pending
2478,2019-02-16 17:38:59,FEKC5RPH6GB6R8KG8,168,1,7,1,18853,Reviewed
1098,2019-02-17 12:58:22,70SRPPAV8P1XKJTEU,97,4,4,2,440068,Pending
1257,2019-02-18 02:41:13,7V2NUMJTTD9S47NPV,96,1,5,1,113269,Pending
3371,2019-02-18 20:06:46,LK8AGU7D20HXZ9GEC,12,4,1,2,121378,Pending
145,2019-02-19 09:06:11,1G3K3P4AJEAY2CS7E,132,3,5,1,73005,Reviewed
4268,2019-02-19 12:50:02,SMLVFX45EUJ6CCATB,60,1,1,2,274421,Reviewed
4992,2019-02-19 15:17:45,WPSK2DJTXEDBCZ9NZ,72,3,3,3,103349,Reviewed
5118,2019-02-20 16:32:03,XJM3C8SJ0K4C9YBPN,174,3,2,2,242291,Pending
4978,2019-02-22 01:52:08,WNYNRTW8DKMV6W4RL,10,3,1,2,55940,Pending
810,2019-02-22 03:05:29,5UGXCT8B97EFV3GTR,133,2,2,2,194521,Reviewed
1726,2019-02-22 04:58:10,BBU883LKMFU6TW977,71,3,1,2,168790,Pending
4720,2019-02-22 13:34:05,VECRMWSXRSP3LNFHY,100,2,5,1,195890,Pending
2274,2019-02-23 21:12:28,EKYCSL051AS25P3NS,145,1,2,2,329357,Pending
3301,2019-02-25 11:01:00,LDTFS4MVDKHRV2XZV,183,4,2,2,253003,Reviewed
555,2019-02-26 02:33:53,4BE80NA8N0YC45ANC,63,3,5,1,175982,Pending
2528,2019-02-26 04:11:16,FUU1HAAKZUU4JMK70,114,2,4,2,279927,Pending
2477,2019-02-27 06:04:23,FEKC5RPH6GB6R8KG8,168,1,2,2,20433,Reviewed
4663,2019-02-27 15:12:48,UUHTLMXA6UJ4LPT14,11,4,2,2,443446,Pending
1582,2019-02-28 00:14:45,ABZ595CPJ0D2YUAS0,71,3,1,2,33172,Pending
3375,2019-02-28 08:03:27,LK8AGU7D20HXZ9GEC,219,4,1,2,120246,Pending
3861,2019-03-01 00:03:09,P86370GF9S6TCNSHW,114,2,5,1,235731,Pending
5117,2019-03-01 02:47:37,XJM3C8SJ0K4C9YBPN,174,3,6,3,247845,Pending
3374,2019-03-02 10:44:45,LK8AGU7D20HXZ9GEC,219,4,3,3,117511,Reviewed
4022,2019-03-02 12:42:23,R62KFK7Z6SYCTFW6V,7,4,2,2,140397,Reviewed
5215,2019-03-02 18:46:08,XX5FKNKMWSZDC1AW9,22,1,2,2,72469,Reviewed
5395,2019-03-03 00:16:02,ZDAWDDGS4RBEP944V,71,2,2,2,218790,Pending
3369,2019-03-03 15:31:52,LK8AGU7D20HXZ9GEC,12,4,4,2,119355,Pending
2345,2019-03-04 03:57:16,ETAM4BE52T8V80E1R,11,1,6,3,442088,Pending
2548,2019-03-04 21:42:53,FZF4WAG7NGKUSNAL7,133,2,5,1,372014,Reviewed
3866,2019-03-06 02:50:18,P86370GF9S6TCNSHW,101,2,1,2,230796,Pending
4025,2019-03-06 04:05:36,R62KFK7Z6SYCTFW6V,7,4,5,1,135425,Reviewed
5250,2019-03-06 15:28:42,Y50V30VEVGXWBVGS6,84,2,1,2,49665,Pending
3709,2019-03-06 19:47:30,NF8UANA6V58GXFHM5,132,3,4,2,106536,Reviewed
1402,2019-03-07 17:47:56,8Z7TG15GGJXFD7ZYX,205,3,4,2,193855,Pending
2916,2019-03-08 07:00:50,JSZ4PDTY4NYXKDC9Y,147,3,4,2,123435,Pending
787,2019-03-08 07:10:44,5MZRD56AEYL68J1NM,211,4,5,1,191612,Pending
2722,2019-03-08 21:28:13,GT3ZFK8GX9C5HJKV3,67,1,8,2,164314,Pending
95,2019-03-09 15:49:21,0RFE8E5VNL0VXYPL4,101,3,3,3,292479,Reviewed
1476,2019-03-09 19:32:23,9921V3E7AUXZAM2N1,120,3,8,2,84355,Pending
834,2019-03-10 04:54:13,5Z9HK12L1WCR7PSUN,71,2,6,3,579444,Pending
3593,2019-03-10 13:42:44,MXLMA6GMDTCTFETFY,147,4,1,2,107965,Pending
4026,2019-03-11 12:02:55,R62KFK7Z6SYCTFW6V,7,4,7,1,137664,Pending
5481,2019-03-12 19:08:22,ZVBMYNUZPKGUHH5ES,46,3,1,2,170728,Pending
4024,2019-03-13 00:25:50,R62KFK7Z6SYCTFW6V,7,4,6,3,136620,Pending
4617,2019-03-13 14:54:00,UJUABUD6PAHHNMK7Z,38,4,8,2,264677,Pending
703,2019-03-14 21:21:03,52971462H3HGJ12ZE,24,3,2,2,17709,Reviewed
2603,2019-03-15 16:39:53,G4C8K6E18FRZ2ADLD,56,3,2,2,184792,Reviewed
3272,2019-03-17 13:36:36,LC72E3KD9H82EU5W3,181,3,4,2,318511,Pending
4273,2019-03-17 23:42:44,SMLVFX45EUJ6CCATB,60,1,5,1,275944,Pending
2170,2019-03-18 07:19:33,E6A9HL2847TVVDSFJ,95,2,7,1,437999,Pending
1585,2019-03-18 15:27:02,ABZ595CPJ0D2YUAS0,71,3,5,1,33684,Pending
4023,2019-03-18 18:41:33,R62KFK7Z6SYCTFW6V,7,4,2,2,134656,Reviewed
2124,2019-03-20 11:14:45,DHMFPLNSC3YNCHKW9,146,1,1,2,190622,Reviewed
4154,2019-03-20 17:33:56,S0K9M5TM0NCYM0M02,130,1,1,2,653189,Reviewed
3670,2019-03-20 19:23:21,N6W5ETCNAH89Z1EFV,119,3,8,2,139636,Pending
4619,2019-03-21 03:46:33,UJUABUD6PAHHNMK7Z,38,4,2,2,267835,Reviewed
789,2019-03-21 05:11:44,5MZRD56AEYL68J1NM,211,4,3,3,193277,Pending
4823,2019-03-21 06:43:39,W0B1PHH5BTK31LWZL,201,2,4,2,196918,Pending
2168,2019-03-21 09:47:02,E6A9HL2847TVVDSFJ,95,2,1,2,435852,Reviewed
5213,2019-03-22 00:14:57,XX5FKNKMWSZDC1AW9,22,1,4,2,74214,Reviewed
3698,2019-03-22 16:01:11,NEMBTF9MZ455KSJAX,201,2,2,2,167209,Pending
23,2019-03-23 14:18:20,0BCFJC47PRPLNDA0C,161,2,2,2,81318,Pending
3568,2019-03-23 17:45:27,MVMZJ124GWE50UJ2K,164,3,5,1,76869,Pending
97,2019-03-24 22:11:36,0RFE8E5VNL0VXYPL4,101,3,2,2,293805,Reviewed
1203,2019-03-25 11:30:17,7H6ZVJ7ZKUYF5AGE4,183,4,6,3,211953,Reviewed
3365,2019-03-25 20:28:17,LK8AGU7D20HXZ9GEC,12,4,2,2,119653,Pending
1205,2019-03-26 13:39:29,7H6ZVJ7ZKUYF5AGE4,183,4,2,2,212236,Pending
1532,2019-03-26 16:28:11,9R976K55DMCYYBX01,8,3,1,2,503154,Pending
4270,2019-03-27 10:22:01,SMLVFX45EUJ6CCATB,60,1,2,2,274263,Reviewed
2316,2019-03-27 12:31:49,ER768UZ8R20UCMP2R,114,2,2,2,203806,Pending
1913,2019-03-27 14:56:05,CW5PJ0UP7D836KVC9,109,3,5,1,204230,Reviewed
3654,2019-03-27 15:48:42,N58WACU49LNZ3UWHP,152,1,5,1,311798,Reviewed
3557,2019-03-28 12:27:01,MM5R62NGXCFXT3E5V,95,2,7,1,137814,Reviewed
25,2019-03-29 01:41:28,0BCFJC47PRPLNDA0C,161,2,3,3,77654,Reviewed
2103,2019-03-30 03:07:51,DE20VBLDKWL9RVK5G,121,2,1,2,206816,Pending
4931,2019-03-30 21:16:21,WF0TYJ0WWW4CA1HYT,100,2,5,1,518765,Pending
772,2019-03-30 23:27:59,5JKVLR98TL9SFCRL7,36,3,7,1,235405,Pending
3045,2019-03-31 01:26:35,K884DGY9BM92G4VW3,16,3,2,2,16982,Pending
561,2019-03-31 02:06:05,4BE80NA8N0YC45ANC,205,3,5,1,176704,Pending
2600,2019-04-01 04:58:05,G4C8K6E18FRZ2ADLD,56,3,2,2,180673,Pending
3784,2019-04-01 16:36:39,NPY3J9UAN0S2MVLJA,132,3,6,3,226311,Reviewed
944,2019-04-02 05:32:32,6FWFV3EEGFV5B9TMU,11,4,2,2,516924,Pending
4988,2019-04-02 10:57:37,WPSK2DJTXEDBCZ9NZ,72,3,3,3,103799,Reviewed
4986,2019-04-03 15:45:05,WPSK2DJTXEDBCZ9NZ,72,3,7,1,104027,Reviewed
5217,2019-04-03 23:13:47,XX5FKNKMWSZDC1AW9,22,1,2,2,75758,Reviewed
3370,2019-04-03 23:43:05,LK8AGU7D20HXZ9GEC,12,4,2,2,120478,Reviewed
3010,2019-04-06 11:59:27,K5ADFWER3J0T35MCE,176,2,2,2,172929,Pending
4753,2019-04-06 12:41:29,VJV8M2T01S1MEVG69,194,1,4,2,193664,Pending
4664,2019-04-06 16:26:36,UUHTLMXA6UJ4LPT14,11,4,2,2,438188,Pending
560,2019-04-06 17:37:25,4BE80NA8N0YC45ANC,205,3,2,2,177604,Reviewed
1483,2019-04-07 05:33:18,9921V3E7AUXZAM2N1,68,3,4,2,80085,Pending
2917,2019-04-07 11:21:17,JSZ4PDTY4NYXKDC9Y,147,3,5,1,124772,Pending
663,2019-04-07 13:11:30,5012L6TPBNRT4SU46,3,4,1,2,14287,Reviewed
229,2019-04-08 05:14:11,20V9JUZFJJEFKK2M8,109,3,4,2,26514,Pending
4975,2019-04-08 07:39:22,WNYNRTW8DKMV6W4RL,10,3,2,2,60614,Pending
1482,2019-04-08 11:14:47,9921V3E7AUXZAM2N1,68,3,4,2,83049,Pending
3508,2019-04-08 18:17:47,MF9RML9LN2R0XVH27,184,2,5,1,35283,Pending
1655,2019-04-09 12:30:29,AUSZZW48DHA6V7HC4,16,3,2,2,25300,Pending
4990,2019-04-10 00:42:15,WPSK2DJTXEDBCZ9NZ,72,3,4,2,104619,Pending
766,2019-04-10 11:53:30,5JKVLR98TL9SFCRL7,36,3,4,2,232663,Pending
3507,2019-04-12 20:40:32,MF9RML9LN2R0XVH27,184,2,5,1,36382,Pending
3785,2019-04-13 08:27:46,NPY3J9UAN0S2MVLJA,132,3,1,2,225285,Pending
700,2019-04-13 12:58:40,52971462H3HGJ12ZE,24,3,2,2,17085,Pending
1200,2019-04-13 17:00:41,7H6ZVJ7ZKUYF5AGE4,183,4,4,2,213610,Pending
5066,2019-04-14 02:39:47,X7XWZ9TMJS312PW68,133,2,8,2,238878,Pending
3006,2019-04-14 07:48:52,K5ADFWER3J0T35MCE,176,2,6,3,173599,Reviewed
4271,2019-04-14 17:32:01,SMLVFX45EUJ6CCATB,60,1,1,2,272219,Pending
1199,2019-04-15 00:20:05,7H6ZVJ7ZKUYF5AGE4,183,4,4,2,212313,Pending
5064,2019-04-16 08:53:40,X7XWZ9TMJS312PW68,133,2,5,1,237696,Pending
96,2019-04-17 07:01:32,0RFE8E5VNL0VXYPL4,101,3,1,2,290825,Pending
4829,2019-04-17 16:40:58,W0B1PHH5BTK31LWZL,201,2,2,2,197276,Reviewed
2101,2019-04-18 15:38:06,DE20VBLDKWL9RVK5G,121,2,6,3,210764,Pending
767,2019-04-19 14:03:49,5JKVLR98TL9SFCRL7,36,3,2,2,235728,Pending
949,2019-04-21 13:56:34,6FWFV3EEGFV5B9TMU,11,4,2,2,520846,Pending
4272,2019-04-21 20:59:41,SMLVFX45EUJ6CCATB,60,1,3,3,275433,Pending
304,2019-04-22 13:21:58,2KDHWLH87J0C58CV5,139,4,2,2,196645,Pending
4275,2019-04-22 21:55:36,SMLVFX45EUJ6CCATB,60,1,4,2,272059,Pending
1757,2019-04-23 02:04:40,BH4P6S1WTYPWCYEK5,187,4,5,1,115655,Pending
3009,2019-04-23 04:56:07,K5ADFWER3J0T35MCE,176,2,8,2,171937,Reviewed
2346,2019-04-23 21:01:22,ETAM4BE52T8V80E1R,11,1,2,2,444016,Pending
2598,2019-04-24 06:43:55,G4C8K6E18FRZ2ADLD,56,3,1,2,182819,Pending
2344,2019-04-25 09:11:42,ETAM4BE52T8V80E1R,11,1,2,2,443985,Reviewed
355,2019-04-25 19:55:30,2TL80Y4DE7NRXGPCP,195,1,4,2,207694,Pending
3612,2019-04-26 08:00:11,MYLWZ4RLE3FJS92BM,189,4,5,1,117726,Pending
5310,2019-04-27 02:00:46,YRKXRG5K3Z77079WX,161,2,5,1,512648,Pending
1253,2019-04-27 15:45:05,7V2NUMJTTD9S47NPV,96,1,2,2,113249,Pending
3988,2019-04-27 17:22:51,R349CYB09UXN7N2ZB,112,1,1,2,111262,Pending
3563,2019-04-28 08:30:44,MVMZJ124GWE50UJ2K,164,3,2,2,77681,Pending
2577,2019-04-28 18:39:46,G2VD58M3S6Y2P82TJ,109,3,2,2,136171,Reviewed
3422,2019-04-29 12:33:31,LMS15FBT5XWU4F3E3,205,3,4,2,252789,Pending
667,2019-04-29 14:28:28,5012L6TPBNRT4SU46,3,4,2,2,15556,Reviewed
1564,2019-05-01 04:39:21,A7YFH0MD13VPYNW1Z,112,1,1,2,57185,Reviewed
1166,2019-05-02 10:54:11,7DLAS0SXJYLBXR896,11,1,2,2,485662,Reviewed
4804,2019-05-03 09:47:20,VTVUSVFBJWNZ2KCWE,194,1,2,2,405225,Reviewed
2529,2019-05-04 12:31:34,FUU1HAAKZUU4JMK70,114,2,1,2,281650,Pending
769,2019-05-04 15:33:08,5JKVLR98TL9SFCRL7,36,3,6,3,236291,Pending
3509,2019-05-04 16:23:39,MF9RML9LN2R0XVH27,184,2,3,3,38421,Pending
5119,2019-05-05 02:25:51,XJM3C8SJ0K4C9YBPN,174,3,1,2,242665,Reviewed
559,2019-05-05 06:01:23,4BE80NA8N0YC45ANC,205,3,5,1,175953,Reviewed
3590,2019-05-05 18:17:28,MXLMA6GMDTCTFETFY,147,4,4,2,108371,Reviewed
5121,2019-05-06 23:22:57,XJM3C8SJ0K4C9YBPN,174,3,2,2,246250,Pending
3613,2019-05-07 14:17:24,MYLWZ4RLE3FJS92BM,189,4,2,2,116448,Pending
602,2019-05-07 17:24:19,4M55H0PLNNUYSGN74,64,4,1,2,284218,Pending
1531,2019-05-07 23:55:31,9R976K55DMCYYBX01,8,3,4,2,502911,Pending
4840,2019-05-08 05:38:34,W1LVYBJ9VV3BL8AMK,127,2,2,2,279100,Pending
3753,2019-05-08 13:34:34,NKFGB7W81LKY2U9YK,99,1,3,3,83746,Reviewed
1762,2019-05-08 15:55:44,BH4P6S1WTYPWCYEK5,187,4,6,3,112896,Pending
2347,2019-05-08 23:58:16,ETAM4BE52T8V80E1R,11,1,2,2,439314,Pending
3445,2019-05-09 13:03:06,M1X3C20A1CW7MZZCJ,164,3,6,3,57013,Reviewed
3007,2019-05-09 18:05:31,K5ADFWER3J0T35MCE,176,2,2,2,171376,Pending
2102,2019-05-09 20:45:31,DE20VBLDKWL9RVK5G,121,2,1,2,209478,Pending
1725,2019-05-09 21:20:46,BBU883LKMFU6TW977,71,3,2,2,168487,Reviewed
4989,2019-05-10 11:35:44,WPSK2DJTXEDBCZ9NZ,72,3,4,2,105353,Pending
1625,2019-05-10 14:06:59,AR5JRH7876PB91TRP,99,1,5,1,155557,Reviewed
307,2019-05-11 13:16:10,2KDHWLH87J0C58CV5,139,4,5,1,199045,Pending
1198,2019-05-11 21:51:16,7H6ZVJ7ZKUYF5AGE4,183,4,4,2,215789,Pending
465,2019-05-12 07:28:12,3T1VPKRK7ZUXNYEUG,99,1,5,1,642333,Pending
4876,2019-05-13 11:02:44,W4BJ4BSSS87HZNJUR,131,2,1,2,83341,Pending
3614,2019-05-15 01:01:02,MYLWZ4RLE3FJS92BM,189,4,4,2,118765,Reviewed
2574,2019-05-15 02:30:14,G2VD58M3S6Y2P82TJ,109,3,8,2,138680,Pending
3003,2019-05-15 14:32:02,K5ADFWER3J0T35MCE,176,2,1,2,171526,Pending
2100,2019-05-15 15:13:54,DE20VBLDKWL9RVK5G,121,2,7,1,212290,Pending
4565,2019-05-16 20:44:31,TZZUEAG4ARUM9Y798,56,3,8,2,48546,Pending
4724,2019-05-17 01:33:44,VECRMWSXRSP3LNFHY,100,2,2,2,196778,Reviewed
306,2019-05-17 10:03:35,2KDHWLH87J0C58CV5,139,4,5,1,197307,Pending
5397,2019-05-18 14:37:59,ZDAWDDGS4RBEP944V,71,2,2,2,221405,Pending
1566,2019-05-18 21:15:46,A7YFH0MD13VPYNW1Z,112,1,4,2,55359,Reviewed
4570,2019-05-20 09:08:40,TZZUEAG4ARUM9Y798,56,3,1,2,51261,Pending
308,2019-05-20 23:05:11,2KDHWLH87J0C58CV5,139,4,4,2,196365,Reviewed
3005,2019-05-21 03:53:39,K5ADFWER3J0T35MCE,176,2,2,2,170095,Pending
4564,2019-05-21 22:27:37,TZZUEAG4ARUM9Y798,56,3,4,2,51729,Reviewed
2250,2019-05-21 23:06:02,EKHNMK8FXSRK1ZEKN,72,3,1,2,83355,Pending
3754,2019-05-22 01:08:30,NKFGB7W81LKY2U9YK,99,1,3,3,83530,Pending
3504,2019-05-22 14:15:05,MF9RML9LN2R0XVH27,184,2,8,2,35255,Reviewed
1478,2019-05-23 09:05:52,9921V3E7AUXZAM2N1,164,3,2,2,79075,Reviewed
2720,2019-05-23 12:48:46,GT3ZFK8GX9C5HJKV3,67,1,2,2,165599,Pending
1202,2019-05-24 07:25:23,7H6ZVJ7ZKUYF5AGE4,183,4,3,3,214938,Pending
3760,2019-05-24 21:40:34,NKFGB7W81LKY2U9YK,179,1,4,2,81239,Reviewed
305,2019-05-24 22:20:01,2KDHWLH87J0C58CV5,139,4,2,2,197797,Reviewed
1201,2019-05-24 23:42:30,7H6ZVJ7ZKUYF5AGE4,183,4,2,2,216621,Pending
1653,2019-05-25 02:41:46,AUSZZW48DHA6V7HC4,16,3,2,2,22062,Pending
768,2019-05-25 11:37:37,5JKVLR98TL9SFCRL7,36,3,4,2,236735,Pending
2167,2019-05-26 17:37:47,E6A9HL2847TVVDSFJ,95,2,1,2,440327,Pending
3990,2019-05-27 13:12:58,R349CYB09UXN7N2ZB,112,1,1,2,110598,Pending
2999,2019-05-28 01:50:44,K5ADFWER3J0T35MCE,57,2,4,2,173435,Pending
4269,2019-05-28 09:03:12,SMLVFX45EUJ6CCATB,60,1,2,2,273241,Pending
3008,2019-05-29 11:03:03,K5ADFWER3J0T35MCE,176,2,1,2,172722,Pending
228,2019-05-29 21:22:29,20V9JUZFJJEFKK2M8,109,3,4,2,27269,Reviewed
2770,2019-05-31 00:08:43,H3TP29W59B1W2CCPF,99,1,1,2,300936,Reviewed
3657,2019-06-01 02:06:59,N58WACU49LNZ3UWHP,152,1,1,2,311158,Pending
2127,2019-06-01 10:41:52,DX6MM7HDAP13UB35J,196,2,3,3,210635,Pending
2601,2019-06-02 20:31:55,G4C8K6E18FRZ2ADLD,56,3,6,3,179132,Pending
1568,2019-06-03 14:52:10,A7YFH0MD13VPYNW1Z,112,1,7,1,57362,Pending
1479,2019-06-06 06:12:19,9921V3E7AUXZAM2N1,164,3,7,1,84669,Pending
3987,2019-06-06 10:28:07,R349CYB09UXN7N2ZB,112,1,1,2,112459,Pending
3510,2019-06-07 14:20:42,MF9RML9LN2R0XVH27,184,2,1,2,33464,Pending
2105,2019-06-08 02:18:15,DE20VBLDKWL9RVK5G,95,2,2,2,210867,Reviewed
1565,2019-06-08 06:29:12,A7YFH0MD13VPYNW1Z,112,1,2,2,59930,Pending
835,2019-06-08 09:23:00,5Z9HK12L1WCR7PSUN,71,2,6,3,581358,Reviewed
5216,2019-06-08 11:29:12,XX5FKNKMWSZDC1AW9,22,1,1,2,73254,Pending
2572,2019-06-10 11:56:14,G2VD58M3S6Y2P82TJ,109,3,1,2,136079,Pending
4979,2019-06-10 15:31:49,WNYNRTW8DKMV6W4RL,10,3,8,2,59167,Pending
2164,2019-06-10 16:25:51,E6A9HL2847TVVDSFJ,95,2,7,1,438068,Reviewed
557,2019-06-10 20:36:07,4BE80NA8N0YC45ANC,63,3,5,1,178996,Pending
2721,2019-06-11 05:26:32,GT3ZFK8GX9C5HJKV3,67,1,4,2,165055,Pending
3505,2019-06-12 02:18:38,MF9RML9LN2R0XVH27,184,2,1,2,36859,Pending
79,2019-06-12 14:54:14,0MRWHNDG5TPEDSXB2,143,3,5,1,66359,Pending
2099,2019-06-12 15:00:23,DE20VBLDKWL9RVK5G,121,2,4,2,206970,Pending
2575,2019-06-12 17:59:15,G2VD58M3S6Y2P82TJ,109,3,3,3,138424,Pending
3421,2019-06-13 01:33:24,LMS15FBT5XWU4F3E3,205,3,5,1,254280,Pending
1403,2019-06-13 07:42:59,8Z7TG15GGJXFD7ZYX,205,3,1,2,190836,Pending
1629,2019-06-13 16:39:50,AR5JRH7876PB91TRP,99,1,4,2,154389,Pending
4827,2019-06-13 19:57:46,W0B1PHH5BTK31LWZL,201,2,1,2,197204,Reviewed
2098,2019-06-13 21:30:37,DE20VBLDKWL9RVK5G,121,2,5,1,208104,Pending
5227,2019-06-14 05:31:46,XYJJ3JWSZHZ2UZ9LA,114,2,2,2,5472,Pending
3591,2019-06-14 09:44:41,MXLMA6GMDTCTFETFY,147,4,2,2,112176,Pending
3522,2019-06-15 07:53:37,MHZSFZ762ZY8NH8SS,133,2,2,2,17893,Pending
4838,2019-06-15 09:02:41,W1LVYBJ9VV3BL8AMK,127,2,8,2,279789,Reviewed
3002,2019-06-15 12:37:35,K5ADFWER3J0T35MCE,57,2,2,2,170864,Pending
4567,2019-06-16 03:37:21,TZZUEAG4ARUM9Y798,56,3,2,2,51389,Pending
946,2019-06-16 05:27:46,6FWFV3EEGFV5B9TMU,11,4,2,2,522068,Pending
3671,2019-06-16 05:58:16,N6W5ETCNAH89Z1EFV,119,3,3,3,139723,Pending
4987,2019-06-17 01:30:02,WPSK2DJTXEDBCZ9NZ,72,3,5,1,104996,Pending
2314,2019-06-17 05:56:57,ER768UZ8R20UCMP2R,114,2,8,2,203617,Reviewed
2190,2019-06-17 18:31:01,E8T3BB9S4Y1W4DY7V,62,3,7,1,31659,Pending
3004,2019-06-23 15:42:14,K5ADFWER3J0T35MCE,176,2,1,2,170462,Reviewed
4875,2019-06-26 00:00:47,W4BJ4BSSS87HZNJUR,131,2,2,2,78830,Reviewed
2492,2019-06-26 07:12:39,FKW0U8VEY3BC3EMPS,137,2,6,3,16125,Pending
2171,2019-06-27 16:32:41,E6A9HL2847TVVDSFJ,95,2,7,1,440602,Pending
1204,2019-06-29 04:46:25,7H6ZVJ7ZKUYF5AGE4,183,4,7,1,213859,Pending
2573,2019-06-29 08:35:24,G2VD58M3S6Y2P82TJ,109,3,5,1,137448,Pending
3506,2019-07-02 18:49:43,MF9RML9LN2R0XVH27,184,2,2,2,36720,Pending
5393,2019-07-03 05:58:34,ZDAWDDGS4RBEP944V,71,2,8,2,222027,Pending
2299,2019-07-03 21:39:42,EP0624VMNXDRSU83F,207,2,5,1,261742,Reviewed
2582,2019-07-03 22:57:17,G2VD58M3S6Y2P82TJ,181,3,3,3,133644,Reviewed
4151,2019-07-05 01:01:08,S0K9M5TM0NCYM0M02,130,1,2,2,650609,Pending
4309,2019-07-05 02:15:08,SNVFRKYZX076DC4CA,132,3,5,1,103615,Reviewed
2061,2019-07-05 17:48:30,D6ERZ18P1FPDTP8BN,57,2,1,2,307853,Pending
190,2019-07-05 19:21:41,1T2PFGBAYZSMPGBJ0,68,3,1,2,51852,Pending
1481,2019-07-06 07:24:41,9921V3E7AUXZAM2N1,164,3,7,1,82661,Pending
2104,2019-07-06 23:27:44,DE20VBLDKWL9RVK5G,121,2,2,2,208022,Pending
4976,2019-07-07 05:03:15,WNYNRTW8DKMV6W4RL,10,3,1,2,56348,Pending
1350,2019-07-07 08:19:46,8FVAU274THG83J1NR,69,1,5,1,150845,Reviewed
5062,2019-07-07 21:22:22,X7XWZ9TMJS312PW68,133,2,4,2,238920,Pending
5225,2019-07-08 14:08:41,XYJJ3JWSZHZ2UZ9LA,114,2,2,2,4671,Reviewed
4310,2019-07-08 21:22:45,SNVFRKYZX076DC4CA,132,3,2,2,107332,Pending
3763,2019-07-10 08:07:57,NKFGB7W81LKY2U9YK,179,1,1,2,83904,Pending
770,2019-07-12 08:01:24,5JKVLR98TL9SFCRL7,36,3,6,3,236153,Pending
1656,2019-07-12 13:25:08,AUSZZW48DHA6V7HC4,150,3,5,1,24290,Reviewed
1567,2019-07-15 23:56:43,A7YFH0MD13VPYNW1Z,112,1,3,3,57050,Reviewed
1632,2019-07-16 08:19:18,AR5JRH7876PB91TRP,99,1,1,2,158336,Pending
1035,2019-07-16 11:31:56,6UJBGZJS8CYY7MDK6,36,3,2,2,69397,Pending
3044,2019-07-16 19:19:10,K884DGY9BM92G4VW3,16,3,3,3,15606,Pending
3992,2019-07-17 12:05:50,R349CYB09UXN7N2ZB,112,1,5,1,111790,Pending
2576,2019-07-17 12:17:37,G2VD58M3S6Y2P82TJ,109,3,2,2,134676,Pending
1631,2019-07-17 13:53:11,AR5JRH7876PB91TRP,99,1,7,1,159663,Pending
4152,2019-07-17 19:32:36,S0K9M5TM0NCYM0M02,130,1,2,2,652753,Pending
3762,2019-07-17 23:22:31,NKFGB7W81LKY2U9YK,179,1,6,3,83373,Reviewed
2602,2019-07-18 11:30:53,G4C8K6E18FRZ2ADLD,56,3,7,1,182487,Pending
5065,2019-07-19 01:13:57,X7XWZ9TMJS312PW68,133,2,2,2,238928,Reviewed
1088,2019-07-19 17:31:03,6YLK8XSV1YDMHY7JB,183,4,2,2,204519,Reviewed
3511,2019-07-20 08:33:48,MF9RML9LN2R0XVH27,184,2,1,2,34576,Pending
4877,2019-07-21 06:20:24,W4BJ4BSSS87HZNJUR,131,2,4,2,78344,Pending
1626,2019-07-21 17:43:49,AR5JRH7876PB91TRP,99,1,2,2,158002,Pending
3880,2019-07-22 01:14:55,PBN49WCZSYPNBNPJD,184,2,4,2,206038,Pending
3303,2019-07-22 05:15:22,LDTFS4MVDKHRV2XZV,183,4,5,1,250682,Reviewed
603,2019-07-22 07:05:38,4M55H0PLNNUYSGN74,64,4,5,1,284271,Pending
3366,2019-07-23 15:33:16,LK8AGU7D20HXZ9GEC,12,4,2,2,117211,Pending
2579,2019-07-25 22:21:43,G2VD58M3S6Y2P82TJ,181,3,2,2,138340,Pending
2301,2019-07-26 02:33:30,EP0624VMNXDRSU83F,207,2,2,2,266520,Pending
4839,2019-07-26 12:15:12,W1LVYBJ9VV3BL8AMK,127,2,1,2,280891,Reviewed
1033,2019-07-28 22:03:48,6UJBGZJS8CYY7MDK6,36,3,3,3,67177,Pending
5122,2019-07-29 03:07:30,XJM3C8SJ0K4C9YBPN,174,3,5,1,245979,Pending
1091,2019-07-29 11:56:33,6YLK8XSV1YDMHY7JB,183,4,3,3,207153,Pending
3759,2019-08-02 20:08:38,NKFGB7W81LKY2U9YK,179,1,2,2,81727,Reviewed
3879,2019-08-02 22:11:07,PBN49WCZSYPNBNPJD,184,2,5,1,202440,Pending
282,2019-08-02 23:49:00,2821M0XNBNPJS7M0A,121,1,1,2,10583,Pending
283,2019-08-03 11:21:57,2821M0XNBNPJS7M0A,121,1,1,2,8105,Pending
3604,2019-08-04 07:19:45,MYLWZ4RLE3FJS92BM,98,4,3,3,116218,Pending
665,2019-08-04 19:17:54,5012L6TPBNRT4SU46,3,4,4,2,13990,Reviewed
3758,2019-08-05 13:10:19,NKFGB7W81LKY2U9YK,179,1,4,2,78929,Pending
1089,2019-08-05 14:45:41,6YLK8XSV1YDMHY7JB,183,4,2,2,207628,Pending
1630,2019-08-06 08:43:05,AR5JRH7876PB91TRP,99,1,2,2,154028,Pending
2578,2019-08-06 19:31:01,G2VD58M3S6Y2P82TJ,181,3,1,2,138786,Pending
1348,2019-08-07 04:26:37,8FVAU274THG83J1NR,69,1,8,2,145877,Pending
4347,2019-08-07 06:28:28,SZX3C2SKBGB7U9UJ1,49,4,5,1,441393,Pending
2191,2019-08-07 12:13:09,E8T3BB9S4Y1W4DY7V,62,3,2,2,29621,Pending
2491,2019-08-07 13:26:10,FKW0U8VEY3BC3EMPS,137,2,2,2,15524,Pending
1218,2019-08-07 22:39:21,7HTJ9YS6R6HK18NJF,23,3,6,3,48100,Reviewed
1909,2019-08-08 13:11:18,CW5PJ0UP7D836KVC9,109,3,5,1,203862,Pending
3524,2019-08-08 18:14:38,MHZSFZ762ZY8NH8SS,133,2,5,1,12962,Pending
5396,2019-08-09 23:18:43,ZDAWDDGS4RBEP944V,71,2,4,2,221155,Pending
3765,2019-08-11 10:03:23,NKFGB7W81LKY2U9YK,179,1,2,2,81480,Pending
4571,2019-08-12 16:56:17,TZZUEAG4ARUM9Y798,86,3,1,2,53262,Pending
284,2019-08-14 18:44:28,2821M0XNBNPJS7M0A,121,1,4,2,9900,Pending
5394,2019-08-15 04:31:36,ZDAWDDGS4RBEP944V,71,2,8,2,222612,Reviewed
902,2019-08-16 18:01:31,6C9145WVVRLVYV3ZE,61,1,3,3,176017,Pending
1659,2019-08-16 20:33:55,AUSZZW48DHA6V7HC4,150,3,1,2,23436,Pending
2493,2019-08-18 08:10:42,FKW0U8VEY3BC3EMPS,137,2,5,1,20951,Reviewed
1407,2019-08-19 05:34:36,8Z7TG15GGJXFD7ZYX,205,3,1,2,192349,Pending
5312,2019-08-20 23:27:02,YRKXRG5K3Z77079WX,161,2,2,2,511207,Pending
2581,2019-08-21 03:11:51,G2VD58M3S6Y2P82TJ,181,3,2,2,138182,Pending
1888,2019-08-21 08:13:50,CJRZUC19ZGNY4WPF9,34,1,3,3,352733,Reviewed
4312,2019-08-21 08:21:48,SNVFRKYZX076DC4CA,132,3,6,3,103511,Pending
82,2019-08-22 20:18:46,0MRWHNDG5TPEDSXB2,143,3,1,2,68886,Pending
2246,2019-08-24 13:57:09,EKHNMK8FXSRK1ZEKN,72,3,4,2,85293,Reviewed
2583,2019-08-25 13:34:59,G2VD58M3S6Y2P82TJ,181,3,2,2,137816,Pending
1627,2019-08-26 09:34:57,AR5JRH7876PB91TRP,99,1,3,3,158405,Pending
4359,2019-08-26 13:52:55,T12D3MTMVYJS4KMUY,98,4,7,1,227461,Reviewed
1696,2019-08-27 22:40:07,B52HHHGYT58ZSEF3H,10,3,1,2,62239,Pending
2537,2019-08-28 09:51:30,FV8HPGYRAXGWN0G13,48,1,1,2,91171,Pending
599,2019-08-28 12:18:22,4M55H0PLNNUYSGN74,64,4,5,1,284501,Pending
3571,2019-08-28 13:45:25,MVMZJ124GWE50UJ2K,10,3,2,2,78819,Pending
4150,2019-08-30 18:21:10,S0K9M5TM0NCYM0M02,130,1,2,2,651518,Pending
1647,2019-08-31 14:47:59,ASMSF2WED33LY3UPP,61,1,1,2,226395,Pending
5447,2019-09-01 16:50:26,ZPUXF7NEDHNV32DHX,63,3,2,2,88826,Pending
4568,2019-09-01 23:23:03,TZZUEAG4ARUM9Y798,56,3,2,2,50540,Pending
2538,2019-09-03 08:11:00,FV8HPGYRAXGWN0G13,48,1,3,3,91072,Reviewed
1884,2019-09-03 10:57:19,CJRZUC19ZGNY4WPF9,34,1,4,2,349381,Pending
4569,2019-09-03 12:58:31,TZZUEAG4ARUM9Y798,56,3,7,1,51429,Reviewed
688,2019-09-04 04:22:19,50R7S2M364WRJ27CW,51,2,2,2,27630,Pending
4649,2019-09-04 12:56:19,UTHT8XMLXXWUMNZEV,189,4,7,1,19376,Reviewed
439,2019-09-06 00:16:08,3F4ZW6WK1WCB2M3P5,58,1,1,2,407500,Pending
3570,2019-09-06 07:13:50,MVMZJ124GWE50UJ2K,10,3,1,2,79856,Pending
1628,2019-09-06 13:48:29,AR5JRH7876PB91TRP,99,1,1,2,156065,Pending
3877,2019-09-06 18:18:29,PBN49WCZSYPNBNPJD,184,2,8,2,205705,Pending
4351,2019-09-09 01:03:09,SZX3C2SKBGB7U9UJ1,49,4,5,1,441626,Pending
1405,2019-09-09 12:49:32,8Z7TG15GGJXFD7ZYX,205,3,4,2,191250,Reviewed
689,2019-09-09 20:45:36,50R7S2M364WRJ27CW,51,2,8,2,26038,Reviewed
2599,2019-09-12 13:24:59,G4C8K6E18FRZ2ADLD,56,3,7,1,180522,Reviewed
1915,2019-09-12 21:53:19,CW5PJ0UP7D836KVC9,109,3,7,1,204117,Pending
3376,2019-09-12 22:13:47,LK8AGU7D20HXZ9GEC,219,4,2,2,119182,Reviewed
1889,2019-09-13 04:49:04,CJRZUC19ZGNY4WPF9,34,1,7,1,349013,Pending
2311,2019-09-14 22:31:26,ER768UZ8R20UCMP2R,114,2,1,2,207167,Pending
3764,2019-09-15 16:20:06,NKFGB7W81LKY2U9YK,179,1,6,3,81655,Reviewed
187,2019-09-15 19:16:03,1T2PFGBAYZSMPGBJ0,68,3,6,3,51710,Reviewed
691,2019-09-17 11:25:56,50R7S2M364WRJ27CW,51,2,3,3,27630,Reviewed
1217,2019-09-17 16:49:53,7HTJ9YS6R6HK18NJF,23,3,1,2,48430,Reviewed
1090,2019-09-18 18:34:27,6YLK8XSV1YDMHY7JB,183,4,2,2,205845,Reviewed
722,2019-09-19 03:34:28,5C5D3G1Z5XRX233VU,59,3,5,1,150889,Pending
690,2019-09-19 09:40:03,50R7S2M364WRJ27CW,51,2,6,3,22847,Reviewed
4311,2019-09-20 05:10:39,SNVFRKYZX076DC4CA,132,3,2,2,106652,Pending
3603,2019-09-20 20:49:16,MYLWZ4RLE3FJS92BM,98,4,2,2,118943,Pending
2597,2019-09-21 17:41:29,G4C8K6E18FRZ2ADLD,56,3,2,2,182535,Pending
4308,2019-09-22 19:29:02,SNVFRKYZX076DC4CA,132,3,5,1,108107,Pending
1645,2019-09-23 21:07:07,ASMSF2WED33LY3UPP,61,1,6,3,224064,Pending
2109,2019-09-23 21:50:36,DE20VBLDKWL9RVK5G,95,2,4,2,210689,Pending
4824,2019-09-23 22:46:42,W0B1PHH5BTK31LWZL,201,2,8,2,196533,Reviewed
5301,2019-09-24 06:32:56,YPHS3R5RDTYDPVACW,119,3,3,3,255882,Reviewed
4828,2019-09-25 11:08:00,W0B1PHH5BTK31LWZL,201,2,1,2,194763,Reviewed
1032,2019-09-26 21:55:49,6UJBGZJS8CYY7MDK6,36,3,2,2,69723,Pending
5297,2019-09-27 01:30:36,YPHS3R5RDTYDPVACW,119,3,6,3,251877,Pending
1912,2019-09-27 11:57:54,CW5PJ0UP7D836KVC9,109,3,1,2,203658,Reviewed
2107,2019-09-28 12:30:32,DE20VBLDKWL9RVK5G,95,2,7,1,211606,Reviewed
3048,2019-09-28 20:11:00,K884DGY9BM92G4VW3,16,3,1,2,16653,Pending
837,2019-10-01 12:30:28,5Z9HK12L1WCR7PSUN,71,2,4,2,581744,Pending
3579,2019-10-01 13:46:01,MXD776WFUWZEZK3MD,118,4,2,2,248494,Pending
1908,2019-10-01 15:13:08,CW5PJ0UP7D836KVC9,109,3,3,3,205114,Pending
3572,2019-10-02 07:44:39,MVMZJ124GWE50UJ2K,10,3,4,2,77449,Pending
4572,2019-10-03 15:15:32,TZZUEAG4ARUM9Y798,86,3,4,2,49726,Pending
3049,2019-10-05 04:06:59,K884DGY9BM92G4VW3,16,3,4,2,14846,Pending
4880,2019-10-07 01:52:14,W4BJ4BSSS87HZNJUR,206,2,2,2,80594,Pending
464,2019-10-07 09:01:23,3T1VPKRK7ZUXNYEUG,99,1,7,1,644285,Pending
2366,2019-10-09 02:18:37,EWET6EF7UP8Y5148H,148,2,7,1,326161,Pending
2068,2019-10-10 12:59:23,D6ERZ18P1FPDTP8BN,161,2,7,1,311240,Pending
1271,2019-10-10 16:25:35,7XESAC9E3RSK2HN20,8,3,2,2,179932,Pending
1951,2019-10-12 09:28:49,D0EMGK414VYH9A2F7,139,4,1,2,393498,Reviewed
2368,2019-10-13 02:25:19,EWET6EF7UP8Y5148H,148,2,2,2,330439,Reviewed
1219,2019-10-13 03:49:38,7HTJ9YS6R6HK18NJF,23,3,3,3,47374,Pending
3300,2019-10-13 08:59:18,LDTFS4MVDKHRV2XZV,183,4,1,2,249222,Pending
4349,2019-10-16 20:01:33,SZX3C2SKBGB7U9UJ1,49,4,4,2,440381,Pending
727,2019-10-17 06:55:50,5C5D3G1Z5XRX233VU,59,3,2,2,151151,Reviewed
745,2019-10-17 21:49:41,5GTDV4YU0JNWC7GT6,115,1,3,3,120359,Reviewed
1404,2019-10-18 08:52:48,8Z7TG15GGJXFD7ZYX,205,3,6,3,192692,Pending
3669,2019-10-19 04:32:50,N6W5ETCNAH89Z1EFV,119,3,2,2,139683,Reviewed
356,2019-10-22 01:31:07,2TL80Y4DE7NRXGPCP,195,1,1,2,208657,Pending
463,2019-10-22 22:06:48,3T1VPKRK7ZUXNYEUG,99,1,1,2,639925,Reviewed
2584,2019-10-25 00:33:46,G2VD58M3S6Y2P82TJ,181,3,3,3,135481,Pending
1406,2019-10-25 09:20:12,8Z7TG15GGJXFD7ZYX,205,3,5,1,189711,Pending
3656,2019-10-25 16:05:31,N58WACU49LNZ3UWHP,152,1,2,2,310311,Pending
354,2019-10-26 21:56:54,2TL80Y4DE7NRXGPCP,195,1,1,2,209226,Pending
2132,2019-10-27 04:46:01,DX6MM7HDAP13UB35J,184,2,7,1,210228,Pending
604,2019-10-28 09:19:17,4M55H0PLNNUYSGN74,64,4,4,2,284024,Pending
3881,2019-10-31 09:52:00,PBN49WCZSYPNBNPJD,184,2,2,2,204572,Pending
5231,2019-10-31 14:07:08,XYJJ3JWSZHZ2UZ9LA,114,2,2,2,8803,Reviewed
3050,2019-10-31 17:38:06,K884DGY9BM92G4VW3,16,3,5,1,18671,Pending
5444,2019-11-01 10:43:35,ZPUXF7NEDHNV32DHX,63,3,5,1,87279,Pending
3586,2019-11-01 11:47:41,MXD776WFUWZEZK3MD,105,4,2,2,251759,Pending
4953,2019-11-02 14:25:38,WGDNEMANL8VHT0R8F,98,4,6,3,145940,Reviewed
4566,2019-11-04 21:06:52,TZZUEAG4ARUM9Y798,56,3,2,2,53338,Pending
1958,2019-11-05 11:15:48,D0EMGK414VYH9A2F7,139,4,3,3,391916,Pending
600,2019-11-05 14:54:02,4M55H0PLNNUYSGN74,64,4,4,2,282235,Pending
2129,2019-11-06 05:11:54,DX6MM7HDAP13UB35J,184,2,2,2,210698,Reviewed
3302,2019-11-07 09:23:16,LDTFS4MVDKHRV2XZV,183,4,2,2,252533,Pending
1646,2019-11-07 19:23:12,ASMSF2WED33LY3UPP,61,1,2,2,225969,Reviewed
438,2019-11-08 02:51:50,3F4ZW6WK1WCB2M3P5,58,1,4,2,403520,Reviewed
4573,2019-11-09 09:39:11,TZZUEAG4ARUM9Y798,86,3,3,3,52482,Pending
4574,2019-11-09 11:19:06,TZZUEAG4ARUM9Y798,86,3,3,3,52401,Reviewed
1583,2019-11-09 21:32:36,ABZ595CPJ0D2YUAS0,71,3,1,2,36521,Pending
3756,2019-11-10 16:13:52,NKFGB7W81LKY2U9YK,99,1,2,2,84481,Pending
4346,2019-11-12 08:51:00,SZX3C2SKBGB7U9UJ1,49,4,6,3,440837,Pending
5230,2019-11-12 19:34:52,XYJJ3JWSZHZ2UZ9LA,114,2,4,2,8391,Reviewed
4360,2019-11-13 02:08:10,T12D3MTMVYJS4KMUY,98,4,5,1,227323,Pending
3001,2019-11-13 10:30:41,K5ADFWER3J0T35MCE,57,2,5,1,174444,Reviewed
2702,2019-11-15 00:35:07,GSH124P57X4JKFZHH,161,2,3,3,346394,Pending
3882,2019-11-15 12:12:16,PBN49WCZSYPNBNPJD,184,2,1,2,206998,Pending
1273,2019-11-16 05:08:11,7XESAC9E3RSK2HN20,8,3,2,2,181283,Pending
3368,2019-11-16 15:18:50,LK8AGU7D20HXZ9GEC,12,4,7,1,122507,Pending
2555,2019-11-17 12:02:15,G0DRZG0NXG30T0S1W,35,3,2,2,79462,Pending
2106,2019-11-18 02:33:45,DE20VBLDKWL9RVK5G,95,2,5,1,206920,Pending
2557,2019-11-18 07:03:05,G0DRZG0NXG30T0S1W,35,3,2,2,74710,Pending
2554,2019-11-18 13:42:06,G0DRZG0NXG30T0S1W,35,3,2,2,78710,Pending
901,2019-11-18 16:19:48,6C9145WVVRLVYV3ZE,61,1,2,2,174472,Pending
2275,2019-11-19 15:47:16,EKYCSL051AS25P3NS,145,1,8,2,325105,Reviewed
3425,2019-11-21 17:21:52,LMS15FBT5XWU4F3E3,205,3,2,2,252242,Pending
2551,2019-11-22 13:19:43,G0DRZG0NXG30T0S1W,35,3,7,1,79564,Pending
903,2019-11-24 00:59:23,6C9145WVVRLVYV3ZE,61,1,3,3,177015,Reviewed
5229,2019-11-24 06:35:01,XYJJ3JWSZHZ2UZ9LA,114,2,7,1,8840,Pending
2278,2019-11-24 06:54:13,EKYCSL051AS25P3NS,145,1,6,3,328200,Pending
2259,2019-11-26 13:55:31,EKHNMK8FXSRK1ZEKN,209,3,5,1,85221,Pending
311,2019-11-26 14:41:08,2LM2CBGU94P0KFNPV,147,3,2,2,71340,Pending
3699,2019-11-27 12:41:53,NEMBTF9MZ455KSJAX,201,2,1,2,173043,Pending
2553,2019-11-27 17:52:44,G0DRZG0NXG30T0S1W,35,3,2,2,75578,Pending
3761,2019-11-28 03:01:20,NKFGB7W81LKY2U9YK,179,1,2,2,82770,Reviewed
1644,2019-11-28 07:13:46,ASMSF2WED33LY3UPP,61,1,1,2,223696,Pending
1347,2019-11-28 14:23:01,8FVAU274THG83J1NR,69,1,1,2,146206,Pending
2257,2019-11-30 20:43:29,EKHNMK8FXSRK1ZEKN,209,3,2,2,82266,Pending
726,2019-11-30 23:12:36,5C5D3G1Z5XRX233VU,59,3,4,2,150787,Pending
3700,2019-12-01 02:21:13,NEMBTF9MZ455KSJAX,201,2,2,2,169086,Pending
3660,2019-12-02 23:05:27,N58WACU49LNZ3UWHP,129,1,4,2,309409,Reviewed
5446,2019-12-03 14:30:25,ZPUXF7NEDHNV32DHX,63,3,2,2,90721,Pending
2703,2019-12-03 20:48:18,GSH124P57X4JKFZHH,161,2,2,2,344667,Pending
3755,2019-12-04 12:27:02,NKFGB7W81LKY2U9YK,99,1,5,1,80249,Pending
4313,2019-12-05 14:01:11,SNVFRKYZX076DC4CA,132,3,5,1,106712,Pending
3664,2019-12-05 18:10:38,N58WACU49LNZ3UWHP,129,1,4,2,308040,Reviewed
3523,2019-12-07 06:45:21,MHZSFZ762ZY8NH8SS,133,2,2,2,16709,Pending
314,2019-12-07 14:29:08,2LM2CBGU94P0KFNPV,147,3,6,3,72697,Reviewed
3661,2019-12-08 08:13:15,N58WACU49LNZ3UWHP,129,1,3,3,308155,Pending
2273,2019-12-10 06:49:29,EKYCSL051AS25P3NS,145,1,3,3,329031,Reviewed
2558,2019-12-10 12:26:31,G0DRZG0NXG30T0S1W,35,3,3,3,76906,Pending
2369,2019-12-11 08:10:57,EWET6EF7UP8Y5148H,20,2,6,3,329498,Pending
2580,2019-12-11 09:11:39,G2VD58M3S6Y2P82TJ,181,3,2,2,133649,Pending
720,2019-12-11 20:04:44,5C5D3G1Z5XRX233VU,59,3,4,2,145771,Pending
4058,2019-12-12 10:12:26,R9KZSM26HKPRAGCVA,119,3,1,2,26317,Pending
1642,2019-12-13 04:47:04,ASMSF2WED33LY3UPP,61,1,4,2,228441,Pending
3658,2019-12-15 14:08:55,N58WACU49LNZ3UWHP,129,1,1,2,308533,Pending
1031,2019-12-16 00:39:26,6UJBGZJS8CYY7MDK6,36,3,1,2,67934,Reviewed
2556,2019-12-16 01:57:12,G0DRZG0NXG30T0S1W,35,3,7,1,78596,Reviewed
3364,2019-12-16 11:25:03,LK8AGU7D20HXZ9GEC,12,4,4,2,121963,Pending
2255,2019-12-17 07:31:18,EKHNMK8FXSRK1ZEKN,209,3,1,2,85011,Pending
3663,2019-12-19 16:39:14,N58WACU49LNZ3UWHP,129,1,5,1,307465,Pending
4954,2019-12-20 06:30:10,WGDNEMANL8VHT0R8F,98,4,8,2,144012,Pending
5314,2019-12-20 10:33:20,YRKXRG5K3Z77079WX,161,2,2,2,515385,Pending
310,2019-12-20 19:18:31,2LM2CBGU94P0KFNPV,147,3,5,1,70595,Reviewed
1269,2019-12-21 16:43:20,7XESAC9E3RSK2HN20,8,3,6,3,180769,Reviewed
2552,2019-12-23 12:13:54,G0DRZG0NXG30T0S1W,35,3,4,2,78817,Pending
1528,2019-12-24 03:18:10,9R976K55DMCYYBX01,8,3,5,1,501940,Pending
5313,2019-12-24 06:42:47,YRKXRG5K3Z77079WX,161,2,8,2,511610,Pending
2508,2019-12-24 09:16:26,FR3BHAHHXH18L1GG9,32,2,5,1,48517,Pending
2375,2019-12-26 00:25:44,EWET6EF7UP8Y5148H,20,2,3,3,330003,Pending
5299,2019-12-26 16:26:22,YPHS3R5RDTYDPVACW,119,3,1,2,255289,Pending
948,2019-12-26 21:30:28,6FWFV3EEGFV5B9TMU,11,4,2,2,520382,Pending
4822,2019-12-27 06:36:07,W0B1PHH5BTK31LWZL,201,2,4,2,196657,Reviewed
633,2019-12-27 18:41:03,4VT3ZVRMANSZ1HV98,201,2,2,2,41261,Reviewed
1216,2019-12-28 05:01:52,7HTJ9YS6R6HK18NJF,23,3,2,2,47729,Pending
2130,2019-12-28 23:20:06,DX6MM7HDAP13UB35J,184,2,3,3,210285,Reviewed
4651,2019-12-29 03:51:36,UTHT8XMLXXWUMNZEV,118,4,7,1,21245,Pending
4155,2019-12-30 13:03:42,S0K9M5TM0NCYM0M02,130,1,1,2,654534,Pending
357,2019-12-31 01:29:04,2UHYC7VTWSV4F8CD3,74,4,2,2,351846,Pending
313,2020-01-01 09:28:19,2LM2CBGU94P0KFNPV,147,3,1,2,73167,Reviewed
2920,2020-01-01 11:30:20,JSZ4PDTY4NYXKDC9Y,147,3,3,3,128453,Pending
2282,2020-01-01 11:31:15,EKYCSL051AS25P3NS,173,1,6,3,327726,Pending
3580,2020-01-01 20:16:41,MXD776WFUWZEZK3MD,118,4,1,2,245983,Pending
1034,2020-01-01 23:13:21,6UJBGZJS8CYY7MDK6,36,3,3,3,70478,Pending
151,2020-01-02 00:24:25,1G3K3P4AJEAY2CS7E,143,3,4,2,75974,Pending
1807,2020-01-03 03:20:26,C2RPYSUEN3V8EZ731,209,3,4,2,34889,Pending
2254,2020-01-04 11:59:48,EKHNMK8FXSRK1ZEKN,209,3,1,2,84744,Pending
4814,2020-01-07 04:15:50,VVK13FSYRVDC63G3A,152,1,6,3,133910,Pending
630,2020-01-07 19:39:01,4VT3ZVRMANSZ1HV98,201,2,4,2,40191,Reviewed
4817,2020-01-07 20:03:42,VVK13FSYRVDC63G3A,152,1,2,2,138350,Pending
3525,2020-01-09 23:16:26,MHZSFZ762ZY8NH8SS,133,2,2,2,14130,Pending
85,2020-01-10 13:45:09,0MRWHNDG5TPEDSXB2,143,3,4,2,65761,Pending
4061,2020-01-11 22:28:42,R9KZSM26HKPRAGCVA,119,3,3,3,22178,Reviewed
1962,2020-01-12 00:18:55,D0YLTGNJ0M3618LDW,38,4,2,2,281163,Pending
2131,2020-01-12 04:59:09,DX6MM7HDAP13UB35J,184,2,4,2,212562,Reviewed
3883,2020-01-12 21:43:24,PBN49WCZSYPNBNPJD,184,2,7,1,205254,Pending
4655,2020-01-14 05:12:22,UTHT8XMLXXWUMNZEV,118,4,2,2,18046,Pending
1960,2020-01-15 21:34:41,D0YLTGNJ0M3618LDW,38,4,5,1,281569,Reviewed
2512,2020-01-16 07:07:14,FR3BHAHHXH18L1GG9,32,2,2,2,47738,Pending
4816,2020-01-16 21:55:19,VVK13FSYRVDC63G3A,152,1,8,2,135201,Pending
467,2020-01-17 09:22:15,3T1VPKRK7ZUXNYEUG,99,1,8,2,639871,Pending
3662,2020-01-17 09:30:36,N58WACU49LNZ3UWHP,129,1,4,2,309601,Reviewed
4461,2020-01-18 00:18:39,TG7S0HS0GECBWSZRH,45,1,8,2,121455,Reviewed
4952,2020-01-18 19:59:26,WGDNEMANL8VHT0R8F,98,4,7,1,142889,Pending
3373,2020-01-19 17:11:19,LK8AGU7D20HXZ9GEC,219,4,4,2,120769,Reviewed
5296,2020-01-20 15:52:31,YPHS3R5RDTYDPVACW,119,3,5,1,253311,Reviewed
1959,2020-01-20 20:30:34,D0YLTGNJ0M3618LDW,38,4,3,3,281183,Pending
2128,2020-01-20 20:45:46,DX6MM7HDAP13UB35J,196,2,1,2,212739,Reviewed
3770,2020-01-20 22:43:47,NMU4ZRT5TZBHSGHL0,74,2,2,2,154901,Pending
466,2020-01-22 12:51:54,3T1VPKRK7ZUXNYEUG,99,1,1,2,644064,Pending
309,2020-01-22 15:20:55,2LM2CBGU94P0KFNPV,147,3,6,3,70836,Pending
3782,2020-01-22 17:28:06,NPY3J9UAN0S2MVLJA,132,3,5,1,226660,Reviewed
1956,2020-01-23 07:58:20,D0EMGK414VYH9A2F7,139,4,2,2,392029,Pending
2515,2020-01-24 00:43:33,FR3BHAHHXH18L1GG9,32,2,4,2,46243,Pending
3892,2020-01-24 05:31:49,PKXNALE5W2UYG4760,186,1,1,2,114343,Pending
3578,2020-01-24 10:44:35,MXD776WFUWZEZK3MD,118,4,5,1,247877,Pending
1694,2020-01-24 18:39:00,B52HHHGYT58ZSEF3H,10,3,5,1,64058,Pending
2276,2020-01-24 22:56:35,EKYCSL051AS25P3NS,145,1,1,2,326415,Pending
1966,2020-01-25 13:00:52,D0YLTGNJ0M3618LDW,38,4,2,2,279509,Pending
699,2020-01-26 10:23:10,52971462H3HGJ12ZE,24,3,2,2,20658,Pending
1036,2020-01-26 10:43:18,6UJBGZJS8CYY7MDK6,36,3,1,2,69099,Pending
601,2020-01-27 12:45:44,4M55H0PLNNUYSGN74,64,4,2,2,286687,Pending
3780,2020-01-28 21:50:00,NPY3J9UAN0S2MVLJA,132,3,4,2,223122,Pending
3423,2020-01-29 00:15:07,LMS15FBT5XWU4F3E3,205,3,1,2,251427,Pending
742,2020-01-29 11:49:46,5GTDV4YU0JNWC7GT6,115,1,2,2,117994,Pending
3703,2020-01-30 17:14:48,NEMBTF9MZ455KSJAX,131,2,4,2,167174,Pending
4815,2020-01-31 07:09:04,VVK13FSYRVDC63G3A,152,1,8,2,137414,Pending
1965,2020-01-31 10:32:01,D0YLTGNJ0M3618LDW,38,4,7,1,284003,Pending
4818,2020-02-02 11:38:25,VVK13FSYRVDC63G3A,152,1,2,2,138038,Pending
2374,2020-02-02 13:13:56,EWET6EF7UP8Y5148H,20,2,2,2,329912,Pending
2365,2020-02-02 19:21:13,EWET6EF7UP8Y5148H,148,2,1,2,325859,Pending
3047,2020-02-04 22:08:54,K884DGY9BM92G4VW3,16,3,8,2,14587,Reviewed
3707,2020-02-05 06:04:56,NEMBTF9MZ455KSJAX,131,2,2,2,169184,Pending
1961,2020-02-05 07:42:58,D0YLTGNJ0M3618LDW,38,4,6,3,283711,Pending
836,2020-02-05 09:57:51,5Z9HK12L1WCR7PSUN,71,2,1,2,578865,Pending
148,2020-02-05 21:33:03,1G3K3P4AJEAY2CS7E,132,3,2,2,72990,Reviewed
1643,2020-02-06 01:02:57,ASMSF2WED33LY3UPP,61,1,3,3,226633,Pending
358,2020-02-06 03:23:44,2UHYC7VTWSV4F8CD3,74,4,8,2,356397,Reviewed
1964,2020-02-07 09:26:58,D0YLTGNJ0M3618LDW,38,4,1,2,283365,Pending
2364,2020-02-07 21:57:52,EWET6EF7UP8Y5148H,148,2,2,2,330425,Reviewed
3592,2020-02-08 13:25:36,MXLMA6GMDTCTFETFY,147,4,4,2,107942,Reviewed
4883,2020-02-09 22:22:40,W4BJ4BSSS87HZNJUR,206,2,4,2,82574,Pending
4348,2020-02-09 22:46:59,SZX3C2SKBGB7U9UJ1,49,4,3,3,440494,Pending
3963,2020-02-10 08:52:50,PZSBKK5CHJ3W3GDHE,163,1,2,2,267006,Pending
3659,2020-02-10 12:34:56,N58WACU49LNZ3UWHP,129,1,2,2,310987,Pending
1963,2020-02-10 20:13:11,D0YLTGNJ0M3618LDW,38,4,7,1,278948,Pending
2919,2020-02-12 20:15:37,JSZ4PDTY4NYXKDC9Y,147,3,3,3,125259,Reviewed
5445,2020-02-12 22:52:09,ZPUXF7NEDHNV32DHX,63,3,2,2,86750,Pending
1030,2020-02-13 06:12:19,6UJBGZJS8CYY7MDK6,36,3,3,3,66564,Reviewed
312,2020-02-15 08:05:35,2LM2CBGU94P0KFNPV,147,3,2,2,73361,Pending
1886,2020-02-16 08:39:52,CJRZUC19ZGNY4WPF9,34,1,2,2,350254,Reviewed
1887,2020-02-16 12:53:14,CJRZUC19ZGNY4WPF9,34,1,8,2,347652,Pending
5491,2020-02-17 16:35:02,ZYJZSBXVDG4C6UCHW,39,3,1,2,104892,Reviewed
3583,2020-02-18 02:30:19,MXD776WFUWZEZK3MD,105,4,6,3,247297,Reviewed
1774,2020-02-18 13:46:53,BJDD6VHUK60PNH4ZT,101,2,7,1,231848,Pending
950,2020-02-19 03:09:28,6FWFV3EEGFV5B9TMU,11,4,2,2,519732,Reviewed
1413,2020-02-19 06:28:26,920DFKALBMRJPZFFX,14,3,5,1,107443,Reviewed
3702,2020-02-20 14:27:52,NEMBTF9MZ455KSJAX,131,2,3,3,171123,Pending
4813,2020-02-21 21:03:40,VVK13FSYRVDC63G3A,152,1,2,2,138603,Pending
353,2020-02-22 13:39:33,2TL80Y4DE7NRXGPCP,195,1,2,2,205247,Pending
1727,2020-02-22 15:11:04,BBU883LKMFU6TW977,71,3,1,2,171651,Reviewed
1724,2020-02-22 22:24:35,BBU883LKMFU6TW977,71,3,4,2,173063,Reviewed
2065,2020-02-25 23:17:26,D6ERZ18P1FPDTP8BN,161,2,6,3,312349,Pending
2367,2020-02-26 03:28:33,EWET6EF7UP8Y5148H,148,2,2,2,325003,Pending
5298,2020-02-27 00:53:07,YPHS3R5RDTYDPVACW,119,3,4,2,251872,Pending
4156,2020-02-27 16:54:03,S0K9M5TM0NCYM0M02,130,1,6,3,654842,Reviewed
3433,2020-02-28 01:03:01,LPLN4DG1WT1NDCSPS,43,1,5,1,196708,Pending
5116,2020-02-28 05:25:24,XJM3C8SJ0K4C9YBPN,174,3,4,2,246315,Reviewed
1270,2020-02-28 07:41:08,7XESAC9E3RSK2HN20,8,3,3,3,181681,Pending
1704,2020-02-29 07:54:37,B9B30VFDNV5H5ZMSU,20,2,2,2,250380,Pending
4153,2020-02-29 19:19:04,S0K9M5TM0NCYM0M02,130,1,1,2,653472,Reviewed
3771,2020-02-29 19:59:17,NMU4ZRT5TZBHSGHL0,74,2,1,2,151115,Reviewed
1806,2020-03-01 11:27:45,C2RPYSUEN3V8EZ731,209,3,5,1,30883,Reviewed
945,2020-03-01 17:18:32,6FWFV3EEGFV5B9TMU,11,4,1,2,516979,Pending
2371,2020-03-05 13:26:34,EWET6EF7UP8Y5148H,20,2,2,2,326332,Pending
78,2020-03-06 03:32:40,0MRWHNDG5TPEDSXB2,143,3,7,1,68320,Pending
2067,2020-03-06 21:22:17,D6ERZ18P1FPDTP8BN,161,2,1,2,308784,Pending
3783,2020-03-09 06:27:36,NPY3J9UAN0S2MVLJA,132,3,7,1,224542,Pending
1775,2020-03-09 11:51:46,BJDD6VHUK60PNH4ZT,101,2,2,2,230217,Pending
4882,2020-03-12 16:06:59,W4BJ4BSSS87HZNJUR,206,2,6,3,81342,Pending
1779,2020-03-13 21:35:39,BJDD6VHUK60PNH4ZT,101,2,3,3,226569,Reviewed
2125,2020-03-14 07:50:47,DX6MM7HDAP13UB35J,196,2,1,2,214218,Pending
1778,2020-03-14 18:56:25,BJDD6VHUK60PNH4ZT,101,2,1,2,226986,Pending
5493,2020-03-14 20:08:22,ZYJZSBXVDG4C6UCHW,39,3,5,1,104271,Pending
4878,2020-03-14 22:36:57,W4BJ4BSSS87HZNJUR,206,2,2,2,80414,Reviewed
3822,2020-03-15 12:48:49,NWUFA6D9DS95UEWYL,58,1,8,2,496800,Reviewed
2063,2020-03-15 23:02:44,D6ERZ18P1FPDTP8BN,57,2,3,3,310721,Pending
637,2020-03-18 07:58:50,4VT3ZVRMANSZ1HV98,201,2,6,3,37210,Reviewed
3705,2020-03-21 12:24:46,NEMBTF9MZ455KSJAX,131,2,4,2,168450,Pending
191,2020-03-22 07:44:06,1T2PFGBAYZSMPGBJ0,68,3,3,3,52984,Reviewed
4826,2020-03-23 07:01:08,W0B1PHH5BTK31LWZL,201,2,1,2,196822,Pending
2373,2020-03-23 08:29:39,EWET6EF7UP8Y5148H,20,2,5,1,328929,Reviewed
1215,2020-03-24 04:45:56,7HTJ9YS6R6HK18NJF,23,3,1,2,49246,Pending
4522,2020-03-24 17:43:18,TSXGBDE47TF7BNGJX,8,3,1,2,359221,Pending
2376,2020-03-25 07:11:10,EWET6EF7UP8Y5148H,20,2,4,2,324817,Pending
3823,2020-03-25 12:04:12,NWUFA6D9DS95UEWYL,58,1,5,1,495212,Reviewed
2918,2020-03-26 19:34:35,JSZ4PDTY4NYXKDC9Y,147,3,2,2,126877,Pending
84,2020-03-27 09:31:58,0MRWHNDG5TPEDSXB2,143,3,5,1,71198,Pending
4057,2020-03-27 22:35:37,R9KZSM26HKPRAGCVA,119,3,5,1,26837,Pending
5140,2020-03-28 06:12:42,XPBHTZ8YNZ3Y25YKY,74,1,7,1,357294,Pending
2700,2020-03-30 02:22:33,GSH124P57X4JKFZHH,161,2,6,3,346017,Pending
1706,2020-03-30 08:05:44,B9B30VFDNV5H5ZMSU,20,2,1,2,247338,Reviewed
5369,2020-03-31 00:20:49,Z5CD1WN8LEKCVWX2Z,132,3,8,2,155616,Reviewed
1208,2020-03-31 04:16:52,7H6ZVJ7ZKUYF5AGE4,183,4,8,2,210936,Reviewed
1885,2020-03-31 04:25:29,CJRZUC19ZGNY4WPF9,34,1,1,2,350520,Pending
3372,2020-03-31 09:43:52,LK8AGU7D20HXZ9GEC,219,4,1,2,122722,Pending
2252,2020-03-31 14:02:42,EKHNMK8FXSRK1ZEKN,209,3,2,2,81529,Pending
1705,2020-04-01 02:49:22,B9B30VFDNV5H5ZMSU,20,2,5,1,249618,Reviewed
1658,2020-04-01 22:20:27,AUSZZW48DHA6V7HC4,150,3,8,2,23643,Reviewed
1729,2020-04-03 04:48:19,BFV7D5DNKUDLNKAE2,179,1,7,1,30442,Pending
4459,2020-04-03 08:01:38,TG7S0HS0GECBWSZRH,45,1,7,1,117539,Pending
2253,2020-04-03 11:17:49,EKHNMK8FXSRK1ZEKN,209,3,2,2,84552,Pending
2126,2020-04-04 18:58:06,DX6MM7HDAP13UB35J,196,2,2,2,214738,Pending
1648,2020-04-05 04:12:35,ASMSF2WED33LY3UPP,22,1,4,2,229490,Pending
5138,2020-04-05 12:28:35,XPBHTZ8YNZ3Y25YKY,74,1,2,2,352876,Pending
2062,2020-04-07 10:16:11,D6ERZ18P1FPDTP8BN,57,2,2,2,311232,Pending
1883,2020-04-10 05:00:52,CJRZUC19ZGNY4WPF9,34,1,2,2,350047,Pending
3435,2020-04-10 06:40:35,LPLN4DG1WT1NDCSPS,43,1,7,1,197112,Pending
4060,2020-04-11 00:05:28,R9KZSM26HKPRAGCVA,119,3,3,3,27533,Reviewed
5279,2020-04-11 15:52:23,YEVR4T2EUFJ88VB38,27,4,5,1,144270,Reviewed
4482,2020-04-11 18:02:17,TLUDKXVFF225XF89Y,171,3,4,2,211480,Pending
1731,2020-04-11 22:49:43,BFV7D5DNKUDLNKAE2,179,1,1,2,31648,Pending
2060,2020-04-12 18:13:18,D6ERZ18P1FPDTP8BN,57,2,2,2,308022,Pending
4881,2020-04-13 11:50:30,W4BJ4BSSS87HZNJUR,206,2,2,2,80275,Reviewed
3094,2020-04-13 12:48:24,KC4LPTYDUG6NRJSHJ,136,3,4,2,187722,Pending
5276,2020-04-13 13:30:57,YEVR4T2EUFJ88VB38,27,4,5,1,149708,Pending
4650,2020-04-14 23:29:27,UTHT8XMLXXWUMNZEV,118,4,4,2,23138,Pending
2370,2020-04-15 04:25:41,EWET6EF7UP8Y5148H,20,2,1,2,324992,Pending
4059,2020-04-15 19:49:50,R9KZSM26HKPRAGCVA,119,3,1,2,25262,Pending
1209,2020-04-16 09:38:19,7H6ZVJ7ZKUYF5AGE4,183,4,2,2,216715,Pending
5226,2020-04-17 05:48:21,XYJJ3JWSZHZ2UZ9LA,114,2,2,2,5566,Pending
3706,2020-04-18 19:17:30,NEMBTF9MZ455KSJAX,131,2,1,2,168665,Reviewed
80,2020-04-19 13:21:22,0MRWHNDG5TPEDSXB2,143,3,3,3,70059,Pending
740,2020-04-20 07:26:13,5GTDV4YU0JNWC7GT6,115,1,1,2,117705,Reviewed
1808,2020-04-20 12:10:53,C2RPYSUEN3V8EZ731,209,3,8,2,30727,Reviewed
3773,2020-04-21 00:39:08,NMU4ZRT5TZBHSGHL0,74,2,2,2,150267,Pending
4473,2020-04-24 04:07:31,TJ7EACGGYVVS9YWDB,39,3,1,2,368996,Pending
1776,2020-04-25 03:40:39,BJDD6VHUK60PNH4ZT,101,2,7,1,229778,Pending
4462,2020-04-25 03:46:36,TG7S0HS0GECBWSZRH,45,1,4,2,119099,Pending
3827,2020-04-25 22:04:57,NWUFA6D9DS95UEWYL,58,1,2,2,495117,Pending
723,2020-04-26 06:35:27,5C5D3G1Z5XRX233VU,59,3,2,2,148537,Pending
2108,2020-04-27 17:56:37,DE20VBLDKWL9RVK5G,95,2,2,2,211543,Reviewed
4479,2020-04-29 12:26:19,TLUDKXVFF225XF89Y,171,3,1,2,207093,Pending
2699,2020-05-02 14:06:35,GSH124P57X4JKFZHH,161,2,5,1,347456,Reviewed
3584,2020-05-02 22:27:06,MXD776WFUWZEZK3MD,105,4,7,1,247977,Pending
2509,2020-05-05 04:21:13,FR3BHAHHXH18L1GG9,32,2,6,3,46664,Pending
5139,2020-05-05 13:06:38,XPBHTZ8YNZ3Y25YKY,74,1,3,3,357960,Pending
1011,2020-05-05 17:19:38,6SRNUWUPJTPR7T94E,111,1,2,2,62662,Pending
2372,2020-05-05 21:36:29,EWET6EF7UP8Y5148H,20,2,2,2,325728,Pending
4361,2020-05-05 21:55:03,T12D3MTMVYJS4KMUY,98,4,5,1,225787,Pending
3772,2020-05-06 06:49:35,NMU4ZRT5TZBHSGHL0,74,2,5,1,151920,Pending
1529,2020-05-07 11:54:05,9R976K55DMCYYBX01,8,3,1,2,504986,Pending
1584,2020-05-07 12:36:52,ABZ595CPJ0D2YUAS0,71,3,2,2,34622,Reviewed
724,2020-05-08 06:19:35,5C5D3G1Z5XRX233VU,59,3,3,3,145646,Pending
4653,2020-05-09 01:46:43,UTHT8XMLXXWUMNZEV,118,4,4,2,19918,Pending
83,2020-05-12 02:15:22,0MRWHNDG5TPEDSXB2,143,3,6,3,68345,Pending
1660,2020-05-12 22:40:23,AUSZZW48DHA6V7HC4,150,3,2,2,21856,Pending
2280,2020-05-13 02:04:24,EKYCSL051AS25P3NS,173,1,5,1,324333,Pending
3438,2020-05-15 13:59:46,LPLN4DG1WT1NDCSPS,43,1,5,1,195557,Pending
4652,2020-05-15 22:27:04,UTHT8XMLXXWUMNZEV,118,4,8,2,18061,Reviewed
2256,2020-05-17 04:18:15,EKHNMK8FXSRK1ZEKN,209,3,1,2,83012,Pending
5380,2020-05-17 15:02:04,Z6SKVC89K8ZSK95DN,210,2,2,2,338300,Pending
725,2020-05-22 11:17:36,5C5D3G1Z5XRX233VU,59,3,4,2,146622,Pending
3248,2020-05-24 18:18:01,L3XYDTLCMLX84Z1MA,199,4,2,2,289823,Reviewed
3708,2020-05-26 10:31:33,NEMBTF9MZ455KSJAX,131,2,3,3,171038,Reviewed
3243,2020-05-27 09:19:41,L3XYDTLCMLX84Z1MA,199,4,1,2,287330,Pending
3774,2020-05-28 09:26:07,NMU4ZRT5TZBHSGHL0,74,2,3,3,151579,Pending
4884,2020-05-28 15:14:30,W4BJ4BSSS87HZNJUR,206,2,3,3,81516,Pending
5300,2020-06-01 18:43:33,YPHS3R5RDTYDPVACW,119,3,7,1,250085,Pending
3775,2020-06-01 20:01:38,NMU4ZRT5TZBHSGHL0,74,2,2,2,155120,Reviewed
2281,2020-06-01 22:50:37,EKYCSL051AS25P3NS,173,1,2,2,325530,Reviewed
701,2020-06-02 11:51:31,52971462H3HGJ12ZE,24,3,2,2,18726,Reviewed
1480,2020-06-03 02:33:41,9921V3E7AUXZAM2N1,164,3,7,1,82192,Pending
4879,2020-06-04 02:46:46,W4BJ4BSSS87HZNJUR,206,2,8,2,80296,Pending
4358,2020-06-05 19:52:04,T12D3MTMVYJS4KMUY,98,4,2,2,227074,Pending
1955,2020-06-07 00:53:43,D0EMGK414VYH9A2F7,139,4,4,2,392231,Reviewed
862,2020-06-08 06:08:18,612NPVGVCT2K9ZD9N,76,3,4,2,144469,Pending
1012,2020-06-08 12:10:15,6SRNUWUPJTPR7T94E,111,1,1,2,58484,Pending
1777,2020-06-09 21:32:48,BJDD6VHUK60PNH4ZT,101,2,6,3,232334,Reviewed
5311,2020-06-10 10:05:34,YRKXRG5K3Z77079WX,161,2,7,1,512836,Pending
1730,2020-06-11 00:51:15,BFV7D5DNKUDLNKAE2,179,1,7,1,34585,Pending
1014,2020-06-12 12:39:09,6SRNUWUPJTPR7T94E,111,1,8,2,57806,Reviewed
2192,2020-06-13 01:29:43,E8T3BB9S4Y1W4DY7V,62,3,2,2,27002,Reviewed
1986,2020-06-13 04:57:53,D3EWNW5KFS6D063Y2,35,3,4,2,8605,Reviewed
186,2020-06-13 13:09:28,1T2PFGBAYZSMPGBJ0,68,3,4,2,53670,Reviewed
4577,2020-06-17 11:31:39,TZZUEAG4ARUM9Y798,197,3,4,2,49134,Pending
4062,2020-06-18 13:48:13,R9KZSM26HKPRAGCVA,119,3,1,2,22979,Pending
5275,2020-06-18 20:43:32,YEVR4T2EUFJ88VB38,27,4,8,2,146245,Reviewed
2070,2020-06-19 19:40:52,D6ERZ18P1FPDTP8BN,161,2,2,2,308254,Pending
2511,2020-06-20 04:42:22,FR3BHAHHXH18L1GG9,32,2,2,2,48105,Reviewed
4648,2020-06-20 06:48:02,UTHT8XMLXXWUMNZEV,189,4,6,3,21047,Pending
3178,2020-06-21 09:38:34,KUMSF6NY9PYXEX9W1,206,2,5,1,257106,Pending
4579,2020-06-21 23:11:34,TZZUEAG4ARUM9Y798,197,3,2,2,49076,Pending
5492,2020-06-23 02:19:27,ZYJZSBXVDG4C6UCHW,39,3,6,3,100746,Pending
1651,2020-06-24 00:04:57,ASMSF2WED33LY3UPP,22,1,5,1,227511,Pending
5280,2020-06-24 11:32:00,YEVR4T2EUFJ88VB38,27,4,1,2,144890,Reviewed
3961,2020-06-24 12:18:58,PZSBKK5CHJ3W3GDHE,163,1,3,3,267654,Pending
5490,2020-06-25 05:20:48,ZYJZSBXVDG4C6UCHW,39,3,1,2,101656,Pending
4654,2020-06-26 16:36:24,UTHT8XMLXXWUMNZEV,118,4,3,3,22691,Pending
5317,2020-06-27 12:37:21,YRKXRG5K3Z77079WX,114,2,1,2,516273,Pending
5318,2020-06-27 22:45:57,YRKXRG5K3Z77079WX,114,2,1,2,512071,Pending
1952,2020-06-29 04:05:53,D0EMGK414VYH9A2F7,139,4,1,2,390877,Pending
5488,2020-06-30 21:04:28,ZYJZSBXVDG4C6UCHW,39,3,1,2,103168,Pending
5228,2020-07-01 09:10:47,XYJJ3JWSZHZ2UZ9LA,114,2,2,2,9219,Pending
2514,2020-07-02 14:24:30,FR3BHAHHXH18L1GG9,32,2,2,2,44329,Pending
192,2020-07-02 16:38:20,1T2PFGBAYZSMPGBJ0,68,3,1,2,49069,Reviewed
4480,2020-07-03 01:59:32,TLUDKXVFF225XF89Y,171,3,6,3,209367,Pending
2510,2020-07-05 17:09:17,FR3BHAHHXH18L1GG9,32,2,2,2,47306,Pending
5319,2020-07-08 04:18:47,YRKXRG5K3Z77079WX,114,2,3,3,513373,Pending
4786,2020-07-09 10:36:47,VLJFSRS8S4HB7KXLC,130,1,8,2,204957,Pending
2030,2020-07-09 19:13:32,D43E8B7R0TNRM6KRE,108,3,3,3,452169,Reviewed
3092,2020-07-09 20:57:38,KC4LPTYDUG6NRJSHJ,136,3,2,2,184276,Pending
3095,2020-07-10 16:55:10,KC4LPTYDUG6NRJSHJ,136,3,8,2,189558,Reviewed
5141,2020-07-11 17:46:22,XPBHTZ8YNZ3Y25YKY,74,1,7,1,355179,Reviewed
743,2020-07-11 21:55:08,5GTDV4YU0JNWC7GT6,115,1,4,2,119165,Reviewed
3913,2020-07-13 18:45:28,PLEATK6P1W93M0ZYS,191,3,5,1,312883,Reviewed
5278,2020-07-15 00:09:06,YEVR4T2EUFJ88VB38,27,4,5,1,147916,Pending
4575,2020-07-18 22:06:46,TZZUEAG4ARUM9Y798,197,3,1,2,53021,Pending
360,2020-07-19 09:10:57,2UHYC7VTWSV4F8CD3,74,4,1,2,357021,Pending
2196,2020-07-19 16:13:10,E8T3BB9S4Y1W4DY7V,62,3,2,2,31396,Reviewed
1723,2020-07-20 08:42:56,BBU883LKMFU6TW977,71,3,7,1,173541,Reviewed
863,2020-07-20 19:39:00,612NPVGVCT2K9ZD9N,76,3,2,2,141127,Pending
1210,2020-07-21 08:18:56,7H6ZVJ7ZKUYF5AGE4,183,4,4,2,216380,Pending
3179,2020-07-22 03:07:09,KUMSF6NY9PYXEX9W1,206,2,3,3,259602,Reviewed
359,2020-07-23 04:45:02,2UHYC7VTWSV4F8CD3,74,4,2,2,354639,Pending
2069,2020-07-24 12:11:49,D6ERZ18P1FPDTP8BN,161,2,7,1,308230,Reviewed
1773,2020-07-24 15:56:51,BJDD6VHUK60PNH4ZT,101,2,6,3,231918,Pending
1308,2020-07-24 17:38:20,84R4K9CYNS8KYLEJV,74,1,2,2,104869,Reviewed
4576,2020-07-24 21:28:12,TZZUEAG4ARUM9Y798,197,3,5,1,49381,Reviewed
1657,2020-07-25 11:29:32,AUSZZW48DHA6V7HC4,150,3,5,1,23847,Pending
702,2020-07-26 11:39:56,52971462H3HGJ12ZE,24,3,2,2,20472,Pending
3704,2020-07-26 19:26:54,NEMBTF9MZ455KSJAX,131,2,1,2,169968,Pending
5316,2020-07-29 04:57:38,YRKXRG5K3Z77079WX,114,2,1,2,516615,Pending
2258,2020-07-31 11:14:05,EKHNMK8FXSRK1ZEKN,209,3,4,2,82560,Pending
1206,2020-08-01 06:30:27,7H6ZVJ7ZKUYF5AGE4,183,4,2,2,214654,Reviewed
4647,2020-08-01 23:22:03,UTHT8XMLXXWUMNZEV,189,4,2,2,19126,Pending
188,2020-08-07 06:23:56,1T2PFGBAYZSMPGBJ0,68,3,8,2,50671,Pending
4578,2020-08-09 03:33:57,TZZUEAG4ARUM9Y798,197,3,3,3,51876,Pending
3587,2020-08-09 03:45:28,MXD776WFUWZEZK3MD,105,4,4,2,246801,Pending
5315,2020-08-09 12:00:43,YRKXRG5K3Z77079WX,161,2,5,1,516429,Reviewed
2028,2020-08-09 14:53:38,D43E8B7R0TNRM6KRE,108,3,6,3,455709,Pending
5277,2020-08-10 08:29:45,YEVR4T2EUFJ88VB38,27,4,8,2,146656,Reviewed
2513,2020-08-10 10:14:37,FR3BHAHHXH18L1GG9,32,2,2,2,48564,Pending
859,2020-08-11 13:29:26,612NPVGVCT2K9ZD9N,76,3,3,3,140906,Reviewed
1527,2020-08-12 02:17:57,9R976K55DMCYYBX01,8,3,1,2,503385,Reviewed
865,2020-08-13 11:21:51,612NPVGVCT2K9ZD9N,76,3,2,2,141088,Reviewed
2279,2020-08-15 18:54:04,EKYCSL051AS25P3NS,173,1,2,2,326733,Pending
4200,2020-08-15 19:36:56,S822W0WFXX4EZB8DA,96,1,1,2,23027,Pending
3876,2020-08-16 14:09:34,PBN49WCZSYPNBNPJD,184,2,5,1,206557,Pending
3594,2020-08-16 21:36:58,MXLMA6GMDTCTFETFY,147,4,2,2,111204,Pending
1207,2020-08-17 00:14:55,7H6ZVJ7ZKUYF5AGE4,183,4,2,2,215718,Pending
3177,2020-08-17 03:57:29,KUMSF6NY9PYXEX9W1,206,2,3,3,258027,Pending
1652,2020-08-17 14:36:57,ASMSF2WED33LY3UPP,22,1,2,2,225350,Pending
1411,2020-08-17 22:37:15,920DFKALBMRJPZFFX,14,3,7,1,109347,Pending
3100,2020-08-18 15:04:31,KC4LPTYDUG6NRJSHJ,36,3,4,2,187662,Pending
1953,2020-08-20 19:37:09,D0EMGK414VYH9A2F7,139,4,2,2,393185,Pending
3894,2020-08-21 17:31:18,PKXNALE5W2UYG4760,186,1,2,2,115264,Pending
5281,2020-08-27 04:12:54,YEVR4T2EUFJ88VB38,27,4,2,2,149723,Reviewed
1013,2020-08-27 19:42:25,6SRNUWUPJTPR7T94E,111,1,2,2,58273,Pending
2031,2020-08-28 23:12:16,D43E8B7R0TNRM6KRE,108,3,1,2,456375,Pending
3701,2020-08-29 09:42:46,NEMBTF9MZ455KSJAX,131,2,1,2,168305,Pending
3911,2020-08-29 16:06:26,PLEATK6P1W93M0ZYS,191,3,6,3,314552,Reviewed
3437,2020-08-31 01:55:31,LPLN4DG1WT1NDCSPS,43,1,7,1,195783,Pending
1967,2020-09-01 04:02:11,D0YLTGNJ0M3618LDW,105,4,2,2,283105,Pending
2710,2020-09-02 21:02:17,GSH124P57X4JKFZHH,171,2,8,2,346387,Pending
4524,2020-09-03 11:16:31,TSXGBDE47TF7BNGJX,8,3,4,2,358854,Reviewed
316,2020-09-03 15:21:30,2P6GC4GUBSDBNCZCR,174,3,1,2,215010,Pending
1668,2020-09-03 20:49:06,AVKGSNZJNNT9R0EMJ,191,3,7,1,114788,Pending
139,2020-09-04 01:52:18,1BD3TBDJCZ127G6GM,111,1,1,2,128109,Pending
441,2020-09-04 04:25:00,3F4ZW6WK1WCB2M3P5,58,1,2,2,402458,Pending
3096,2020-09-05 14:39:39,KC4LPTYDUG6NRJSHJ,136,3,5,1,189474,Pending
1526,2020-09-05 22:50:36,9R976K55DMCYYBX01,8,3,8,2,505788,Reviewed
4197,2020-09-07 05:01:50,S822W0WFXX4EZB8DA,96,1,4,2,27018,Pending
4276,2020-09-08 15:40:31,SMLVFX45EUJ6CCATB,34,1,2,2,272418,Pending
5142,2020-09-09 03:34:38,XPBHTZ8YNZ3Y25YKY,74,1,2,2,353861,Pending
2324,2020-09-11 16:12:30,ER768UZ8R20UCMP2R,84,2,4,2,205933,Pending
928,2020-09-12 03:28:04,6EY7YJ06VU8TR422U,200,3,2,2,459284,Pending
4926,2020-09-13 03:15:02,WEM80NW7LN33Z41ZU,115,1,7,1,297067,Pending
2066,2020-09-13 07:12:18,D6ERZ18P1FPDTP8BN,161,2,2,2,309252,Pending
5200,2020-09-14 20:55:20,XUU2HN6AECZEKGD0Y,192,3,5,1,414890,Pending
4484,2020-09-15 12:53:07,TLUDKXVFF225XF89Y,171,3,4,2,210652,Pending
3434,2020-09-16 00:06:31,LPLN4DG1WT1NDCSPS,43,1,7,1,195505,Reviewed
149,2020-09-16 03:26:11,1G3K3P4AJEAY2CS7E,143,3,1,2,77369,Reviewed
1985,2020-09-17 16:28:04,D3EWNW5KFS6D063Y2,35,3,4,2,7407,Reviewed
189,2020-09-18 07:54:24,1T2PFGBAYZSMPGBJ0,68,3,1,2,49060,Pending
3098,2020-09-20 13:33:41,KC4LPTYDUG6NRJSHJ,36,3,2,2,186869,Pending
2706,2020-09-20 21:22:52,GSH124P57X4JKFZHH,171,2,4,2,348596,Pending
4906,2020-09-22 03:22:46,WE432WMDEPZVR7BD4,128,1,4,2,101675,Reviewed
860,2020-09-23 23:41:52,612NPVGVCT2K9ZD9N,76,3,1,2,143493,Reviewed
4481,2020-09-25 07:33:56,TLUDKXVFF225XF89Y,171,3,1,2,205662,Pending
3465,2020-09-25 08:09:19,M8E59JUE92TSL3W00,196,2,2,2,193343,Pending
4513,2020-09-25 19:42:09,TN9ZE6BFFTMSC0RJL,95,2,1,2,23102,Reviewed
141,2020-09-26 21:43:53,1BD3TBDJCZ127G6GM,111,1,2,2,131085,Reviewed
4483,2020-09-28 20:18:50,TLUDKXVFF225XF89Y,171,3,5,1,205498,Pending
4458,2020-10-01 14:43:43,TG7S0HS0GECBWSZRH,45,1,4,2,118372,Pending
3113,2020-10-02 21:48:28,KCN4UN60ULYPWN92E,23,3,2,2,50624,Pending
744,2020-10-05 09:50:37,5GTDV4YU0JNWC7GT6,115,1,1,2,116579,Reviewed
2470,2020-10-06 00:35:59,FEJ3YF58TA5CW56PM,68,3,3,3,214615,Pending
81,2020-10-06 13:36:10,0MRWHNDG5TPEDSXB2,143,3,1,2,71590,Reviewed
3878,2020-10-07 10:23:57,PBN49WCZSYPNBNPJD,184,2,1,2,201624,Reviewed
4787,2020-10-08 22:33:31,VLJFSRS8S4HB7KXLC,130,1,3,3,206721,Pending
4791,2020-10-10 22:47:42,VLJFSRS8S4HB7KXLC,143,1,4,2,207535,Pending
929,2020-10-11 01:23:30,6EY7YJ06VU8TR422U,200,3,7,1,454479,Pending
2195,2020-10-12 12:20:06,E8T3BB9S4Y1W4DY7V,62,3,3,3,26852,Pending
3900,2020-10-12 13:04:30,PKXNALE5W2UYG4760,60,1,7,1,112143,Reviewed
1015,2020-10-14 08:38:16,6SRNUWUPJTPR7T94E,111,1,5,1,60270,Pending
1732,2020-10-15 02:32:29,BFV7D5DNKUDLNKAE2,179,1,5,1,34362,Pending
3891,2020-10-22 03:18:34,PKXNALE5W2UYG4760,186,1,6,3,114242,Reviewed
4789,2020-10-24 09:29:52,VLJFSRS8S4HB7KXLC,143,1,5,1,203499,Pending
2705,2020-10-24 23:07:37,GSH124P57X4JKFZHH,171,2,2,2,349374,Pending
1695,2020-10-27 03:03:57,B52HHHGYT58ZSEF3H,10,3,2,2,61384,Pending
2194,2020-10-27 21:35:35,E8T3BB9S4Y1W4DY7V,62,3,3,3,28436,Reviewed
1649,2020-10-28 20:59:42,ASMSF2WED33LY3UPP,22,1,2,2,228103,Pending
1530,2020-10-28 22:13:07,9R976K55DMCYYBX01,8,3,6,3,503616,Pending
4460,2020-10-29 16:38:15,TG7S0HS0GECBWSZRH,45,1,2,2,117608,Pending
1650,2020-10-30 14:24:33,ASMSF2WED33LY3UPP,22,1,6,3,226881,Reviewed
930,2020-10-30 22:06:34,6EY7YJ06VU8TR422U,200,3,1,2,455357,Reviewed
1954,2020-10-31 03:30:02,D0EMGK414VYH9A2F7,139,4,1,2,394873,Pending
86,2020-10-31 04:42:27,0PSSSEGW1EC25M2JA,32,4,5,1,34079,Reviewed
4631,2020-11-01 23:22:13,ULVL0FZ991VCR2EMS,209,3,8,2,152123,Pending
4478,2020-11-02 23:32:14,TJ7EACGGYVVS9YWDB,68,3,2,2,366338,Pending
2929,2020-11-03 04:13:03,JZ43GPG586H87YX69,205,3,1,2,92541,Pending
3595,2020-11-03 09:06:07,MXLMA6GMDTCTFETFY,147,4,6,3,112004,Pending
4790,2020-11-04 02:27:38,VLJFSRS8S4HB7KXLC,143,1,5,1,202767,Reviewed
4904,2020-11-04 21:50:44,WE432WMDEPZVR7BD4,128,1,4,2,102217,Pending
4788,2020-11-05 06:33:42,VLJFSRS8S4HB7KXLC,143,1,2,2,204574,Pending
2433,2020-11-06 14:31:14,F4AS7B7W2X4K3VC0U,95,3,5,1,253828,Pending
2064,2020-11-06 14:42:20,D6ERZ18P1FPDTP8BN,161,2,6,3,307280,Pending
5489,2020-11-07 02:40:44,ZYJZSBXVDG4C6UCHW,39,3,2,2,105473,Pending
5494,2020-11-08 09:04:14,ZYJZSBXVDG4C6UCHW,39,3,4,2,105187,Pending
2284,2020-11-08 14:06:26,EKYCSL051AS25P3NS,157,1,3,3,326844,Pending
3596,2020-11-10 15:47:02,MXLMA6GMDTCTFETFY,147,4,2,2,109156,Pending
636,2020-11-10 16:26:23,4VT3ZVRMANSZ1HV98,201,2,8,2,41876,Pending
1587,2020-11-14 03:00:14,ABZ595CPJ0D2YUAS0,132,3,1,2,33717,Pending
4628,2020-11-14 05:56:49,ULVL0FZ991VCR2EMS,209,3,2,2,150838,Pending
2071,2020-11-15 04:59:23,D6ERZ18P1FPDTP8BN,178,2,1,2,309573,Reviewed
3097,2020-11-16 08:56:36,KC4LPTYDUG6NRJSHJ,36,3,2,2,188262,Pending
4182,2020-11-16 11:27:54,S4PKLMC2TBK9TY747,74,1,7,1,27205,Reviewed
927,2020-11-16 18:50:12,6EY7YJ06VU8TR422U,200,3,4,2,454297,Reviewed
4920,2020-11-17 19:22:10,WEM80NW7LN33Z41ZU,115,1,2,2,296206,Pending
4278,2020-11-18 02:47:50,SMLVFX45EUJ6CCATB,34,1,3,3,273089,Reviewed
2029,2020-11-19 01:49:48,D43E8B7R0TNRM6KRE,108,3,1,2,454498,Reviewed
2400,2020-11-19 13:12:06,F161P4WEL9UM7WNAY,63,3,4,2,110004,Pending
5376,2020-11-20 04:08:15,Z6SKVC89K8ZSK95DN,210,2,2,2,342772,Pending
3099,2020-11-21 10:36:36,KC4LPTYDUG6NRJSHJ,36,3,5,1,187509,Pending
2432,2020-11-23 00:27:20,F4AS7B7W2X4K3VC0U,95,3,6,3,251078,Reviewed
111,2020-11-23 04:17:30,0WTCULU4R9BB2BD3Z,3,4,2,2,68885,Pending
4517,2020-11-23 07:58:51,TN9ZE6BFFTMSC0RJL,95,2,2,2,21622,Pending
2318,2020-11-27 01:23:04,ER768UZ8R20UCMP2R,84,2,2,2,205478,Reviewed
1181,2020-11-28 04:02:27,7EDF0DMMCMCPCP3ZV,159,3,4,2,30688,Pending
4629,2020-12-01 02:58:30,ULVL0FZ991VCR2EMS,209,3,6,3,155540,Pending
4279,2020-12-01 18:14:13,SMLVFX45EUJ6CCATB,34,1,2,2,277196,Reviewed
4447,2020-12-02 18:18:57,TFG1ZWFW1E7561K4A,22,1,8,2,626011,Pending
3093,2020-12-03 21:24:58,KC4LPTYDUG6NRJSHJ,136,3,1,2,188102,Pending
4080,2020-12-04 06:23:08,RD0R6LEEXW0NWKTR3,105,4,7,1,147562,Pending
3436,2020-12-06 16:08:21,LPLN4DG1WT1NDCSPS,43,1,8,2,195813,Pending
2193,2020-12-07 04:28:30,E8T3BB9S4Y1W4DY7V,62,3,8,2,28768,Pending
2287,2020-12-07 04:39:02,EKYCSL051AS25P3NS,157,1,2,2,326315,Pending
4078,2020-12-08 15:16:46,RD0R6LEEXW0NWKTR3,105,4,2,2,148088,Reviewed
89,2020-12-09 21:00:41,0PSSSEGW1EC25M2JA,32,4,3,3,33433,Pending
2325,2020-12-10 23:35:48,ER768UZ8R20UCMP2R,84,2,4,2,204133,Pending
4474,2020-12-11 21:16:24,TJ7EACGGYVVS9YWDB,68,3,4,2,371859,Pending
440,2020-12-12 09:56:08,3F4ZW6WK1WCB2M3P5,58,1,4,2,406651,Pending
1311,2020-12-13 17:23:11,84R4K9CYNS8KYLEJV,74,1,1,2,102275,Pending
140,2020-12-13 19:40:20,1BD3TBDJCZ127G6GM,111,1,8,2,127117,Reviewed
1238,2020-12-16 01:08:45,7NS20DP74W2RY8ETU,183,4,3,3,378394,Pending
4476,2020-12-16 14:22:40,TJ7EACGGYVVS9YWDB,68,3,7,1,371272,Pending
1488,2020-12-17 01:18:27,9GWBMSS749S6RE1PA,101,4,2,2,216350,Pending
5201,2020-12-18 09:01:00,XUU2HN6AECZEKGD0Y,192,3,5,1,413869,Reviewed
4902,2020-12-18 14:31:22,WE432WMDEPZVR7BD4,128,1,2,2,104555,Pending
1489,2020-12-19 04:04:42,9GWBMSS749S6RE1PA,101,4,5,1,218264,Pending
2027,2020-12-19 22:13:34,D43E8B7R0TNRM6KRE,108,3,5,1,456237,Pending
754,2020-12-21 13:02:26,5J4M9JRBS9J3G2VLP,69,1,1,2,542269,Pending
753,2020-12-22 01:58:41,5J4M9JRBS9J3G2VLP,69,1,5,1,542327,Pending
3464,2020-12-22 09:27:10,M8E59JUE92TSL3W00,133,2,2,2,194211,Reviewed
4785,2020-12-22 14:34:04,VLJFSRS8S4HB7KXLC,130,1,1,2,203621,Pending
755,2020-12-24 03:53:21,5J4M9JRBS9J3G2VLP,69,1,1,2,542793,Pending
2283,2020-12-24 19:39:33,EKYCSL051AS25P3NS,157,1,2,2,327285,Pending
750,2020-12-25 13:04:39,5J4M9JRBS9J3G2VLP,69,1,1,2,543136,Pending
1988,2020-12-26 00:58:48,D3EWNW5KFS6D063Y2,35,3,6,3,10881,Pending
2076,2020-12-26 02:17:06,D6ERZ18P1FPDTP8BN,178,2,1,2,309169,Reviewed
2928,2020-12-26 21:47:26,JZ43GPG586H87YX69,205,3,4,2,89843,Reviewed
4445,2020-12-28 05:00:14,TFG1ZWFW1E7561K4A,22,1,1,2,627040,Pending
2289,2020-12-29 00:39:54,EKYCSL051AS25P3NS,157,1,4,2,324096,Pending
5241,2020-12-29 16:57:25,Y0AMKZGXYPRLPD9S7,218,3,1,2,211744,Reviewed
4281,2020-12-31 17:48:06,SMLVFX45EUJ6CCATB,34,1,2,2,273019,Pending
756,2021-01-02 01:03:00,5J4M9JRBS9J3G2VLP,69,1,3,3,540282,Pending
4923,2021-01-02 03:39:08,WEM80NW7LN33Z41ZU,115,1,4,2,298743,Pending
3826,2021-01-03 19:57:32,NWUFA6D9DS95UEWYL,58,1,5,1,494709,Pending
3821,2021-01-03 22:58:02,NWUFA6D9DS95UEWYL,58,1,3,3,497932,Pending
5239,2021-01-06 11:59:07,Y0AMKZGXYPRLPD9S7,218,3,2,2,209795,Pending
1948,2021-01-07 18:56:39,CZG4EWL03CVV5U7A0,219,4,7,1,12747,Reviewed
864,2021-01-08 11:43:34,612NPVGVCT2K9ZD9N,76,3,1,2,144709,Pending
751,2021-01-10 22:40:54,5J4M9JRBS9J3G2VLP,69,1,8,2,541806,Pending
1969,2021-01-14 00:18:49,D0YLTGNJ0M3618LDW,105,4,7,1,278700,Pending
2828,2021-01-14 02:17:49,HU71KVTFGXMLJDKAW,114,2,8,2,464308,Pending
2471,2021-01-14 02:55:27,FEJ3YF58TA5CW56PM,68,3,5,1,214247,Pending
4903,2021-01-15 22:27:42,WE432WMDEPZVR7BD4,128,1,1,2,104964,Reviewed
2930,2021-01-16 14:07:07,JZ43GPG586H87YX69,205,3,2,2,92652,Pending
1957,2021-01-17 12:06:28,D0EMGK414VYH9A2F7,139,4,4,2,396016,Pending
2468,2021-01-18 10:17:15,FEJ3YF58TA5CW56PM,68,3,4,2,216687,Reviewed
4901,2021-01-19 22:16:15,WE432WMDEPZVR7BD4,128,1,1,2,103869,Pending
2832,2021-01-21 02:50:23,HU71KVTFGXMLJDKAW,114,2,6,3,463724,Reviewed
315,2021-01-21 07:58:40,2P6GC4GUBSDBNCZCR,174,3,4,2,213138,Pending
4079,2021-01-23 08:38:12,RD0R6LEEXW0NWKTR3,105,4,2,2,149776,Pending
3962,2021-01-24 23:26:54,PZSBKK5CHJ3W3GDHE,163,1,5,1,268161,Pending
2388,2021-01-25 17:13:20,EZKEH11A0VZ9E8R47,27,4,8,2,91542,Pending
3901,2021-01-26 09:30:45,PKXNALE5W2UYG4760,60,1,1,2,115157,Pending
4203,2021-01-26 15:01:25,S822W0WFXX4EZB8DA,96,1,2,2,24954,Pending
1237,2021-01-26 23:09:20,7NS20DP74W2RY8ETU,183,4,4,2,377144,Reviewed
752,2021-01-27 01:21:50,5J4M9JRBS9J3G2VLP,69,1,4,2,541264,Reviewed
1414,2021-01-27 11:22:00,920DFKALBMRJPZFFX,14,3,3,3,108705,Pending
136,2021-01-27 15:54:53,1BD3TBDJCZ127G6GM,111,1,3,3,126403,Reviewed
3244,2021-01-27 18:50:20,L3XYDTLCMLX84Z1MA,199,4,2,2,290621,Pending
5242,2021-01-27 20:14:49,Y0AMKZGXYPRLPD9S7,218,3,3,3,207147,Reviewed
2073,2021-01-28 01:57:37,D6ERZ18P1FPDTP8BN,178,2,1,2,310878,Pending
2392,2021-01-28 02:37:57,EZKEH11A0VZ9E8R47,27,4,1,2,91719,Pending
3245,2021-01-28 03:42:09,L3XYDTLCMLX84Z1MA,199,4,2,2,291444,Pending
1235,2021-01-28 13:21:32,7NS20DP74W2RY8ETU,183,4,4,2,382566,Pending
2407,2021-01-28 14:43:18,F161P4WEL9UM7WNAY,63,3,2,2,107591,Reviewed
5244,2021-01-28 23:47:26,Y0AMKZGXYPRLPD9S7,218,3,2,2,209742,Pending
3466,2021-01-29 01:32:57,M8E59JUE92TSL3W00,196,2,5,1,195246,Pending
2322,2021-01-29 11:31:02,ER768UZ8R20UCMP2R,84,2,3,3,207254,Pending
4627,2021-01-31 23:08:58,ULVL0FZ991VCR2EMS,209,3,1,2,151152,Reviewed
2831,2021-02-01 02:58:02,HU71KVTFGXMLJDKAW,114,2,1,2,461507,Reviewed
3399,2021-02-01 04:03:39,LL43J0MUMEEK2P7FH,185,4,4,2,71826,Pending
1950,2021-02-01 11:38:40,CZG4EWL03CVV5U7A0,219,4,1,2,12881,Pending
3824,2021-02-02 09:36:28,NWUFA6D9DS95UEWYL,58,1,5,1,498501,Pending
3597,2021-02-03 02:23:46,MXLMA6GMDTCTFETFY,147,4,2,2,109243,Pending
3124,2021-02-03 19:29:44,KDKR6K7917YEG41A6,58,1,3,3,172688,Reviewed
2835,2021-02-04 00:00:22,HU71KVTFGXMLJDKAW,114,2,1,2,462654,Pending
2824,2021-02-04 08:47:36,HU71KVTFGXMLJDKAW,20,2,5,1,463945,Reviewed
2285,2021-02-04 13:39:02,EKYCSL051AS25P3NS,157,1,2,2,326113,Reviewed
2075,2021-02-05 09:19:40,D6ERZ18P1FPDTP8BN,178,2,4,2,309037,Pending
2829,2021-02-05 20:25:10,HU71KVTFGXMLJDKAW,114,2,2,2,462955,Pending
437,2021-02-05 21:16:01,3F4ZW6WK1WCB2M3P5,58,1,4,2,404280,Reviewed
152,2021-02-09 00:57:38,1G3K3P4AJEAY2CS7E,143,3,5,1,74368,Pending
2404,2021-02-09 18:30:38,F161P4WEL9UM7WNAY,63,3,2,2,108504,Pending
5240,2021-02-10 20:25:47,Y0AMKZGXYPRLPD9S7,218,3,2,2,210034,Pending
2983,2021-02-11 00:53:16,K37FANPSMNC0K70VD,72,3,1,2,78899,Reviewed
5383,2021-02-13 02:08:39,Z6SKVC89K8ZSK95DN,127,2,4,2,341656,Pending
1836,2021-02-13 05:30:59,CCDVDFT5VSYGCZ3S6,147,4,5,1,112149,Reviewed
3241,2021-02-13 09:53:11,L3XYDTLCMLX84Z1MA,199,4,5,1,286634,Pending
4630,2021-02-15 08:14:56,ULVL0FZ991VCR2EMS,209,3,3,3,152855,Pending
5243,2021-02-16 00:57:39,Y0AMKZGXYPRLPD9S7,218,3,1,2,207213,Pending
1179,2021-02-16 14:47:02,7EDF0DMMCMCPCP3ZV,159,3,3,3,28146,Pending
5495,2021-02-16 16:19:44,ZYJZSBXVDG4C6UCHW,39,3,2,2,103560,Pending
1183,2021-02-17 03:27:10,7EDF0DMMCMCPCP3ZV,159,3,2,2,30723,Pending
3158,2021-02-17 10:14:41,KMCF2JSJ5YEEVB5P5,194,1,4,2,145359,Pending
858,2021-02-18 06:29:40,612NPVGVCT2K9ZD9N,76,3,5,1,144686,Pending
5208,2021-02-18 23:04:17,XUU2HN6AECZEKGD0Y,3,3,4,2,412088,Pending
721,2021-02-19 07:43:58,5C5D3G1Z5XRX233VU,59,3,3,3,150981,Reviewed
2286,2021-02-21 22:13:34,EKYCSL051AS25P3NS,157,1,5,1,329218,Pending
3828,2021-02-22 12:26:20,NWUFA6D9DS95UEWYL,58,1,2,2,493720,Pending
5378,2021-02-22 13:29:33,Z6SKVC89K8ZSK95DN,210,2,5,1,339545,Pending
4376,2021-02-22 17:57:13,T1YTTSLNZ0TJP7WBH,139,4,4,2,199734,Pending
4201,2021-02-23 10:31:31,S822W0WFXX4EZB8DA,96,1,4,2,24574,Pending
3463,2021-02-23 19:59:31,M8E59JUE92TSL3W00,133,2,4,2,194725,Pending
5202,2021-02-24 00:43:50,XUU2HN6AECZEKGD0Y,192,3,2,2,416165,Pending
1968,2021-02-24 23:31:35,D0YLTGNJ0M3618LDW,105,4,2,2,279435,Pending
741,2021-02-25 04:44:39,5GTDV4YU0JNWC7GT6,115,1,2,2,115153,Pending
4632,2021-02-25 17:48:24,ULVL0FZ991VCR2EMS,209,3,3,3,154477,Reviewed
4900,2021-02-26 05:35:14,WE432WMDEPZVR7BD4,128,1,1,2,102659,Pending
242,2021-02-26 07:29:27,21KZHWLSYH64HAA45,132,3,3,3,322569,Pending
2833,2021-02-26 18:13:11,HU71KVTFGXMLJDKAW,114,2,2,2,460791,Pending
2540,2021-02-28 23:36:48,FV8HPGYRAXGWN0G13,43,1,1,2,89772,Pending
2288,2021-03-01 01:03:04,EKYCSL051AS25P3NS,157,1,2,2,326908,Reviewed
2539,2021-03-02 03:21:32,FV8HPGYRAXGWN0G13,43,1,1,2,89426,Pending
3869,2021-03-03 15:55:19,PBJHLCZ5DFUBYPTPA,39,3,2,2,165046,Reviewed
2389,2021-03-04 13:37:42,EZKEH11A0VZ9E8R47,27,4,2,2,91829,Pending
2074,2021-03-06 03:09:41,D6ERZ18P1FPDTP8BN,178,2,4,2,311192,Pending
1592,2021-03-06 09:00:24,ABZ595CPJ0D2YUAS0,132,3,5,1,34977,Reviewed
3910,2021-03-06 10:14:49,PLEATK6P1W93M0ZYS,191,3,3,3,315957,Pending
2072,2021-03-06 16:22:31,D6ERZ18P1FPDTP8BN,178,2,3,3,308236,Reviewed
2542,2021-03-07 00:30:34,FV8HPGYRAXGWN0G13,43,1,1,2,89517,Pending
4377,2021-03-08 08:33:09,T1YTTSLNZ0TJP7WBH,139,4,1,2,201806,Pending
1310,2021-03-09 17:21:27,84R4K9CYNS8KYLEJV,74,1,1,2,103568,Pending
4378,2021-03-09 18:50:40,T1YTTSLNZ0TJP7WBH,139,4,4,2,198753,Reviewed
3121,2021-03-10 15:25:40,KDKR6K7917YEG41A6,58,1,7,1,173307,Pending
2391,2021-03-11 19:12:03,EZKEH11A0VZ9E8R47,27,4,6,3,92535,Pending
3896,2021-03-14 13:47:13,PKXNALE5W2UYG4760,60,1,6,3,113865,Pending
3120,2021-03-14 14:47:37,KDKR6K7917YEG41A6,58,1,5,1,175710,Reviewed
1412,2021-03-14 15:14:55,920DFKALBMRJPZFFX,14,3,1,2,109442,Reviewed
2545,2021-03-14 15:16:55,FV8HPGYRAXGWN0G13,43,1,2,2,94367,Reviewed
1973,2021-03-14 21:34:04,D0YLTGNJ0M3618LDW,187,4,2,2,279932,Reviewed
4924,2021-03-15 21:43:10,WEM80NW7LN33Z41ZU,115,1,1,2,300663,Reviewed
2387,2021-03-16 11:18:04,EZKEH11A0VZ9E8R47,27,4,2,2,91165,Reviewed
2290,2021-03-17 06:51:13,EKYCSL051AS25P3NS,157,1,8,2,329100,Pending
2361,2021-03-19 02:18:06,EU0CZ572WYN01NYV5,51,2,2,2,246254,Reviewed
2393,2021-03-19 13:14:41,EZKEH11A0VZ9E8R47,27,4,4,2,92377,Pending
4379,2021-03-19 19:30:57,T1YTTSLNZ0TJP7WBH,139,4,2,2,201509,Reviewed
2834,2021-03-21 02:59:03,HU71KVTFGXMLJDKAW,114,2,1,2,462834,Reviewed
2830,2021-03-22 01:53:46,HU71KVTFGXMLJDKAW,114,2,4,2,462980,Reviewed
1834,2021-03-22 10:28:30,CCDVDFT5VSYGCZ3S6,147,4,1,2,117479,Pending
3467,2021-03-22 14:22:25,M8E59JUE92TSL3W00,196,2,5,1,193613,Reviewed
4374,2021-03-24 06:51:03,T1YTTSLNZ0TJP7WBH,139,4,6,3,204139,Pending
3398,2021-03-24 10:54:19,LL43J0MUMEEK2P7FH,185,4,1,2,75507,Pending
241,2021-03-26 04:08:33,21KZHWLSYH64HAA45,132,3,5,1,319664,Pending
4446,2021-03-27 01:06:12,TFG1ZWFW1E7561K4A,22,1,2,2,627024,Pending
2431,2021-03-30 00:47:18,F4AS7B7W2X4K3VC0U,95,3,5,1,254037,Pending
3304,2021-03-30 00:53:27,LDTFS4MVDKHRV2XZV,82,4,6,3,250790,Pending
2406,2021-03-30 01:18:12,F161P4WEL9UM7WNAY,63,3,5,1,110169,Pending
1593,2021-03-30 05:34:04,ABZ595CPJ0D2YUAS0,132,3,5,1,32997,Reviewed
635,2021-03-30 13:30:48,4VT3ZVRMANSZ1HV98,201,2,6,3,40624,Pending
5450,2021-04-01 09:47:15,ZT8LNNDMSFZ37WZLH,91,4,4,2,190428,Pending
2472,2021-04-02 12:51:28,FEJ3YF58TA5CW56PM,68,3,1,2,216187,Pending
4922,2021-04-02 21:45:48,WEM80NW7LN33Z41ZU,115,1,1,2,299403,Pending
244,2021-04-02 23:46:12,21KZHWLSYH64HAA45,132,3,2,2,323369,Pending
4375,2021-04-03 07:20:35,T1YTTSLNZ0TJP7WBH,139,4,8,2,200576,Reviewed
2544,2021-04-03 15:34:38,FV8HPGYRAXGWN0G13,43,1,1,2,89765,Pending
2390,2021-04-03 23:06:37,EZKEH11A0VZ9E8R47,27,4,4,2,91097,Pending
4372,2021-04-04 12:23:49,T1YTTSLNZ0TJP7WBH,139,4,2,2,201722,Pending
634,2021-04-05 03:38:58,4VT3ZVRMANSZ1HV98,201,2,5,1,39580,Reviewed
1549,2021-04-06 11:24:39,A227NHDP9MGZH634F,151,3,8,2,223019,Reviewed
4181,2021-04-08 01:04:22,S4PKLMC2TBK9TY747,74,1,8,2,28530,Reviewed
3377,2021-04-10 22:33:46,LK8AGU7D20HXZ9GEC,38,4,2,2,121998,Reviewed
4373,2021-04-10 23:09:31,T1YTTSLNZ0TJP7WBH,139,4,2,2,202283,Pending
2469,2021-04-11 03:18:59,FEJ3YF58TA5CW56PM,68,3,3,3,215983,Pending
1949,2021-04-12 10:11:04,CZG4EWL03CVV5U7A0,219,4,5,1,8531,Reviewed
3965,2021-04-15 12:31:26,PZSBKK5CHJ3W3GDHE,190,1,6,3,265736,Reviewed
4214,2021-04-15 13:44:19,SBB4YMDKSLC1Z1BGE,39,3,8,2,394489,Pending
88,2021-04-17 02:39:15,0PSSSEGW1EC25M2JA,32,4,2,2,32138,Pending
3967,2021-04-18 21:31:13,PZSBKK5CHJ3W3GDHE,190,1,7,1,265101,Reviewed
2405,2021-04-20 03:07:08,F161P4WEL9UM7WNAY,63,3,2,2,109916,Pending
5377,2021-04-20 04:04:22,Z6SKVC89K8ZSK95DN,210,2,2,2,338462,Reviewed
4523,2021-04-20 20:20:46,TSXGBDE47TF7BNGJX,8,3,1,2,359257,Pending
4211,2021-04-22 12:30:17,SBB4YMDKSLC1Z1BGE,39,3,8,2,395313,Pending
2323,2021-04-23 02:34:45,ER768UZ8R20UCMP2R,84,2,5,1,207306,Pending
3898,2021-04-23 08:58:24,PKXNALE5W2UYG4760,60,1,4,2,117463,Pending
2711,2021-04-23 15:55:41,GSH124P57X4JKFZHH,171,2,2,2,349596,Pending
1975,2021-04-25 05:27:09,D0YLTGNJ0M3618LDW,187,4,2,2,279126,Reviewed
3899,2021-04-25 06:01:59,PKXNALE5W2UYG4760,60,1,4,2,115657,Pending
4198,2021-04-25 20:32:00,S822W0WFXX4EZB8DA,96,1,1,2,22501,Pending
1917,2021-04-27 02:10:41,CW5PJ0UP7D836KVC9,197,3,4,2,206289,Pending
2541,2021-04-28 21:37:51,FV8HPGYRAXGWN0G13,43,1,2,2,90407,Reviewed
1837,2021-04-29 04:27:51,CCDVDFT5VSYGCZ3S6,147,4,2,2,117129,Pending
2320,2021-04-30 13:11:48,ER768UZ8R20UCMP2R,84,2,2,2,205352,Reviewed
3971,2021-05-01 02:00:05,PZSBKK5CHJ3W3GDHE,190,1,2,2,263883,Pending
2543,2021-05-01 03:09:39,FV8HPGYRAXGWN0G13,43,1,4,2,88678,Reviewed
3462,2021-05-02 09:58:46,M8E59JUE92TSL3W00,133,2,6,3,197183,Reviewed
3305,2021-05-02 12:37:20,LDTFS4MVDKHRV2XZV,82,4,4,2,250787,Reviewed
3968,2021-05-02 15:03:00,PZSBKK5CHJ3W3GDHE,190,1,2,2,266417,Pending
3379,2021-05-03 13:05:46,LK8AGU7D20HXZ9GEC,38,4,7,1,121741,Pending
1586,2021-05-04 08:37:49,ABZ595CPJ0D2YUAS0,132,3,3,3,35658,Reviewed
3412,2021-05-04 12:41:43,LL9T0SKBFSYLBWN7M,217,1,4,2,52989,Pending
4477,2021-05-04 13:17:09,TJ7EACGGYVVS9YWDB,68,3,3,3,366988,Pending
3585,2021-05-07 01:45:50,MXD776WFUWZEZK3MD,105,4,8,2,249811,Reviewed
617,2021-05-07 09:48:55,4N5RR4YWKWZSFPL1X,132,3,2,2,302186,Pending
4030,2021-05-07 11:55:42,R62KFK7Z6SYCTFW6V,183,4,1,2,135947,Pending
1971,2021-05-08 08:46:03,D0YLTGNJ0M3618LDW,187,4,4,2,279385,Reviewed
3125,2021-05-08 19:01:42,KDKR6K7917YEG41A6,58,1,3,3,171887,Pending
1547,2021-05-09 09:28:56,A227NHDP9MGZH634F,151,3,2,2,218364,Pending
2363,2021-05-10 07:03:23,EU0CZ572WYN01NYV5,51,2,2,2,246313,Pending
5207,2021-05-10 10:17:28,XUU2HN6AECZEKGD0Y,3,3,1,2,415739,Pending
3382,2021-05-10 17:42:18,LK8AGU7D20HXZ9GEC,38,4,6,3,122953,Reviewed
1920,2021-05-10 22:59:08,CW5PJ0UP7D836KVC9,197,3,1,2,205636,Pending
2403,2021-05-11 19:53:38,F161P4WEL9UM7WNAY,63,3,2,2,106474,Pending
4905,2021-05-11 23:30:32,WE432WMDEPZVR7BD4,128,1,2,2,101209,Pending
2859,2021-05-13 23:14:31,J8MGPP1NPRV9Z303V,148,2,4,2,207778,Reviewed
861,2021-05-16 02:57:49,612NPVGVCT2K9ZD9N,76,3,7,1,141670,Reviewed
1551,2021-05-16 05:17:10,A227NHDP9MGZH634F,151,3,3,3,222828,Reviewed
206,2021-05-17 07:16:39,1UL1RSFWXVP21K19N,202,4,3,3,143195,Reviewed
1974,2021-05-18 01:15:16,D0YLTGNJ0M3618LDW,187,4,2,2,281518,Pending
3964,2021-05-22 15:43:46,PZSBKK5CHJ3W3GDHE,190,1,1,2,265752,Reviewed
5381,2021-05-23 14:21:02,Z6SKVC89K8ZSK95DN,127,2,1,2,339691,Pending
1550,2021-05-25 15:09:41,A227NHDP9MGZH634F,151,3,2,2,222825,Pending
1180,2021-05-25 20:18:31,7EDF0DMMCMCPCP3ZV,159,3,2,2,27165,Reviewed
4199,2021-05-27 12:25:37,S822W0WFXX4EZB8DA,96,1,6,3,23974,Pending
529,2021-05-28 09:25:13,4B0N9CC7HTVVP14UB,59,3,2,2,233938,Pending
2033,2021-05-29 18:19:37,D43E8B7R0TNRM6KRE,26,3,2,2,451726,Pending
3966,2021-06-01 20:02:56,PZSBKK5CHJ3W3GDHE,190,1,6,3,265186,Pending
1663,2021-06-02 06:04:37,AUSZZW48DHA6V7HC4,86,3,5,1,21305,Pending
3969,2021-06-02 19:44:05,PZSBKK5CHJ3W3GDHE,190,1,4,2,264941,Pending
4006,2021-06-03 00:15:47,R38SPLDFPTYP2BCJD,82,4,3,3,215389,Pending
3118,2021-06-07 03:38:47,KDKR6K7917YEG41A6,58,1,2,2,172818,Pending
3380,2021-06-09 02:39:04,LK8AGU7D20HXZ9GEC,38,4,1,2,120280,Reviewed
3378,2021-06-09 03:01:15,LK8AGU7D20HXZ9GEC,38,4,2,2,119685,Pending
1591,2021-06-09 04:06:01,ABZ595CPJ0D2YUAS0,132,3,6,3,35298,Reviewed
5072,2021-06-09 18:07:08,X9GEZBE5SFM6W3YXF,69,1,1,2,318448,Reviewed
3897,2021-06-09 18:54:56,PKXNALE5W2UYG4760,60,1,6,3,115977,Pending
631,2021-06-09 23:28:16,4VT3ZVRMANSZ1HV98,201,2,2,2,39339,Pending
1182,2021-06-10 05:18:30,7EDF0DMMCMCPCP3ZV,159,3,6,3,26910,Pending
2159,2021-06-11 20:11:30,E2DDRLDM2RS5C3L0W,166,3,1,2,210586,Pending
114,2021-06-12 16:38:28,0WTCULU4R9BB2BD3Z,3,4,7,1,69489,Reviewed
1312,2021-06-12 21:12:49,84R4K9CYNS8KYLEJV,74,1,2,2,102692,Pending
3122,2021-06-13 01:29:43,KDKR6K7917YEG41A6,58,1,4,2,171830,Pending
3381,2021-06-13 05:01:24,LK8AGU7D20HXZ9GEC,38,4,2,2,118682,Pending
1839,2021-06-13 07:25:45,CCDVDFT5VSYGCZ3S6,147,4,1,2,111878,Pending
337,2021-06-13 14:22:09,2SD52J2RAUD94D0EM,169,3,2,2,190232,Reviewed
2097,2021-06-13 15:56:55,D9VRNG0Y9ER9UEA72,105,4,3,3,223595,Pending
3970,2021-06-14 08:22:49,PZSBKK5CHJ3W3GDHE,190,1,5,1,266889,Pending
3111,2021-06-15 07:11:47,KCN4UN60ULYPWN92E,23,3,3,3,53368,Pending
3825,2021-06-17 09:50:19,NWUFA6D9DS95UEWYL,58,1,2,2,494886,Pending
618,2021-06-19 00:32:42,4N5RR4YWKWZSFPL1X,132,3,5,1,300573,Pending
3156,2021-06-21 00:47:29,KMCF2JSJ5YEEVB5P5,194,1,2,2,142489,Pending
619,2021-06-22 22:20:51,4N5RR4YWKWZSFPL1X,132,3,4,2,298445,Reviewed
5379,2021-06-25 00:06:52,Z6SKVC89K8ZSK95DN,210,2,2,2,340982,Reviewed
345,2021-06-25 21:26:01,2SD52J2RAUD94D0EM,63,3,5,1,189346,Pending
2402,2021-06-25 21:44:00,F161P4WEL9UM7WNAY,63,3,2,2,107766,Pending
4147,2021-06-26 20:12:57,RYCEPWD79C9MW9E40,57,2,2,2,145960,Reviewed
90,2021-06-29 12:39:45,0PSSSEGW1EC25M2JA,32,4,2,2,34071,Pending
1588,2021-06-30 03:27:28,ABZ595CPJ0D2YUAS0,132,3,1,2,33515,Reviewed
341,2021-06-30 17:46:46,2SD52J2RAUD94D0EM,63,3,5,1,190335,Pending
4202,2021-06-30 18:18:24,S822W0WFXX4EZB8DA,96,1,2,2,24554,Pending
5449,2021-07-01 11:25:40,ZT8LNNDMSFZ37WZLH,91,4,8,2,190338,Pending
4512,2021-07-02 11:12:17,TN9ZE6BFFTMSC0RJL,95,2,2,2,26130,Pending
4066,2021-07-02 13:37:57,R9KZSM26HKPRAGCVA,8,3,2,2,27260,Pending
2360,2021-07-03 18:50:25,EU0CZ572WYN01NYV5,51,2,4,2,244737,Pending
3306,2021-07-06 02:35:21,LDTFS4MVDKHRV2XZV,82,4,2,2,251582,Pending
256,2021-07-06 14:08:18,22565JYVSFPXZPP6Z,129,1,5,1,376396,Pending
4149,2021-07-09 14:23:44,RYCEPWD79C9MW9E40,57,2,3,3,145071,Reviewed
4004,2021-07-09 22:07:34,R38SPLDFPTYP2BCJD,82,4,2,2,215745,Pending
333,2021-07-10 02:11:05,2SD52J2RAUD94D0EM,169,3,2,2,185908,Reviewed
150,2021-07-13 01:47:12,1G3K3P4AJEAY2CS7E,143,3,4,2,75772,Pending
4145,2021-07-13 02:56:43,RYCEPWD79C9MW9E40,57,2,3,3,142921,Reviewed
153,2021-07-13 12:30:41,1G3K3P4AJEAY2CS7E,143,3,5,1,74844,Pending
4148,2021-07-13 13:49:25,RYCEPWD79C9MW9E40,57,2,4,2,144069,Pending
2608,2021-07-13 21:33:58,G4C8K6E18FRZ2ADLD,86,3,1,2,182477,Pending
2981,2021-07-15 16:22:54,K37FANPSMNC0K70VD,72,3,2,2,78840,Pending
258,2021-07-15 19:23:55,22565JYVSFPXZPP6Z,129,1,6,3,376946,Pending
142,2021-07-16 12:16:56,1BD3TBDJCZ127G6GM,111,1,5,1,126898,Reviewed
246,2021-07-16 12:54:03,21KZHWLSYH64HAA45,132,3,4,2,320460,Pending
3123,2021-07-16 13:31:35,KDKR6K7917YEG41A6,58,1,8,2,172855,Pending
4939,2021-07-16 22:45:07,WF0TYJ0WWW4CA1HYT,133,2,5,1,522110,Pending
259,2021-07-17 18:53:31,22565JYVSFPXZPP6Z,129,1,3,3,374134,Pending
632,2021-07-17 19:49:59,4VT3ZVRMANSZ1HV98,201,2,4,2,41730,Pending
2979,2021-07-18 10:46:22,K37FANPSMNC0K70VD,72,3,4,2,78920,Pending
261,2021-07-19 23:30:31,22565JYVSFPXZPP6Z,129,1,1,2,371544,Reviewed
4146,2021-07-20 00:38:13,RYCEPWD79C9MW9E40,57,2,1,2,142108,Pending
4921,2021-07-20 05:16:08,WEM80NW7LN33Z41ZU,115,1,1,2,299401,Pending
1309,2021-07-20 18:11:46,84R4K9CYNS8KYLEJV,74,1,2,2,100885,Pending
3933,2021-07-21 22:54:55,PNBRSFA6Y8500GJZ8,114,2,4,2,480953,Pending
243,2021-07-22 00:57:14,21KZHWLSYH64HAA45,132,3,2,2,323450,Pending
528,2021-07-22 14:48:45,4B0N9CC7HTVVP14UB,59,3,7,1,234412,Pending
4475,2021-07-23 00:22:36,TJ7EACGGYVVS9YWDB,68,3,4,2,368366,Pending
113,2021-07-24 01:42:08,0WTCULU4R9BB2BD3Z,3,4,4,2,67011,Pending
527,2021-07-26 12:44:06,4B0N9CC7HTVVP14UB,59,3,1,2,231369,Pending
209,2021-07-26 17:03:14,1UL1RSFWXVP21K19N,202,4,2,2,144091,Pending
3893,2021-07-27 05:22:06,PKXNALE5W2UYG4760,186,1,2,2,117532,Reviewed
3719,2021-07-27 14:34:23,NFAZ37WG698V696CE,187,4,7,1,310221,Reviewed
2095,2021-07-27 18:59:12,D9VRNG0Y9ER9UEA72,105,4,4,2,226709,Pending
257,2021-07-28 05:25:27,22565JYVSFPXZPP6Z,129,1,2,2,376656,Pending
3145,2021-07-29 10:31:57,KH2JJE2YE1JCC02PA,159,3,2,2,224307,Reviewed
1664,2021-07-29 16:39:04,AUSZZW48DHA6V7HC4,86,3,2,2,22612,Pending
474,2021-07-30 09:18:53,3XPB5ARP5LJDDFEJC,74,1,2,2,236384,Pending
339,2021-07-30 18:25:36,2SD52J2RAUD94D0EM,63,3,2,2,187891,Reviewed
260,2021-07-31 02:06:37,22565JYVSFPXZPP6Z,129,1,8,2,371748,Pending
4518,2021-07-31 23:08:58,TN9ZE6BFFTMSC0RJL,95,2,6,3,26241,Pending
3397,2021-08-01 21:52:42,LL43J0MUMEEK2P7FH,185,4,2,2,74129,Pending
2752,2021-08-02 23:34:47,H0GHWVS3MC4R8PR5A,32,4,2,2,49753,Pending
1841,2021-08-04 21:36:52,CCDVDFT5VSYGCZ3S6,147,4,2,2,112745,Pending
472,2021-08-06 13:49:32,3XPB5ARP5LJDDFEJC,74,1,2,2,232041,Pending
1983,2021-08-06 20:14:27,D3EWNW5KFS6D063Y2,35,3,8,2,7574,Pending
471,2021-08-07 22:38:42,3XPB5ARP5LJDDFEJC,74,1,6,3,236884,Pending
4925,2021-08-08 23:13:07,WEM80NW7LN33Z41ZU,115,1,5,1,296548,Pending
5143,2021-08-09 19:36:54,XPBHTZ8YNZ3Y25YKY,121,1,3,3,357853,Pending
2774,2021-08-11 18:22:42,H3TP29W59B1W2CCPF,129,1,2,2,296364,Pending
475,2021-08-13 06:36:18,3XPB5ARP5LJDDFEJC,74,1,2,2,236306,Reviewed
3895,2021-08-13 16:24:37,PKXNALE5W2UYG4760,60,1,2,2,117281,Pending
4047,2021-08-14 09:16:41,R9CYPS3WRFTVRMGWW,121,3,4,2,426934,Pending
3182,2021-08-14 13:12:20,KUTF8FY0W4V4ABYWY,200,3,7,1,343922,Pending
3031,2021-08-14 20:56:47,K63TWXPZRYHYD6TGL,121,3,5,1,101728,Pending
1177,2021-08-15 06:46:52,7EDF0DMMCMCPCP3ZV,159,3,1,2,29400,Pending
3396,2021-08-16 03:21:17,LL43J0MUMEEK2P7FH,185,4,1,2,76480,Pending
4178,2021-08-16 06:28:59,S4PKLMC2TBK9TY747,74,1,2,2,27198,Pending
2709,2021-08-16 12:59:41,GSH124P57X4JKFZHH,171,2,4,2,345836,Pending
473,2021-08-16 13:19:26,3XPB5ARP5LJDDFEJC,74,1,3,3,231162,Pending
1838,2021-08-16 18:56:01,CCDVDFT5VSYGCZ3S6,147,4,4,2,112543,Reviewed
3157,2021-08-17 13:56:49,KMCF2JSJ5YEEVB5P5,194,1,2,2,145219,Pending
4959,2021-08-17 23:13:46,WGDNEMANL8VHT0R8F,97,4,5,1,144604,Pending
3029,2021-08-18 01:51:23,K63TWXPZRYHYD6TGL,121,3,2,2,101569,Reviewed
1662,2021-08-18 13:11:29,AUSZZW48DHA6V7HC4,86,3,2,2,22943,Pending
3151,2021-08-18 20:23:39,KH2JJE2YE1JCC02PA,159,3,2,2,226407,Reviewed
2772,2021-08-20 16:38:35,H3TP29W59B1W2CCPF,129,1,2,2,298985,Pending
3912,2021-08-21 08:48:11,PLEATK6P1W93M0ZYS,191,3,7,1,315416,Reviewed
3242,2021-08-21 09:16:05,L3XYDTLCMLX84Z1MA,199,4,2,2,291143,Pending
245,2021-08-21 19:41:20,21KZHWLSYH64HAA45,132,3,2,2,323397,Reviewed
3353,2021-08-24 05:32:14,LJ12TX2UXBDCA75LC,74,3,7,1,145967,Reviewed
2362,2021-08-24 21:36:10,EU0CZ572WYN01NYV5,51,2,1,2,246246,Pending
1552,2021-08-25 02:29:26,A227NHDP9MGZH634F,151,3,4,2,220333,Pending
1922,2021-08-26 12:18:03,CW5PJ0UP7D836KVC9,197,3,2,2,204952,Pending
2825,2021-08-27 04:28:00,HU71KVTFGXMLJDKAW,20,2,1,2,460786,Pending
4005,2021-08-27 12:03:25,R38SPLDFPTYP2BCJD,82,4,1,2,214619,Pending
453,2021-08-27 21:32:58,3SG3YK3RUGPXR2FA0,147,3,4,2,390519,Pending
2319,2021-08-29 07:58:50,ER768UZ8R20UCMP2R,84,2,2,2,203828,Pending
4942,2021-08-30 20:51:11,WF0TYJ0WWW4CA1HYT,133,2,4,2,521526,Reviewed
1921,2021-09-01 09:19:18,CW5PJ0UP7D836KVC9,197,3,1,2,206872,Reviewed
5263,2021-09-01 15:22:13,YBW0T6KFKLDF4GTA2,133,2,7,1,219995,Reviewed
2401,2021-09-02 04:19:14,F161P4WEL9UM7WNAY,63,3,1,2,111210,Pending
247,2021-09-02 14:24:55,21KZHWLSYH64HAA45,132,3,2,2,322145,Pending
137,2021-09-03 20:54:06,1BD3TBDJCZ127G6GM,111,1,6,3,131708,Reviewed
2844,2021-09-04 08:41:56,J2MS1DH16MMT7YWRP,192,3,3,3,332457,Reviewed
3349,2021-09-04 13:28:19,LJ12TX2UXBDCA75LC,74,3,5,1,146247,Pending
3112,2021-09-04 21:50:37,KCN4UN60ULYPWN92E,23,3,1,2,53926,Pending
1919,2021-09-05 04:25:51,CW5PJ0UP7D836KVC9,197,3,1,2,205395,Reviewed
5145,2021-09-06 19:38:58,XPBHTZ8YNZ3Y25YKY,121,1,2,2,357129,Pending
1355,2021-09-07 01:22:55,8FVAU274THG83J1NR,203,1,3,3,149843,Pending
3395,2021-09-07 06:14:12,LL43J0MUMEEK2P7FH,185,4,5,1,73894,Pending
208,2021-09-08 17:28:14,1UL1RSFWXVP21K19N,202,4,4,2,144016,Pending
774,2021-09-09 04:10:37,5L3YFVLG0SG9R4WJL,121,1,4,2,116164,Reviewed
211,2021-09-11 10:39:45,1UL1RSFWXVP21K19N,202,4,5,1,144014,Pending
4957,2021-09-11 11:48:43,WGDNEMANL8VHT0R8F,97,4,2,2,145571,Pending
3616,2021-09-11 13:31:36,MYLWZ4RLE3FJS92BM,199,4,1,2,115163,Pending
4179,2021-09-11 22:01:37,S4PKLMC2TBK9TY747,74,1,8,2,27563,Reviewed
1178,2021-09-11 23:52:12,7EDF0DMMCMCPCP3ZV,159,3,1,2,27604,Reviewed
3615,2021-09-12 10:11:58,MYLWZ4RLE3FJS92BM,199,4,2,2,118680,Pending
530,2021-09-12 13:02:11,4B0N9CC7HTVVP14UB,59,3,5,1,232927,Pending
4943,2021-09-13 08:49:09,WF0TYJ0WWW4CA1HYT,133,2,2,2,522836,Reviewed
1970,2021-09-13 14:30:10,D0YLTGNJ0M3618LDW,187,4,5,1,279989,Reviewed
3119,2021-09-13 23:05:44,KDKR6K7917YEG41A6,58,1,1,2,175345,Pending
3030,2021-09-15 08:19:28,K63TWXPZRYHYD6TGL,121,3,1,2,104784,Reviewed
532,2021-09-15 11:02:40,4B0N9CC7HTVVP14UB,59,3,4,2,235007,Pending
3247,2021-09-15 20:40:43,L3XYDTLCMLX84Z1MA,199,4,1,2,290004,Pending
4125,2021-09-17 09:53:45,RXJ2C9PFRT1243AN5,124,1,1,2,284846,Pending
1548,2021-09-19 05:10:25,A227NHDP9MGZH634F,151,3,2,2,222507,Pending
212,2021-09-21 05:15:28,1UL1RSFWXVP21K19N,202,4,6,3,142292,Reviewed
4048,2021-09-21 08:14:39,R9CYPS3WRFTVRMGWW,121,3,5,1,425637,Pending
14,2021-09-23 01:13:26,049DFP25CA80JTX5R,133,2,1,2,176329,Pending
2708,2021-09-23 03:31:40,GSH124P57X4JKFZHH,171,2,1,2,348008,Pending
4941,2021-09-23 14:56:04,WF0TYJ0WWW4CA1HYT,133,2,2,2,518797,Reviewed
4180,2021-09-24 09:53:59,S4PKLMC2TBK9TY747,74,1,4,2,30315,Reviewed
5203,2021-09-24 21:14:39,XUU2HN6AECZEKGD0Y,3,3,5,1,411630,Pending
2713,2021-09-24 21:41:38,GSH124P57X4JKFZHH,52,2,6,3,347045,Reviewed
2810,2021-09-25 01:00:06,HEC4D246BM2ENF423,95,2,1,2,197904,Pending
3931,2021-09-26 01:36:41,PNBRSFA6Y8500GJZ8,114,2,1,2,482368,Reviewed
4065,2021-09-26 03:45:37,R9KZSM26HKPRAGCVA,8,3,1,2,24400,Reviewed
3914,2021-09-26 12:50:03,PLEATK6P1W93M0ZYS,191,3,5,1,318318,Reviewed
3028,2021-09-28 05:30:33,K63TWXPZRYHYD6TGL,121,3,7,1,101013,Pending
87,2021-09-29 11:34:28,0PSSSEGW1EC25M2JA,32,4,8,2,38078,Reviewed
2980,2021-09-29 17:17:31,K37FANPSMNC0K70VD,72,3,7,1,76403,Pending
455,2021-09-29 20:22:27,3SG3YK3RUGPXR2FA0,147,3,8,2,387645,Reviewed
338,2021-10-02 21:44:24,2SD52J2RAUD94D0EM,169,3,4,2,187530,Pending
3246,2021-10-05 03:25:30,L3XYDTLCMLX84Z1MA,199,4,2,2,290911,Reviewed
3930,2021-10-05 05:18:49,PM2ZKF6B1TA4Z5V47,183,4,2,2,114278,Pending
3027,2021-10-05 05:47:58,K63TWXPZRYHYD6TGL,121,3,1,2,102419,Reviewed
4215,2021-10-05 19:28:13,SBB4YMDKSLC1Z1BGE,39,3,5,1,393257,Reviewed
2841,2021-10-07 10:07:53,J2MS1DH16MMT7YWRP,192,3,3,3,332436,Pending
4050,2021-10-07 10:26:26,R9CYPS3WRFTVRMGWW,121,3,4,2,425974,Pending
5384,2021-10-07 22:22:22,Z6SKVC89K8ZSK95DN,127,2,5,1,343466,Pending
3929,2021-10-08 13:19:27,PM2ZKF6B1TA4Z5V47,183,4,2,2,112529,Pending
5386,2021-10-08 19:32:45,Z6SKVC89K8ZSK95DN,127,2,2,2,341265,Reviewed
533,2021-10-12 04:44:57,4B0N9CC7HTVVP14UB,59,3,7,1,234303,Pending
4280,2021-10-12 04:54:43,SMLVFX45EUJ6CCATB,34,1,8,2,274395,Reviewed
2610,2021-10-12 07:41:15,G4C8K6E18FRZ2ADLD,86,3,6,3,180279,Reviewed
2032,2021-10-12 07:53:10,D43E8B7R0TNRM6KRE,26,3,3,3,452158,Pending
4514,2021-10-13 10:25:43,TN9ZE6BFFTMSC0RJL,95,2,4,2,23440,Reviewed
2321,2021-10-13 22:17:52,ER768UZ8R20UCMP2R,84,2,2,2,206680,Reviewed
3720,2021-10-14 18:38:21,NFAZ37WG698V696CE,187,4,4,2,309960,Pending
4031,2021-10-14 20:08:47,R62KFK7Z6SYCTFW6V,183,4,4,2,137322,Pending
1589,2021-10-15 15:59:03,ABZ595CPJ0D2YUAS0,132,3,1,2,32728,Reviewed
3109,2021-10-16 20:52:07,KCN4UN60ULYPWN92E,23,3,2,2,52967,Pending
531,2021-10-17 16:36:50,4B0N9CC7HTVVP14UB,59,3,1,2,232899,Pending
2157,2021-10-17 20:47:48,E2DDRLDM2RS5C3L0W,166,3,7,1,208911,Reviewed
2156,2021-10-18 11:47:49,E2DDRLDM2RS5C3L0W,166,3,1,2,210916,Pending
2845,2021-10-20 02:02:53,J2MS1DH16MMT7YWRP,192,3,5,1,330475,Pending
1590,2021-10-20 11:12:06,ABZ595CPJ0D2YUAS0,132,3,7,1,33183,Pending
4277,2021-10-20 17:07:41,SMLVFX45EUJ6CCATB,34,1,6,3,272793,Reviewed
4185,2021-10-20 22:00:18,S4PKLMC2TBK9TY747,74,1,5,1,29136,Pending
4940,2021-10-22 12:19:14,WF0TYJ0WWW4CA1HYT,133,2,5,1,519676,Pending
578,2021-10-22 15:13:56,4H0ATNXZXSTAVAUK9,49,4,1,2,26309,Pending
1426,2021-10-23 06:41:14,93TKR863L58PLCC18,5,3,5,1,127055,Reviewed
5448,2021-10-24 21:58:55,ZT8LNNDMSFZ37WZLH,91,4,2,2,191630,Reviewed
4960,2021-10-25 07:17:43,WGDNEMANL8VHT0R8F,97,4,4,2,144197,Reviewed
3617,2021-10-26 23:45:51,MYLWZ4RLE3FJS92BM,199,4,4,2,115301,Pending
1428,2021-10-29 07:14:44,93TKR863L58PLCC18,5,3,2,2,125262,Pending
4416,2021-10-29 15:56:43,TC499S68SUJF80D9A,121,3,3,3,163301,Pending
4049,2021-10-30 15:17:59,R9CYPS3WRFTVRMGWW,121,3,4,2,430703,Pending
1791,2021-10-30 21:17:58,C033UAZB6BBLJZ3N0,46,3,7,1,306570,Pending
2809,2021-10-30 22:02:45,HEC4D246BM2ENF423,95,2,1,2,198168,Pending
3107,2021-10-31 07:05:09,KC4LPTYDUG6NRJSHJ,140,3,4,2,187590,Pending
1835,2021-10-31 13:23:25,CCDVDFT5VSYGCZ3S6,147,4,3,3,117094,Pending
1432,2021-11-01 13:07:03,93TKR863L58PLCC18,5,3,1,2,122173,Reviewed
5385,2021-11-03 20:30:35,Z6SKVC89K8ZSK95DN,127,2,4,2,339547,Pending
4157,2021-11-05 00:24:11,S0K9M5TM0NCYM0M02,168,1,2,2,655145,Reviewed
3868,2021-11-06 02:31:44,PBJHLCZ5DFUBYPTPA,39,3,2,2,166359,Reviewed
5144,2021-11-06 14:46:52,XPBHTZ8YNZ3Y25YKY,121,1,5,1,356901,Pending
4189,2021-11-06 17:27:40,S4PKLMC2TBK9TY747,121,1,1,2,25553,Pending
2704,2021-11-07 01:19:44,GSH124P57X4JKFZHH,171,2,8,2,344799,Pending
4956,2021-11-07 05:35:01,WGDNEMANL8VHT0R8F,97,4,2,2,143164,Pending
4188,2021-11-08 14:06:33,S4PKLMC2TBK9TY747,121,1,2,2,25855,Reviewed
3348,2021-11-08 19:45:14,LJ12TX2UXBDCA75LC,74,3,5,1,146782,Pending
4412,2021-11-09 01:44:53,TC499S68SUJF80D9A,121,3,2,2,165993,Pending
2842,2021-11-09 18:00:36,J2MS1DH16MMT7YWRP,192,3,2,2,333233,Pending
4970,2021-11-10 02:29:42,WKZ3SEEJRHFZW0XC4,129,1,5,1,300504,Pending
1236,2021-11-10 09:19:21,7NS20DP74W2RY8ETU,183,4,7,1,378432,Pending
4515,2021-11-10 10:29:48,TN9ZE6BFFTMSC0RJL,95,2,1,2,22516,Reviewed
2773,2021-11-12 00:22:04,H3TP29W59B1W2CCPF,129,1,5,1,298002,Pending
3352,2021-11-12 02:24:06,LJ12TX2UXBDCA75LC,74,3,1,2,143581,Pending
3307,2021-11-12 16:04:34,LDTFS4MVDKHRV2XZV,82,4,2,2,252971,Pending
1431,2021-11-13 01:50:49,93TKR863L58PLCC18,5,3,8,2,121822,Pending
210,2021-11-13 01:58:07,1UL1RSFWXVP21K19N,202,4,2,2,143660,Reviewed
3477,2021-11-14 19:38:30,MC57YGF9H72A58E8A,203,1,2,2,185697,Reviewed
1095,2021-11-15 03:29:38,6Z2C3BXRDBB5PXP52,137,2,6,3,315835,Pending
5346,2021-11-15 05:01:03,Z59F1N2PJGFHZ63S0,121,1,6,3,482530,Pending
3867,2021-11-15 17:00:23,PBJHLCZ5DFUBYPTPA,39,3,3,3,168334,Pending
616,2021-11-15 20:26:36,4N5RR4YWKWZSFPL1X,132,3,1,2,302233,Pending
2627,2021-11-16 04:05:09,G8V0B7LT1AZMK99KC,95,2,1,2,381761,Reviewed
3831,2021-11-18 04:11:55,NWUFA6D9DS95UEWYL,129,1,1,2,498505,Reviewed
3078,2021-11-18 15:08:41,KB9YN5M42KGV8YKND,121,3,2,2,357648,Pending
452,2021-11-19 15:40:08,3SG3YK3RUGPXR2FA0,147,3,6,3,387256,Pending
3410,2021-11-21 07:22:18,LL9T0SKBFSYLBWN7M,217,1,4,2,49175,Reviewed
2823,2021-11-21 15:31:40,HU71KVTFGXMLJDKAW,20,2,2,2,464890,Reviewed
4955,2021-11-21 22:00:33,WGDNEMANL8VHT0R8F,97,4,3,3,145867,Pending
2707,2021-11-23 04:17:39,GSH124P57X4JKFZHH,171,2,2,2,347437,Pending
4516,2021-11-23 10:53:58,TN9ZE6BFFTMSC0RJL,95,2,1,2,22293,Pending
4284,2021-11-25 04:09:42,SMTVNJDV0HTB5JSNE,57,2,4,2,197871,Pending
317,2021-11-25 07:30:55,2P6GC4GUBSDBNCZCR,174,3,3,3,217104,Pending
3315,2021-11-25 19:58:57,LG23C72VD30DLY2S8,92,1,2,2,374684,Pending
1787,2021-11-26 16:33:01,C033UAZB6BBLJZ3N0,46,3,2,2,306365,Pending
1065,2021-11-26 18:28:55,6Y7LFNH7PFWXJ7Z06,130,3,5,1,37201,Pending
2846,2021-11-28 18:38:55,J2MS1DH16MMT7YWRP,192,3,1,2,333150,Pending
5188,2021-11-29 01:10:35,XT1T36HKGDS31GXPB,151,3,1,2,109097,Pending
36,2021-11-29 15:25:28,0DTHMS25H7A2GXNZA,147,4,2,2,60711,Pending
2006,2021-12-01 06:47:09,D3RGJHNELAZ0HVLHC,219,4,4,2,106893,Reviewed
1984,2021-12-01 13:42:11,D3EWNW5KFS6D063Y2,35,3,2,2,9312,Pending
5476,2021-12-02 03:17:37,ZUYBP0D2AV7P75SG8,184,2,4,2,384050,Pending
4068,2021-12-02 12:55:16,R9KZSM26HKPRAGCVA,8,3,6,3,23336,Reviewed
334,2021-12-03 06:48:53,2SD52J2RAUD94D0EM,169,3,1,2,189453,Pending
4969,2021-12-03 13:24:46,WKZ3SEEJRHFZW0XC4,129,1,5,1,302810,Pending
931,2021-12-03 19:54:21,6F79PT7875AVD9K9U,183,4,1,2,99868,Pending
621,2021-12-04 08:25:15,4N5RR4YWKWZSFPL1X,132,3,2,2,299073,Pending
3932,2021-12-04 19:59:08,PNBRSFA6Y8500GJZ8,114,2,3,3,479938,Reviewed
5055,2021-12-05 00:06:18,X4PFUE3ZN72AGPN4X,151,3,6,3,509712,Pending
2158,2021-12-05 14:57:10,E2DDRLDM2RS5C3L0W,166,3,2,2,209249,Pending
40,2021-12-07 01:33:46,0DTHMS25H7A2GXNZA,147,4,1,2,57903,Pending
2434,2021-12-08 00:53:56,F4AS7B7W2X4K3VC0U,95,3,6,3,255158,Reviewed
3079,2021-12-08 02:48:36,KB9YN5M42KGV8YKND,121,3,3,3,359873,Pending
4190,2021-12-08 08:43:38,S4PKLMC2TBK9TY747,121,1,2,2,27813,Pending
4741,2021-12-08 13:23:15,VH7KZGTBPFKAG2YKS,147,3,1,2,261377,Pending
4158,2021-12-08 19:00:12,S0K9M5TM0NCYM0M02,168,1,5,1,655347,Pending
2003,2021-12-09 07:50:50,D3RGJHNELAZ0HVLHC,219,4,2,2,110719,Pending
5269,2021-12-09 21:19:04,YBW0T6KFKLDF4GTA2,133,2,4,2,219953,Pending
3147,2021-12-11 03:26:45,KH2JJE2YE1JCC02PA,159,3,2,2,229310,Pending
2827,2021-12-11 05:08:49,HU71KVTFGXMLJDKAW,20,2,4,2,460660,Pending
5347,2021-12-12 16:20:43,Z59F1N2PJGFHZ63S0,121,1,4,2,484209,Pending
5160,2021-12-12 20:39:59,XSECJUT1M7H082KYU,133,2,5,1,393720,Pending
5159,2021-12-13 06:40:32,XSECJUT1M7H082KYU,133,2,4,2,391788,Reviewed
1430,2021-12-14 01:34:29,93TKR863L58PLCC18,5,3,7,1,123982,Reviewed
4415,2021-12-14 07:15:42,TC499S68SUJF80D9A,121,3,2,2,163703,Pending
3406,2021-12-14 22:55:36,LL9T0SKBFSYLBWN7M,217,1,1,2,49529,Reviewed
3351,2021-12-15 19:02:34,LJ12TX2UXBDCA75LC,74,3,2,2,144553,Pending
2559,2021-12-16 00:57:51,G0DRZG0NXG30T0S1W,10,3,8,2,78615,Reviewed
5158,2021-12-16 13:41:42,XSECJUT1M7H082KYU,133,2,4,2,393111,Pending
3558,2021-12-16 22:13:11,MM5R62NGXCFXT3E5V,95,2,4,2,137601,Reviewed
582,2021-12-17 11:04:14,4H0ATNXZXSTAVAUK9,82,4,2,2,27184,Reviewed
5186,2021-12-17 11:12:22,XT1T36HKGDS31GXPB,151,3,4,2,109820,Pending
542,2021-12-18 06:20:46,4BDREJ0GZAPDUX0P6,55,1,1,2,146131,Pending
344,2021-12-18 08:54:20,2SD52J2RAUD94D0EM,63,3,2,2,189172,Reviewed
5056,2021-12-19 02:52:06,X4PFUE3ZN72AGPN4X,151,3,2,2,509624,Reviewed
342,2021-12-19 03:13:51,2SD52J2RAUD94D0EM,63,3,2,2,190881,Pending
3146,2021-12-20 21:14:00,KH2JJE2YE1JCC02PA,159,3,4,2,228354,Pending
1840,2021-12-20 22:27:08,CCDVDFT5VSYGCZ3S6,147,4,2,2,115189,Pending
4413,2021-12-20 22:34:22,TC499S68SUJF80D9A,121,3,2,2,164626,Reviewed
4739,2021-12-22 01:27:04,VH7KZGTBPFKAG2YKS,147,3,7,1,257082,Pending
42,2021-12-22 02:25:18,0DTHMS25H7A2GXNZA,147,4,1,2,62814,Reviewed
2096,2021-12-22 12:26:18,D9VRNG0Y9ER9UEA72,105,4,6,3,223482,Pending
4126,2021-12-22 22:44:51,RXJ2C9PFRT1243AN5,124,1,2,2,284300,Pending
2806,2021-12-23 13:22:16,HEC4D246BM2ENF423,95,2,3,3,197722,Pending
3210,2021-12-24 01:19:38,L1F3Z3V6PWJZ0YEVJ,8,3,2,2,147088,Pending
543,2021-12-24 10:36:23,4BDREJ0GZAPDUX0P6,55,1,4,2,145558,Pending
5012,2021-12-25 16:11:10,WYF2MZT16NKXEF3MX,192,4,2,2,482037,Reviewed
775,2021-12-27 21:20:52,5L3YFVLG0SG9R4WJL,121,1,4,2,117899,Reviewed
340,2021-12-28 22:47:48,2SD52J2RAUD94D0EM,63,3,2,2,187241,Pending
2561,2021-12-29 21:07:14,G0DRZG0NXG30T0S1W,10,3,5,1,78060,Pending
4909,2021-12-30 00:54:27,WE8TWUFG81M9PGCTS,69,1,3,3,205390,Reviewed
4028,2021-12-30 12:52:46,R62KFK7Z6SYCTFW6V,183,4,4,2,136607,Reviewed
4183,2021-12-30 21:53:56,S4PKLMC2TBK9TY747,74,1,2,2,25733,Reviewed
5016,2021-12-31 00:16:21,WYF2MZT16NKXEF3MX,192,4,2,2,480811,Pending
1972,2021-12-31 13:01:21,D0YLTGNJ0M3618LDW,187,4,4,2,283087,Reviewed
3150,2022-01-01 17:35:15,KH2JJE2YE1JCC02PA,159,3,4,2,224201,Reviewed
4184,2022-01-02 08:05:27,S4PKLMC2TBK9TY747,74,1,1,2,28086,Pending
3110,2022-01-02 13:36:50,KCN4UN60ULYPWN92E,23,3,4,2,55543,Pending
2826,2022-01-03 01:21:01,HU71KVTFGXMLJDKAW,20,2,7,1,461205,Pending
4774,2022-01-03 15:04:08,VK95JX65X587LNVFB,74,1,4,2,205085,Pending
1789,2022-01-04 07:41:21,C033UAZB6BBLJZ3N0,46,3,5,1,306006,Pending
4971,2022-01-04 18:47:46,WKZ3SEEJRHFZW0XC4,129,1,2,2,303640,Reviewed
713,2022-01-05 20:24:00,58B4JXRF05TKUC185,101,4,4,2,112377,Pending
2864,2022-01-06 08:16:18,J8MGPP1NPRV9Z303V,20,2,1,2,210297,Reviewed
4027,2022-01-06 18:36:05,R62KFK7Z6SYCTFW6V,183,4,2,2,137256,Pending
3350,2022-01-08 18:37:04,LJ12TX2UXBDCA75LC,74,3,2,2,147085,Pending
2908,2022-01-08 22:26:45,JGVTT8HSSV117RCEA,110,1,4,2,52407,Pending
773,2022-01-10 12:03:22,5L3YFVLG0SG9R4WJL,121,1,7,1,119542,Pending
3407,2022-01-10 12:55:04,LL9T0SKBFSYLBWN7M,217,1,2,2,52709,Pending
4694,2022-01-11 00:30:42,V1RXWZ1SJ0WSPB7H7,120,3,2,2,273573,Pending
4159,2022-01-11 12:29:10,S0K9M5TM0NCYM0M02,168,1,2,2,654806,Reviewed
4966,2022-01-11 14:59:45,WKZ3SEEJRHFZW0XC4,129,1,3,3,301713,Pending
4958,2022-01-12 02:48:00,WGDNEMANL8VHT0R8F,97,4,8,2,142266,Reviewed
5015,2022-01-12 07:41:27,WYF2MZT16NKXEF3MX,192,4,1,2,483594,Pending
41,2022-01-12 08:27:02,0DTHMS25H7A2GXNZA,147,4,1,2,57631,Pending
4236,2022-01-13 11:26:37,SHCLPFAU2EKUZT1K2,202,4,3,3,128897,Reviewed
5342,2022-01-13 12:16:11,Z59F1N2PJGFHZ63S0,121,1,3,3,483099,Pending
2982,2022-01-13 19:23:27,K37FANPSMNC0K70VD,72,3,4,2,75342,Reviewed
343,2022-01-14 16:44:44,2SD52J2RAUD94D0EM,63,3,5,1,188309,Pending
4038,2022-01-14 22:29:01,R62KFK7Z6SYCTFW6V,5,4,1,2,136371,Reviewed
5265,2022-01-15 17:07:43,YBW0T6KFKLDF4GTA2,133,2,2,2,222583,Pending
4740,2022-01-16 02:03:39,VH7KZGTBPFKAG2YKS,147,3,3,3,258625,Reviewed
5146,2022-01-17 08:05:42,XPBHTZ8YNZ3Y25YKY,121,1,2,2,357642,Reviewed
2862,2022-01-17 19:35:58,J8MGPP1NPRV9Z303V,148,2,3,3,208849,Reviewed
4212,2022-01-18 03:51:27,SBB4YMDKSLC1Z1BGE,39,3,2,2,393941,Pending
4967,2022-01-20 09:07:47,WKZ3SEEJRHFZW0XC4,129,1,2,2,301749,Pending
3562,2022-01-20 18:43:56,MM5R62NGXCFXT3E5V,95,2,2,2,140187,Pending
1097,2022-01-21 11:09:32,6Z2C3BXRDBB5PXP52,137,2,7,1,316122,Pending
3133,2022-01-21 14:45:42,KEF838YF8Z72HWFLZ,12,4,1,2,159373,Pending
1433,2022-01-22 02:28:30,93TKR863L58PLCC18,5,3,4,2,125414,Reviewed
3148,2022-01-22 23:32:11,KH2JJE2YE1JCC02PA,159,3,4,2,229293,Pending
515,2022-01-23 20:53:57,42U08F1A0775S0GZD,211,4,4,2,179489,Pending
5345,2022-01-24 03:50:32,Z59F1N2PJGFHZ63S0,121,1,3,3,479973,Pending
614,2022-01-24 11:26:35,4N5RR4YWKWZSFPL1X,132,3,5,1,299689,Pending
2606,2022-01-25 17:10:19,G4C8K6E18FRZ2ADLD,86,3,6,3,178944,Pending
4289,2022-01-25 19:00:46,SMTVNJDV0HTB5JSNE,57,2,2,2,198755,Pending
4414,2022-01-26 00:03:30,TC499S68SUJF80D9A,121,3,2,2,163382,Pending
1429,2022-01-26 07:23:04,93TKR863L58PLCC18,5,3,3,3,124550,Reviewed
2860,2022-01-28 01:42:22,J8MGPP1NPRV9Z303V,148,2,1,2,207744,Pending
1461,2022-01-28 09:07:34,98CYM3Z8EX2BC2NNV,109,3,2,2,195223,Reviewed
511,2022-01-29 19:46:00,42U08F1A0775S0GZD,211,4,3,3,181910,Pending
712,2022-01-30 08:19:41,58B4JXRF05TKUC185,101,4,2,2,110420,Pending
4213,2022-01-31 08:50:28,SBB4YMDKSLC1Z1BGE,39,3,5,1,396031,Pending
3134,2022-01-31 16:09:53,KEF838YF8Z72HWFLZ,12,4,6,3,154770,Reviewed
1786,2022-01-31 17:08:53,C033UAZB6BBLJZ3N0,46,3,4,2,305194,Reviewed
3181,2022-02-01 00:26:03,KUTF8FY0W4V4ABYWY,200,3,7,1,346920,Pending
13,2022-02-01 11:29:52,049DFP25CA80JTX5R,133,2,2,2,176011,Pending
2867,2022-02-01 15:10:19,J8MGPP1NPRV9Z303V,20,2,7,1,208089,Pending
5451,2022-02-02 04:36:54,ZT8LNNDMSFZ37WZLH,27,4,4,2,190027,Pending
3080,2022-02-02 10:14:20,KB9YN5M42KGV8YKND,121,3,3,3,358947,Reviewed
1427,2022-02-02 15:16:28,93TKR863L58PLCC18,5,3,3,3,123684,Pending
615,2022-02-02 19:13:01,4N5RR4YWKWZSFPL1X,132,3,8,2,297985,Pending
1064,2022-02-03 05:10:34,6Y7LFNH7PFWXJ7Z06,130,3,1,2,41426,Pending
710,2022-02-03 11:46:03,58B4JXRF05TKUC185,101,4,2,2,112400,Pending
4081,2022-02-03 13:29:01,RD0R6LEEXW0NWKTR3,105,4,2,2,146638,Reviewed
796,2022-02-05 05:19:18,5MZRD56AEYL68J1NM,85,4,2,2,195562,Pending
620,2022-02-05 22:41:12,4N5RR4YWKWZSFPL1X,132,3,1,2,302544,Reviewed
4968,2022-02-06 12:20:01,WKZ3SEEJRHFZW0XC4,129,1,1,2,302828,Pending
3036,2022-02-06 15:57:54,K63TWXPZRYHYD6TGL,121,3,5,1,101727,Pending
4087,2022-02-07 09:59:32,RD0R6LEEXW0NWKTR3,105,4,2,2,145632,Reviewed
35,2022-02-07 23:56:47,0DTHMS25H7A2GXNZA,147,4,3,3,60539,Reviewed
3286,2022-02-08 09:45:42,LC72E3KD9H82EU5W3,59,3,2,2,319511,Pending
3081,2022-02-08 09:47:13,KB9YN5M42KGV8YKND,121,3,5,1,362738,Reviewed
3561,2022-02-08 15:58:22,MM5R62NGXCFXT3E5V,95,2,5,1,136298,Pending
112,2022-02-08 21:30:19,0WTCULU4R9BB2BD3Z,3,4,8,2,66392,Reviewed
513,2022-02-09 06:57:59,42U08F1A0775S0GZD,211,4,1,2,181368,Pending
512,2022-02-10 01:42:53,42U08F1A0775S0GZD,211,4,7,1,183776,Pending
39,2022-02-10 09:25:48,0DTHMS25H7A2GXNZA,147,4,2,2,57959,Pending
1665,2022-02-10 21:30:02,AUSZZW48DHA6V7HC4,86,3,2,2,23961,Reviewed
1184,2022-02-10 21:30:59,7EDF0DMMCMCPCP3ZV,120,3,3,3,26517,Pending
4216,2022-02-10 22:22:05,SBB4YMDKSLC1Z1BGE,39,3,4,2,397195,Pending
814,2022-02-11 03:42:17,5UZXR0SYYE46XA7TS,206,2,2,2,261878,Reviewed
3722,2022-02-11 09:37:08,NFAZ37WG698V696CE,187,4,1,2,313036,Pending
2629,2022-02-11 13:43:09,G8V0B7LT1AZMK99KC,95,2,1,2,382654,Pending
1918,2022-02-12 08:44:34,CW5PJ0UP7D836KVC9,197,3,5,1,203899,Pending
815,2022-02-12 21:24:28,5UZXR0SYYE46XA7TS,206,2,1,2,265279,Pending
2214,2022-02-13 10:34:46,EC8HP4UD3ABDG2CJ8,10,3,2,2,75609,Reviewed
794,2022-02-13 21:56:07,5MZRD56AEYL68J1NM,85,4,7,1,195840,Reviewed
5264,2022-02-15 10:20:38,YBW0T6KFKLDF4GTA2,133,2,1,2,220576,Pending
514,2022-02-15 10:30:32,42U08F1A0775S0GZD,211,4,2,2,182522,Reviewed
380,2022-02-16 11:44:47,2WCZXL9711LESE5D9,143,4,4,2,289817,Pending
5157,2022-02-17 17:18:32,XSECJUT1M7H082KYU,133,2,8,2,392109,Pending
4086,2022-02-18 07:59:11,RD0R6LEEXW0NWKTR3,105,4,8,2,148688,Pending
816,2022-02-18 11:44:11,5UZXR0SYYE46XA7TS,206,2,2,2,262659,Pending
1096,2022-02-21 10:38:26,6Z2C3BXRDBB5PXP52,137,2,4,2,316295,Pending
812,2022-02-21 20:06:42,5UZXR0SYYE46XA7TS,206,2,2,2,265345,Reviewed
4285,2022-02-23 07:17:43,SMTVNJDV0HTB5JSNE,57,2,2,2,194039,Pending
818,2022-02-23 14:38:52,5UZXR0SYYE46XA7TS,206,2,1,2,264318,Pending
3725,2022-02-24 02:19:28,NFAZ37WG698V696CE,187,4,2,2,311236,Pending
377,2022-02-24 11:52:18,2WCZXL9711LESE5D9,143,4,4,2,289533,Reviewed
1621,2022-02-26 04:08:31,AMJM2EV17Y5HC8602,171,3,4,2,130603,Reviewed
138,2022-02-26 16:00:40,1BD3TBDJCZ127G6GM,111,1,2,2,129862,Pending
1438,2022-02-26 16:48:44,983AMB3LRXPXCR779,68,3,6,3,265535,Pending
5452,2022-02-27 05:44:34,ZT8LNNDMSFZ37WZLH,27,4,3,3,194537,Pending
2004,2022-02-28 09:03:53,D3RGJHNELAZ0HVLHC,219,4,1,2,110194,Reviewed
335,2022-03-01 05:18:55,2SD52J2RAUD94D0EM,169,3,4,2,190051,Pending
1617,2022-03-01 09:59:09,AMJM2EV17Y5HC8602,171,3,8,2,129192,Pending
5156,2022-03-03 09:06:21,XSECJUT1M7H082KYU,133,2,7,1,393546,Pending
1987,2022-03-03 09:37:01,D3EWNW5KFS6D063Y2,35,3,3,3,8684,Pending
4699,2022-03-03 17:32:57,V1RXWZ1SJ0WSPB7H7,174,3,5,1,272369,Pending
3411,2022-03-03 20:44:49,LL9T0SKBFSYLBWN7M,217,1,2,2,53747,Pending
4124,2022-03-05 05:08:12,RXJ2C9PFRT1243AN5,124,1,2,2,283873,Pending
4237,2022-03-06 14:30:43,SHCLPFAU2EKUZT1K2,202,4,3,3,127002,Pending
379,2022-03-06 17:57:35,2WCZXL9711LESE5D9,143,4,7,1,288688,Pending
3843,2022-03-06 20:46:14,P0JCNT6F398CSK4LV,181,3,1,2,106775,Pending
2605,2022-03-08 12:22:05,G4C8K6E18FRZ2ADLD,86,3,4,2,184720,Pending
3560,2022-03-08 19:06:37,MM5R62NGXCFXT3E5V,95,2,7,1,139087,Pending
4697,2022-03-09 10:47:26,V1RXWZ1SJ0WSPB7H7,174,3,4,2,274388,Pending
819,2022-03-09 12:46:16,5UZXR0SYYE46XA7TS,206,2,3,3,263204,Pending
1186,2022-03-10 05:27:53,7EDF0DMMCMCPCP3ZV,120,3,5,1,31413,Pending
5267,2022-03-10 09:05:55,YBW0T6KFKLDF4GTA2,133,2,5,1,222502,Pending
3838,2022-03-10 10:30:59,P0JCNT6F398CSK4LV,181,3,5,1,105363,Reviewed
4701,2022-03-10 11:55:29,V1RXWZ1SJ0WSPB7H7,174,3,4,2,274241,Pending
37,2022-03-10 19:30:44,0DTHMS25H7A2GXNZA,147,4,2,2,58625,Pending
813,2022-03-10 23:37:43,5UZXR0SYYE46XA7TS,206,2,1,2,263762,Pending
1459,2022-03-11 23:07:56,98CYM3Z8EX2BC2NNV,109,3,5,1,190593,Pending
2737,2022-03-12 05:46:18,GW04E3V3MDA7EZUKV,171,2,2,2,51879,Pending
1571,2022-03-12 07:33:21,A7YFH0MD13VPYNW1Z,157,1,4,2,60501,Reviewed
4085,2022-03-13 02:32:07,RD0R6LEEXW0NWKTR3,105,4,6,3,146149,Pending
1258,2022-03-13 12:59:08,7V2NUMJTTD9S47NPV,60,1,7,1,110181,Reviewed
4036,2022-03-13 19:31:23,R62KFK7Z6SYCTFW6V,5,4,2,2,138071,Pending
544,2022-03-14 03:55:05,4BDREJ0GZAPDUX0P6,55,1,1,2,146294,Reviewed
38,2022-03-14 20:55:46,0DTHMS25H7A2GXNZA,147,4,1,2,57611,Reviewed
783,2022-03-14 23:52:37,5L3YFVLG0SG9R4WJL,74,1,4,2,121014,Pending
5205,2022-03-15 00:46:34,XUU2HN6AECZEKGD0Y,3,3,2,2,416693,Pending
1516,2022-03-15 11:03:01,9MSWAZYAS6ZP602U2,196,2,1,2,17678,Pending
2715,2022-03-16 11:56:41,GSH124P57X4JKFZHH,52,2,2,2,347533,Pending
207,2022-03-16 21:29:50,1UL1RSFWXVP21K19N,202,4,3,3,146278,Reviewed
817,2022-03-17 13:47:34,5UZXR0SYYE46XA7TS,206,2,4,2,259793,Reviewed
2716,2022-03-17 16:10:38,GSH124P57X4JKFZHH,52,2,6,3,348081,Pending
4698,2022-03-18 16:22:04,V1RXWZ1SJ0WSPB7H7,174,3,2,2,272812,Pending
2712,2022-03-18 17:13:26,GSH124P57X4JKFZHH,52,2,2,2,345951,Pending
2861,2022-03-19 00:35:47,J8MGPP1NPRV9Z303V,148,2,5,1,210416,Pending
1261,2022-03-19 07:24:40,7V2NUMJTTD9S47NPV,60,1,3,3,112454,Pending
892,2022-03-19 08:13:25,681CNG20N2SHAMXV2,62,1,3,3,78046,Pending
5266,2022-03-19 12:52:17,YBW0T6KFKLDF4GTA2,133,2,1,2,219993,Reviewed
5344,2022-03-20 02:47:12,Z59F1N2PJGFHZ63S0,121,1,2,2,481007,Pending
4844,2022-03-21 15:53:38,W1LVYBJ9VV3BL8AMK,131,2,3,3,284677,Reviewed
3834,2022-03-21 21:10:14,NWUFA6D9DS95UEWYL,129,1,7,1,495584,Reviewed
1188,2022-03-21 23:05:01,7EDF0DMMCMCPCP3ZV,120,3,2,2,26818,Pending
5059,2022-03-22 06:09:03,X4PFUE3ZN72AGPN4X,151,3,2,2,510177,Pending
581,2022-03-23 05:37:19,4H0ATNXZXSTAVAUK9,82,4,2,2,26756,Pending
1260,2022-03-23 20:23:58,7V2NUMJTTD9S47NPV,60,1,3,3,113017,Reviewed
4283,2022-03-24 12:09:39,SMTVNJDV0HTB5JSNE,57,2,4,2,194714,Pending
4911,2022-03-24 17:29:00,WE8TWUFG81M9PGCTS,69,1,5,1,204094,Reviewed
1187,2022-03-25 10:11:41,7EDF0DMMCMCPCP3ZV,120,3,5,1,27708,Pending
5054,2022-03-25 23:28:36,X4PFUE3ZN72AGPN4X,151,3,4,2,510010,Pending
3255,2022-03-28 18:20:58,LBX03DT0MYKPG101C,179,1,2,2,103352,Pending
4907,2022-03-29 03:46:02,WE8TWUFG81M9PGCTS,69,1,5,1,207235,Reviewed
4039,2022-03-29 06:46:19,R62KFK7Z6SYCTFW6V,5,4,1,2,140220,Pending
4776,2022-03-29 12:11:20,VK95JX65X587LNVFB,74,1,2,2,204441,Pending
5268,2022-03-29 19:47:50,YBW0T6KFKLDF4GTA2,133,2,1,2,223014,Pending
1615,2022-04-01 04:57:06,AMJM2EV17Y5HC8602,171,3,4,2,131676,Pending
1066,2022-04-02 18:50:58,6Y7LFNH7PFWXJ7Z06,130,3,8,2,40742,Pending
1940,2022-04-03 03:16:32,CXARA374JS844UHCW,147,2,1,2,36120,Reviewed
799,2022-04-03 12:12:20,5N4KUFNBGDT36FMS5,46,3,1,2,105637,Pending
1570,2022-04-03 16:11:02,A7YFH0MD13VPYNW1Z,157,1,1,2,60361,Reviewed
5430,2022-04-03 19:18:30,ZMZSTW0N5TEGB2AJP,103,1,2,2,559906,Pending
1619,2022-04-03 21:54:54,AMJM2EV17Y5HC8602,171,3,3,3,130357,Pending
580,2022-04-05 13:11:58,4H0ATNXZXSTAVAUK9,49,4,5,1,29258,Pending
1618,2022-04-05 20:40:22,AMJM2EV17Y5HC8602,171,3,1,2,130458,Reviewed
660,2022-04-06 01:07:54,4ZC4T1CRKGTF14AKM,126,4,4,2,46232,Reviewed
800,2022-04-06 01:40:10,5N4KUFNBGDT36FMS5,46,3,2,2,104884,Reviewed
1462,2022-04-07 08:53:21,98CYM3Z8EX2BC2NNV,109,3,6,3,191539,Pending
4083,2022-04-07 10:56:28,RD0R6LEEXW0NWKTR3,105,4,1,2,149334,Pending
1792,2022-04-07 11:34:10,C033UAZB6BBLJZ3N0,46,3,2,2,306751,Pending
4738,2022-04-07 16:28:22,VH7KZGTBPFKAG2YKS,147,3,2,2,259967,Pending
1616,2022-04-07 19:45:08,AMJM2EV17Y5HC8602,171,3,1,2,126439,Reviewed
4082,2022-04-09 04:38:48,RD0R6LEEXW0NWKTR3,105,4,4,2,145756,Reviewed
451,2022-04-09 05:22:57,3SG3YK3RUGPXR2FA0,147,3,6,3,387713,Pending
4084,2022-04-10 00:40:00,RD0R6LEEXW0NWKTR3,105,4,4,2,146071,Pending
4282,2022-04-10 09:25:13,SMTVNJDV0HTB5JSNE,57,2,6,3,196717,Reviewed
3314,2022-04-11 23:53:03,LG23C72VD30DLY2S8,92,1,4,2,373420,Pending
541,2022-04-12 00:22:19,4BDREJ0GZAPDUX0P6,55,1,7,1,145588,Pending
4286,2022-04-12 07:15:52,SMTVNJDV0HTB5JSNE,57,2,4,2,196030,Pending
2868,2022-04-12 08:15:22,J8MGPP1NPRV9Z303V,20,2,1,2,207987,Reviewed
1515,2022-04-12 13:28:20,9MSWAZYAS6ZP602U2,196,2,4,2,21630,Reviewed
1620,2022-04-13 12:32:27,AMJM2EV17Y5HC8602,171,3,2,2,131918,Reviewed
1976,2022-04-13 20:00:45,D0YLTGNJ0M3618LDW,187,4,6,3,281890,Pending
4735,2022-04-14 01:48:31,VGE2G51HP4KPYHJMH,184,2,5,1,270907,Reviewed
802,2022-04-14 15:57:06,5N4KUFNBGDT36FMS5,46,3,5,1,106796,Pending
1826,2022-04-15 12:53:31,C8V8NPZEMDM06TGPH,121,3,3,3,56458,Reviewed
801,2022-04-15 15:57:45,5N4KUFNBGDT36FMS5,46,3,1,2,106979,Reviewed
3101,2022-04-17 23:24:23,KC4LPTYDUG6NRJSHJ,140,3,7,1,185648,Pending
4845,2022-04-18 01:16:08,W1LVYBJ9VV3BL8AMK,131,2,2,2,283803,Reviewed
1916,2022-04-20 07:36:50,CW5PJ0UP7D836KVC9,197,3,5,1,206332,Pending
3149,2022-04-20 22:56:38,KH2JJE2YE1JCC02PA,159,3,2,2,228765,Pending
3844,2022-04-20 23:09:56,P0JCNT6F398CSK4LV,181,3,1,2,104103,Pending
1259,2022-04-21 02:34:08,7V2NUMJTTD9S47NPV,60,1,4,2,113904,Pending
4700,2022-04-21 04:35:45,V1RXWZ1SJ0WSPB7H7,174,3,3,3,273931,Reviewed
659,2022-04-21 08:11:02,4ZC4T1CRKGTF14AKM,126,4,2,2,46539,Pending
3033,2022-04-23 14:00:19,K63TWXPZRYHYD6TGL,121,3,3,3,101557,Pending
3909,2022-04-24 02:57:13,PLEATK6P1W93M0ZYS,191,3,2,2,314702,Reviewed
5057,2022-04-24 09:19:27,X4PFUE3ZN72AGPN4X,151,3,3,3,509473,Reviewed
4912,2022-04-24 11:34:55,WE8TWUFG81M9PGCTS,69,1,8,2,201682,Pending
1074,2022-04-24 22:18:31,6YCN8XXHHF97LUGEU,98,4,1,2,43068,Reviewed
2216,2022-04-24 23:04:44,EC8HP4UD3ABDG2CJ8,10,3,2,2,71871,Reviewed
5457,2022-04-24 23:15:32,ZT8LNNDMSFZ37WZLH,27,4,4,2,188761,Pending
3908,2022-04-26 18:14:00,PLEATK6P1W93M0ZYS,191,3,1,2,315033,Pending
3829,2022-04-27 07:16:48,NWUFA6D9DS95UEWYL,129,1,3,3,495543,Reviewed
3409,2022-04-27 08:31:20,LL9T0SKBFSYLBWN7M,217,1,4,2,49190,Pending
47,2022-04-27 12:36:41,0FV2AFDVPHSNSJ7NL,217,1,1,2,361690,Pending
1790,2022-04-27 15:13:51,C033UAZB6BBLJZ3N0,46,3,2,2,305355,Reviewed
3312,2022-04-28 06:21:40,LG23C72VD30DLY2S8,92,1,5,1,376325,Pending
3035,2022-04-28 15:48:27,K63TWXPZRYHYD6TGL,121,3,7,1,100087,Pending
3207,2022-04-29 05:01:27,L1F3Z3V6PWJZ0YEVJ,8,3,2,2,150963,Pending
4034,2022-04-29 09:00:10,R62KFK7Z6SYCTFW6V,5,4,1,2,138775,Reviewed
3014,2022-04-30 03:40:46,K5ADFWER3J0T35MCE,100,2,2,2,175708,Pending
1107,2022-05-01 17:45:04,70SRPPAV8P1XKJTEU,118,4,2,2,438969,Pending
376,2022-05-02 12:56:08,2WCZXL9711LESE5D9,143,4,3,3,288696,Reviewed
332,2022-05-03 14:40:16,2SD52J2RAUD94D0EM,169,3,1,2,188437,Pending
3185,2022-05-04 00:43:03,KUTF8FY0W4V4ABYWY,200,3,2,2,348791,Pending
4696,2022-05-04 04:14:31,V1RXWZ1SJ0WSPB7H7,120,3,5,1,272698,Reviewed
4187,2022-05-04 20:13:09,S4PKLMC2TBK9TY747,121,1,2,2,30302,Reviewed
3131,2022-05-05 19:19:44,KEF838YF8Z72HWFLZ,12,4,4,2,158098,Pending
2607,2022-05-06 00:50:39,G4C8K6E18FRZ2ADLD,86,3,2,2,181690,Pending
4035,2022-05-07 04:25:19,R62KFK7Z6SYCTFW6V,5,4,4,2,135405,Pending
5073,2022-05-08 01:58:34,X9GEZBE5SFM6W3YXF,69,1,2,2,315814,Pending
5343,2022-05-08 18:07:01,Z59F1N2PJGFHZ63S0,121,1,5,1,479603,Pending
4910,2022-05-09 03:15:28,WE8TWUFG81M9PGCTS,69,1,3,3,202398,Reviewed
4779,2022-05-09 06:58:06,VK95JX65X587LNVFB,74,1,3,3,200397,Reviewed
3015,2022-05-09 13:20:28,K5ADFWER3J0T35MCE,100,2,2,2,173823,Pending
5147,2022-05-10 04:24:13,XRKCF08W882N80J9W,100,2,2,2,200320,Pending
3408,2022-05-11 10:27:27,LL9T0SKBFSYLBWN7M,217,1,5,1,49114,Pending
336,2022-05-12 08:54:21,2SD52J2RAUD94D0EM,169,3,2,2,189954,Reviewed
918,2022-05-13 02:50:27,6DFG5GT1YAFFPXCCJ,101,4,2,2,281615,Pending
2858,2022-05-13 12:54:41,J8MGPP1NPRV9Z303V,148,2,7,1,209139,Reviewed
5270,2022-05-17 00:47:32,YBW0T6KFKLDF4GTA2,133,2,2,2,221239,Pending
5341,2022-05-17 09:07:54,Z59F1N2PJGFHZ63S0,121,1,2,2,482028,Pending
1460,2022-05-18 10:44:26,98CYM3Z8EX2BC2NNV,109,3,2,2,191487,Reviewed
5429,2022-05-19 14:23:58,ZMZSTW0N5TEGB2AJP,103,1,5,1,556967,Pending
3011,2022-05-20 06:50:20,K5ADFWER3J0T35MCE,100,2,8,2,172494,Pending
262,2022-05-20 12:55:30,22565JYVSFPXZPP6Z,152,1,7,1,372981,Reviewed
3106,2022-05-22 13:54:08,KC4LPTYDUG6NRJSHJ,140,3,5,1,189538,Pending
3012,2022-05-22 19:09:44,K5ADFWER3J0T35MCE,100,2,2,2,171702,Reviewed
2714,2022-05-23 01:36:04,GSH124P57X4JKFZHH,52,2,5,1,347585,Pending
3013,2022-05-23 02:49:41,K5ADFWER3J0T35MCE,100,2,3,3,172069,Pending
4528,2022-05-23 06:32:46,TU77FFKG4X58SGNVY,168,1,1,2,134606,Pending
3016,2022-05-23 18:54:01,K5ADFWER3J0T35MCE,100,2,3,3,174933,Pending
4734,2022-05-24 00:04:36,VGE2G51HP4KPYHJMH,184,2,2,2,274244,Pending
661,2022-05-24 01:41:32,4ZC4T1CRKGTF14AKM,126,4,1,2,47555,Pending
919,2022-05-25 13:39:18,6DFG5GT1YAFFPXCCJ,101,4,2,2,280934,Pending
5382,2022-05-25 19:09:25,Z6SKVC89K8ZSK95DN,127,2,1,2,340603,Pending
1939,2022-05-25 23:10:30,CXARA374JS844UHCW,147,2,5,1,40594,Pending
4775,2022-05-26 02:20:59,VK95JX65X587LNVFB,74,1,5,1,202556,Reviewed
3835,2022-05-26 11:31:11,NWUFA6D9DS95UEWYL,129,1,5,1,495881,Reviewed
657,2022-05-27 05:17:02,4ZC4T1CRKGTF14AKM,126,4,2,2,49159,Pending
1691,2022-05-27 05:47:56,B1G55RHX0NW1G0GR9,34,1,2,2,49020,Pending
1518,2022-05-27 21:33:35,9MSWAZYAS6ZP602U2,178,2,1,2,22125,Reviewed
1788,2022-05-27 21:48:01,C033UAZB6BBLJZ3N0,46,3,5,1,303503,Pending
658,2022-05-28 05:29:59,4ZC4T1CRKGTF14AKM,126,4,1,2,50272,Reviewed
361,2022-05-28 06:00:35,2UHYC7VTWSV4F8CD3,101,4,5,1,352520,Reviewed
2217,2022-05-28 09:59:00,EC8HP4UD3ABDG2CJ8,10,3,3,3,73842,Pending
2112,2022-05-28 18:17:46,DE20VBLDKWL9RVK5G,95,2,2,2,207953,Reviewed
363,2022-05-30 21:42:25,2UHYC7VTWSV4F8CD3,101,4,2,2,356845,Pending
12,2022-05-31 01:30:59,049DFP25CA80JTX5R,133,2,5,1,173256,Reviewed
48,2022-05-31 20:12:43,0FV2AFDVPHSNSJ7NL,217,1,2,2,362682,Reviewed
3331,2022-05-31 21:32:27,LHMG9JW7EYR334B9N,46,3,4,2,236404,Pending
367,2022-06-01 03:04:50,2UHYC7VTWSV4F8CD3,101,4,1,2,353109,Pending
378,2022-06-01 09:19:34,2WCZXL9711LESE5D9,143,4,3,3,291580,Pending
365,2022-06-02 16:27:38,2UHYC7VTWSV4F8CD3,101,4,3,3,356484,Pending
4665,2022-06-03 02:59:58,UUHTLMXA6UJ4LPT14,71,4,1,2,439922,Reviewed
662,2022-06-03 11:45:07,4ZC4T1CRKGTF14AKM,126,4,2,2,50819,Pending
364,2022-06-03 19:30:14,2UHYC7VTWSV4F8CD3,101,4,2,2,352544,Pending
3038,2022-06-05 19:51:55,K63TWXPZRYHYD6TGL,121,3,2,2,101236,Pending
2671,2022-06-07 01:59:52,GHE8HCDP6DHGYL9ZU,121,1,1,2,123863,Reviewed
3026,2022-06-07 08:23:14,K63TWXPZRYHYD6TGL,121,3,1,2,101002,Reviewed
362,2022-06-07 10:17:30,2UHYC7VTWSV4F8CD3,101,4,3,3,353300,Pending
5453,2022-06-07 12:27:49,ZT8LNNDMSFZ37WZLH,27,4,2,2,194384,Pending
46,2022-06-08 01:42:01,0FV2AFDVPHSNSJ7NL,217,1,3,3,360086,Pending
2843,2022-06-09 01:19:49,J2MS1DH16MMT7YWRP,192,3,2,2,330941,Reviewed
1109,2022-06-09 03:04:26,70SRPPAV8P1XKJTEU,118,4,1,2,435659,Pending
368,2022-06-09 11:39:44,2UHYC7VTWSV4F8CD3,101,4,4,2,354028,Reviewed
5058,2022-06-11 18:34:31,X4PFUE3ZN72AGPN4X,151,3,3,3,512493,Pending
1017,2022-06-12 09:12:36,6SRNUWUPJTPR7T94E,194,1,2,2,60360,Pending
3688,2022-06-12 19:34:27,NDA47E2J7W3A3U45C,74,1,2,2,416313,Pending
3837,2022-06-13 06:09:46,P0JCNT6F398CSK4LV,181,3,4,2,105373,Pending
1941,2022-06-13 19:44:25,CXARA374JS844UHCW,147,2,2,2,36962,Pending
2863,2022-06-14 05:24:05,J8MGPP1NPRV9Z303V,148,2,4,2,205521,Pending
1942,2022-06-15 04:28:17,CXARA374JS844UHCW,147,2,2,2,37076,Reviewed
777,2022-06-15 12:25:51,5L3YFVLG0SG9R4WJL,74,1,6,3,115347,Pending
3034,2022-06-15 18:03:02,K63TWXPZRYHYD6TGL,121,3,2,2,104794,Reviewed
1275,2022-06-16 08:14:07,7XESAC9E3RSK2HN20,109,3,4,2,179389,Pending
3328,2022-06-17 06:48:40,LHMG9JW7EYR334B9N,46,3,7,1,236816,Pending
5011,2022-06-17 08:24:49,WYF2MZT16NKXEF3MX,192,4,3,3,486202,Pending
2111,2022-06-18 18:10:07,DE20VBLDKWL9RVK5G,95,2,6,3,208567,Pending
3283,2022-06-19 01:51:49,LC72E3KD9H82EU5W3,59,3,2,2,321774,Pending
2616,2022-06-20 07:23:53,G4C8K6E18FRZ2ADLD,39,3,2,2,184710,Reviewed
793,2022-06-20 11:34:47,5MZRD56AEYL68J1NM,85,4,2,2,193974,Pending
4667,2022-06-23 18:19:10,UUHTLMXA6UJ4LPT14,71,4,4,2,439806,Pending
3479,2022-06-24 02:45:45,MC57YGF9H72A58E8A,203,1,4,2,189149,Reviewed
1992,2022-06-24 19:10:28,D3EWNW5KFS6D063Y2,109,3,2,2,10916,Reviewed
3326,2022-06-25 00:50:08,LHMG9JW7EYR334B9N,46,3,1,2,231790,Pending
2895,2022-06-25 06:00:40,JBCL88D0UGUJXF1PD,111,1,1,2,102422,Reviewed
5371,2022-06-25 06:12:13,Z65SJN3H03PMU0JKP,183,4,2,2,170353,Pending
3137,2022-06-25 12:46:17,KEF838YF8Z72HWFLZ,126,4,2,2,155473,Pending
4288,2022-06-27 06:26:21,SMTVNJDV0HTB5JSNE,57,2,4,2,197920,Pending
890,2022-06-29 06:24:49,681CNG20N2SHAMXV2,62,1,3,3,78109,Pending
1191,2022-06-29 23:26:46,7EDF0DMMCMCPCP3ZV,120,3,1,2,30316,Reviewed
4666,2022-06-30 07:20:59,UUHTLMXA6UJ4LPT14,71,4,4,2,440306,Reviewed
1185,2022-06-30 12:38:53,7EDF0DMMCMCPCP3ZV,120,3,7,1,28777,Reviewed
3842,2022-06-30 21:16:17,P0JCNT6F398CSK4LV,181,3,4,2,107665,Pending
891,2022-07-01 19:16:32,681CNG20N2SHAMXV2,62,1,2,2,81364,Pending
4029,2022-07-01 19:58:04,R62KFK7Z6SYCTFW6V,183,4,2,2,136551,Pending
2349,2022-07-03 16:09:55,ETAM4BE52T8V80E1R,11,1,2,2,441205,Pending
3727,2022-07-04 03:47:35,NFAZ37WG698V696CE,64,4,6,3,310881,Pending
366,2022-07-05 09:49:14,2UHYC7VTWSV4F8CD3,101,4,2,2,357152,Reviewed
3256,2022-07-05 09:56:36,LBX03DT0MYKPG101C,179,1,6,3,103469,Pending
2907,2022-07-07 02:07:02,JGVTT8HSSV117RCEA,110,1,7,1,55276,Pending
1690,2022-07-07 05:00:34,B1G55RHX0NW1G0GR9,34,1,3,3,47768,Pending
1687,2022-07-08 02:10:03,B1G55RHX0NW1G0GR9,62,1,3,3,49981,Pending
5074,2022-07-09 00:15:06,X9GEZBE5SFM6W3YXF,69,1,5,1,314950,Reviewed
2628,2022-07-09 21:46:54,G8V0B7LT1AZMK99KC,95,2,5,1,385340,Pending
711,2022-07-11 03:28:53,58B4JXRF05TKUC185,101,4,2,2,111470,Reviewed
1693,2022-07-11 14:15:38,B1G55RHX0NW1G0GR9,34,1,5,1,50198,Pending
786,2022-07-11 18:05:35,5L3YFVLG0SG9R4WJL,74,1,4,2,115213,Pending
1075,2022-07-14 11:38:57,6YCN8XXHHF97LUGEU,98,4,2,2,46143,Pending
3732,2022-07-14 19:14:21,NFAZ37WG698V696CE,64,4,2,2,310874,Pending
3841,2022-07-15 04:36:39,P0JCNT6F398CSK4LV,181,3,1,2,104765,Pending
4692,2022-07-15 05:14:43,V1RXWZ1SJ0WSPB7H7,120,3,4,2,271750,Pending
3316,2022-07-15 10:59:22,LG23C72VD30DLY2S8,92,1,2,2,373968,Pending
2675,2022-07-16 22:17:33,GHE8HCDP6DHGYL9ZU,121,1,4,2,126515,Reviewed
5348,2022-07-17 01:01:19,Z59F1N2PJGFHZ63S0,121,1,1,2,479818,Pending
3478,2022-07-17 06:16:26,MC57YGF9H72A58E8A,203,1,5,1,185165,Pending
1078,2022-07-17 20:16:46,6YCN8XXHHF97LUGEU,98,4,5,1,42717,Pending
3840,2022-07-20 08:04:08,P0JCNT6F398CSK4LV,181,3,4,2,103924,Reviewed
5017,2022-07-21 02:44:28,WYF2MZT16NKXEF3MX,192,4,6,3,483588,Pending
1519,2022-07-22 08:44:07,9MSWAZYAS6ZP602U2,178,2,1,2,16992,Pending
1769,2022-07-23 05:37:35,BHK2V2TTVJU9U12RH,49,4,6,3,123226,Pending
2215,2022-07-23 08:58:54,EC8HP4UD3ABDG2CJ8,10,3,1,2,71931,Reviewed
795,2022-07-24 08:04:43,5MZRD56AEYL68J1NM,85,4,3,3,195783,Reviewed
5432,2022-07-24 23:23:33,ZMZSTW0N5TEGB2AJP,103,1,2,2,561899,Pending
2637,2022-07-25 00:28:00,G8V0B7LT1AZMK99KC,147,2,1,2,382222,Reviewed
91,2022-07-25 13:57:01,0PSSSEGW1EC25M2JA,214,4,2,2,37035,Pending
4037,2022-07-26 08:22:00,R62KFK7Z6SYCTFW6V,5,4,2,2,139041,Pending
778,2022-07-26 10:39:52,5L3YFVLG0SG9R4WJL,74,1,2,2,115060,Reviewed
4843,2022-07-26 22:05:31,W1LVYBJ9VV3BL8AMK,131,2,3,3,283662,Pending
1437,2022-07-27 03:49:24,983AMB3LRXPXCR779,68,3,3,3,264957,Reviewed
3032,2022-07-27 08:54:54,K63TWXPZRYHYD6TGL,121,3,1,2,100363,Reviewed
2110,2022-07-28 10:10:07,DE20VBLDKWL9RVK5G,95,2,8,2,210259,Reviewed
4234,2022-07-29 15:48:18,SHCLPFAU2EKUZT1K2,202,4,4,2,129580,Pending
2113,2022-07-29 22:25:07,DE20VBLDKWL9RVK5G,95,2,3,3,210351,Pending
2897,2022-07-29 22:35:13,JBCL88D0UGUJXF1PD,111,1,2,2,102553,Pending
1689,2022-07-30 11:02:33,B1G55RHX0NW1G0GR9,34,1,5,1,52879,Pending
4186,2022-07-30 16:48:50,S4PKLMC2TBK9TY747,121,1,2,2,29766,Pending
4033,2022-07-31 14:32:50,R62KFK7Z6SYCTFW6V,5,4,4,2,137600,Reviewed
3836,2022-07-31 15:29:23,NWUFA6D9DS95UEWYL,129,1,4,2,495613,Pending
1994,2022-08-02 01:20:23,D3EWNW5KFS6D063Y2,109,3,1,2,5897,Reviewed
43,2022-08-03 03:55:27,0FV2AFDVPHSNSJ7NL,33,1,5,1,358979,Pending
5206,2022-08-03 09:30:56,XUU2HN6AECZEKGD0Y,3,3,3,3,413406,Reviewed
1661,2022-08-03 09:51:46,AUSZZW48DHA6V7HC4,86,3,2,2,21546,Reviewed
1366,2022-08-05 11:27:10,8HW0W30BYRS5BP31R,114,3,7,1,330890,Pending
2352,2022-08-05 13:09:10,ETAM4BE52T8V80E1R,11,1,2,2,441657,Reviewed
3285,2022-08-06 04:47:31,LC72E3KD9H82EU5W3,59,3,1,2,321779,Reviewed
1077,2022-08-06 20:10:01,6YCN8XXHHF97LUGEU,98,4,6,3,40946,Pending
428,2022-08-07 07:40:54,39V6XUWMK20Z0UJLW,3,1,4,2,100422,Pending
1768,2022-08-07 21:41:05,BHK2V2TTVJU9U12RH,49,4,5,1,119389,Pending
4287,2022-08-09 06:31:17,SMTVNJDV0HTB5JSNE,57,2,6,3,197961,Pending
3037,2022-08-10 01:55:00,K63TWXPZRYHYD6TGL,121,3,7,1,100311,Reviewed
4067,2022-08-10 19:22:21,R9KZSM26HKPRAGCVA,8,3,4,2,25983,Pending
5477,2022-08-11 11:18:20,ZUYBP0D2AV7P75SG8,184,2,8,2,379905,Pending
503,2022-08-12 06:46:51,424CSE5LPGGBV9UC0,148,2,2,2,380713,Pending
3728,2022-08-13 02:57:35,NFAZ37WG698V696CE,64,4,2,2,308138,Reviewed
2631,2022-08-13 04:49:04,G8V0B7LT1AZMK99KC,147,2,1,2,384794,Pending
3282,2022-08-13 08:57:40,LC72E3KD9H82EU5W3,59,3,7,1,317643,Reviewed
583,2022-08-13 11:38:56,4H0ATNXZXSTAVAUK9,82,4,1,2,27191,Reviewed
427,2022-08-13 19:37:26,39V6XUWMK20Z0UJLW,3,1,2,2,102409,Reviewed
1190,2022-08-14 21:04:48,7EDF0DMMCMCPCP3ZV,120,3,5,1,30886,Pending
2350,2022-08-14 22:19:22,ETAM4BE52T8V80E1R,11,1,3,3,442054,Pending
5473,2022-08-15 02:51:32,ZUYBP0D2AV7P75SG8,184,2,4,2,384113,Reviewed
431,2022-08-16 02:59:06,39V6XUWMK20Z0UJLW,3,1,5,1,98755,Reviewed
1189,2022-08-16 12:34:00,7EDF0DMMCMCPCP3ZV,120,3,1,2,26904,Reviewed
3919,2022-08-16 22:16:48,PLEATK6P1W93M0ZYS,172,3,1,2,317349,Reviewed
429,2022-08-17 16:44:50,39V6XUWMK20Z0UJLW,3,1,7,1,98451,Pending
5204,2022-08-17 23:13:57,XUU2HN6AECZEKGD0Y,3,3,4,2,417187,Pending
1073,2022-08-18 14:23:02,6YCN8XXHHF97LUGEU,98,4,2,2,41380,Reviewed
1352,2022-08-18 23:25:52,8FVAU274THG83J1NR,203,1,3,3,148501,Pending
1692,2022-08-20 03:11:24,B1G55RHX0NW1G0GR9,34,1,3,3,52004,Pending
5392,2022-08-20 09:22:28,Z6SKVC89K8ZSK95DN,84,2,2,2,342980,Pending
5389,2022-08-22 02:13:51,Z6SKVC89K8ZSK95DN,84,2,2,2,343371,Pending
1821,2022-08-22 10:48:50,C8V8NPZEMDM06TGPH,121,3,6,3,50982,Pending
2604,2022-08-23 01:25:40,G4C8K6E18FRZ2ADLD,86,3,6,3,182043,Pending
4521,2022-08-23 15:13:16,TN9ZE6BFFTMSC0RJL,147,2,2,2,25828,Reviewed
1359,2022-08-24 18:36:32,8HW0W30BYRS5BP31R,114,3,2,2,325934,Reviewed
1517,2022-08-25 21:43:31,9MSWAZYAS6ZP602U2,196,2,1,2,17857,Reviewed
1356,2022-08-26 07:06:13,8FVAU274THG83J1NR,203,1,6,3,150472,Pending
2326,2022-08-26 15:19:36,ER768UZ8R20UCMP2R,101,2,2,2,206666,Pending
5370,2022-08-26 23:44:13,Z65SJN3H03PMU0JKP,183,4,1,2,173872,Pending
1686,2022-08-27 01:54:41,B1G55RHX0NW1G0GR9,62,1,4,2,48233,Pending
5321,2022-08-27 21:02:23,YRZM52YG8R7BEFFL0,220,3,2,2,208035,Reviewed
1569,2022-08-27 21:07:01,A7YFH0MD13VPYNW1Z,157,1,5,1,57128,Pending
4733,2022-08-28 13:21:47,VGE2G51HP4KPYHJMH,184,2,2,2,270516,Reviewed
4519,2022-08-28 16:32:30,TN9ZE6BFFTMSC0RJL,147,2,3,3,23369,Pending
782,2022-08-28 21:50:30,5L3YFVLG0SG9R4WJL,74,1,8,2,116182,Pending
197,2022-08-29 09:43:12,1T2PFGBAYZSMPGBJ0,56,3,5,1,49690,Reviewed
195,2022-08-30 01:47:41,1T2PFGBAYZSMPGBJ0,56,3,3,3,52493,Pending
709,2022-08-30 02:17:17,58B4JXRF05TKUC185,101,4,4,2,108219,Reviewed
4520,2022-08-30 03:35:37,TN9ZE6BFFTMSC0RJL,147,2,2,2,25713,Pending
5124,2022-09-02 02:24:20,XJM3C8SJ0K4C9YBPN,197,3,5,1,247413,Pending
3645,2022-09-03 03:55:38,N4PY5EL3MPYS9XFB7,52,2,3,3,160371,Pending
4737,2022-09-03 12:27:25,VGE2G51HP4KPYHJMH,184,2,5,1,273157,Pending
1016,2022-09-03 14:03:23,6SRNUWUPJTPR7T94E,194,1,1,2,63529,Pending
1277,2022-09-05 23:03:12,7XESAC9E3RSK2HN20,109,3,2,2,180559,Reviewed
1278,2022-09-06 06:38:17,7XESAC9E3RSK2HN20,109,3,1,2,180685,Reviewed
2612,2022-09-06 12:53:30,G4C8K6E18FRZ2ADLD,39,3,3,3,182921,Reviewed
1018,2022-09-06 13:18:52,6SRNUWUPJTPR7T94E,194,1,1,2,60400,Pending
3102,2022-09-06 15:47:41,KC4LPTYDUG6NRJSHJ,140,3,1,2,185638,Reviewed
4715,2022-09-09 07:03:03,VCG10G65EGXJDZVB1,218,2,8,2,231551,Reviewed
2410,2022-09-09 20:31:38,F161P4WEL9UM7WNAY,10,3,1,2,109430,Pending
1828,2022-09-10 06:42:25,C8V8NPZEMDM06TGPH,121,3,5,1,53756,Reviewed
1685,2022-09-10 21:32:05,B1G55RHX0NW1G0GR9,62,1,2,2,51505,Reviewed
1767,2022-09-11 02:00:30,BHK2V2TTVJU9U12RH,49,4,2,2,123778,Reviewed
5148,2022-09-14 00:46:15,XRKCF08W882N80J9W,100,2,8,2,200615,Pending
1440,2022-09-14 05:14:16,983AMB3LRXPXCR779,68,3,6,3,264446,Pending
3287,2022-09-15 03:04:11,LC72E3KD9H82EU5W3,197,3,5,1,320846,Pending
5014,2022-09-15 07:35:41,WYF2MZT16NKXEF3MX,192,4,1,2,483492,Pending
1019,2022-09-15 21:25:44,6SRNUWUPJTPR7T94E,194,1,8,2,58197,Pending
3938,2022-09-16 10:20:43,PNBRSFA6Y8500GJZ8,20,2,5,1,482590,Reviewed
4908,2022-09-17 00:18:44,WE8TWUFG81M9PGCTS,69,1,5,1,206521,Reviewed
1079,2022-09-17 03:24:55,6YCN8XXHHF97LUGEU,98,4,4,2,40786,Reviewed
92,2022-09-17 05:02:31,0PSSSEGW1EC25M2JA,214,4,5,1,33181,Reviewed
4736,2022-09-17 16:55:38,VGE2G51HP4KPYHJMH,184,2,6,3,271220,Pending
3683,2022-09-17 17:47:02,NDA47E2J7W3A3U45C,74,1,5,1,416085,Pending
2682,2022-09-17 18:33:44,GLYULF7MM20YZXGJV,63,3,1,2,220673,Pending
104,2022-09-19 00:03:01,0TLEYDX6LRXLWVNLR,132,3,4,2,154732,Reviewed
1279,2022-09-19 14:18:41,7XESAC9E3RSK2HN20,109,3,3,3,180627,Reviewed
1688,2022-09-20 08:54:42,B1G55RHX0NW1G0GR9,34,1,8,2,49886,Pending
779,2022-09-20 09:59:17,5L3YFVLG0SG9R4WJL,74,1,4,2,120792,Pending
4032,2022-09-20 15:27:51,R62KFK7Z6SYCTFW6V,5,4,1,2,138308,Pending
5322,2022-09-20 20:40:02,YRZM52YG8R7BEFFL0,220,3,8,2,205686,Pending
3724,2022-09-20 20:56:06,NFAZ37WG698V696CE,187,4,5,1,312180,Pending
3313,2022-09-21 03:05:40,LG23C72VD30DLY2S8,92,1,4,2,373488,Reviewed
3839,2022-09-21 03:07:22,P0JCNT6F398CSK4LV,181,3,4,2,102320,Reviewed
3689,2022-09-21 09:32:25,NDA47E2J7W3A3U45C,74,1,3,3,419056,Pending
1192,2022-09-21 16:07:56,7FKRT1DYME5RP2J3M,118,4,8,2,329804,Pending
1197,2022-09-21 16:39:52,7FKRT1DYME5RP2J3M,118,4,2,2,329919,Pending
4778,2022-09-23 01:47:50,VK95JX65X587LNVFB,74,1,2,2,200162,Reviewed
425,2022-09-23 15:38:14,39V6XUWMK20Z0UJLW,3,1,3,3,102980,Pending
1351,2022-09-24 12:34:31,8FVAU274THG83J1NR,203,1,6,3,148887,Reviewed
1076,2022-09-25 03:41:18,6YCN8XXHHF97LUGEU,98,4,8,2,43445,Reviewed
2353,2022-09-25 07:11:43,ETAM4BE52T8V80E1R,11,1,5,1,441512,Pending
3935,2022-09-26 04:44:10,PNBRSFA6Y8500GJZ8,20,2,2,2,478397,Reviewed
776,2022-09-26 20:18:52,5L3YFVLG0SG9R4WJL,74,1,4,2,115960,Pending
4719,2022-09-28 02:47:40,VCG10G65EGXJDZVB1,218,2,5,1,230491,Pending
1824,2022-09-28 07:31:45,C8V8NPZEMDM06TGPH,121,3,8,2,55440,Reviewed
3936,2022-09-30 14:07:54,PNBRSFA6Y8500GJZ8,20,2,4,2,481838,Pending
889,2022-10-02 12:31:24,681CNG20N2SHAMXV2,62,1,4,2,79402,Pending
4116,2022-10-04 04:31:29,RSX3WMCSBNKY9CWNW,131,2,2,2,153307,Pending
1363,2022-10-04 13:38:44,8HW0W30BYRS5BP31R,114,3,1,2,327493,Pending
4777,2022-10-04 21:30:18,VK95JX65X587LNVFB,74,1,4,2,204808,Reviewed
5090,2022-10-04 23:42:11,XBYYFAEATMU4JN151,36,3,2,2,320953,Pending
3916,2022-10-05 00:14:46,PLEATK6P1W93M0ZYS,172,3,4,2,317227,Reviewed
2034,2022-10-05 07:22:45,D43E8B7R0TNRM6KRE,26,3,1,2,453190,Pending
3512,2022-10-05 09:43:25,MF9RML9LN2R0XVH27,133,2,2,2,35500,Pending
3934,2022-10-05 20:58:37,PNBRSFA6Y8500GJZ8,20,2,1,2,480349,Pending
5050,2022-10-06 22:50:05,X39AX4HPAS5G59P9R,72,3,2,2,239814,Pending
1108,2022-10-07 11:55:42,70SRPPAV8P1XKJTEU,118,4,1,2,439925,Pending
5456,2022-10-08 13:31:59,ZT8LNNDMSFZ37WZLH,27,4,1,2,188714,Pending
3135,2022-10-08 17:13:54,KEF838YF8Z72HWFLZ,126,4,7,1,158549,Reviewed
3290,2022-10-09 22:48:25,LC72E3KD9H82EU5W3,197,3,5,1,321261,Pending
2081,2022-10-10 10:16:23,D8VDUVJ83VFL6UBA6,99,1,1,2,107500,Reviewed
4717,2022-10-11 06:11:10,VCG10G65EGXJDZVB1,218,2,2,2,233798,Reviewed
2633,2022-10-11 06:31:54,G8V0B7LT1AZMK99KC,147,2,2,2,385341,Pending
4064,2022-10-11 21:02:30,R9KZSM26HKPRAGCVA,8,3,3,3,28018,Pending
1021,2022-10-12 13:54:29,6SRNUWUPJTPR7T94E,194,1,5,1,57962,Reviewed
1020,2022-10-13 03:09:22,6SRNUWUPJTPR7T94E,194,1,4,2,58363,Pending
5426,2022-10-13 07:06:51,ZMZSTW0N5TEGB2AJP,103,1,8,2,562468,Pending
2811,2022-10-14 11:47:29,HEC4D246BM2ENF423,95,2,2,2,199027,Pending
3789,2022-10-15 05:16:16,NPY3J9UAN0S2MVLJA,132,3,2,2,225156,Pending
3937,2022-10-15 17:44:06,PNBRSFA6Y8500GJZ8,20,2,7,1,480325,Pending
2218,2022-10-15 21:07:17,EC8HP4UD3ABDG2CJ8,10,3,4,2,75723,Pending
3311,2022-10-16 02:06:23,LG23C72VD30DLY2S8,92,1,1,2,374578,Reviewed
3184,2022-10-16 03:03:47,KUTF8FY0W4V4ABYWY,200,3,2,2,344998,Pending
2673,2022-10-17 05:39:00,GHE8HCDP6DHGYL9ZU,121,1,2,2,126284,Pending
454,2022-10-17 10:12:30,3SG3YK3RUGPXR2FA0,147,3,4,2,390687,Reviewed
3132,2022-10-17 20:28:57,KEF838YF8Z72HWFLZ,12,4,3,3,155671,Reviewed
5013,2022-10-18 01:14:05,WYF2MZT16NKXEF3MX,192,4,1,2,481379,Pending
2635,2022-10-18 02:10:14,G8V0B7LT1AZMK99KC,147,2,1,2,383595,Pending
1354,2022-10-18 06:35:01,8FVAU274THG83J1NR,203,1,4,2,151490,Reviewed
1996,2022-10-18 22:58:55,D3EWNW5KFS6D063Y2,109,3,1,2,6460,Pending
5474,2022-10-19 08:01:04,ZUYBP0D2AV7P75SG8,184,2,4,2,382390,Pending
1041,2022-10-19 10:20:28,6UJBGZJS8CYY7MDK6,120,3,2,2,68371,Pending
2083,2022-10-19 12:44:16,D8VDUVJ83VFL6UBA6,99,1,4,2,105020,Pending
3180,2022-10-19 17:09:43,KUTF8FY0W4V4ABYWY,200,3,2,2,343730,Pending
1296,2022-10-20 12:08:42,83EMAZB4RWASKCRX1,130,4,4,2,244787,Pending
3209,2022-10-20 14:13:05,L1F3Z3V6PWJZ0YEVJ,8,3,7,1,152185,Reviewed
1362,2022-10-20 21:22:31,8HW0W30BYRS5BP31R,114,3,3,3,327866,Pending
5191,2022-10-20 23:36:57,XT1T36HKGDS31GXPB,151,3,8,2,109492,Pending
2086,2022-10-21 01:46:50,D8VDUVJ83VFL6UBA6,99,1,1,2,103309,Reviewed
268,2022-10-22 23:59:58,22565JYVSFPXZPP6Z,152,1,2,2,376263,Reviewed
5123,2022-10-23 05:19:32,XJM3C8SJ0K4C9YBPN,197,3,2,2,242283,Reviewed
1401,2022-10-23 08:07:51,8V1U4KD04RRJ591DM,34,4,1,2,104683,Pending
3516,2022-10-24 04:07:04,MF9RML9LN2R0XVH27,133,2,3,3,36277,Reviewed
4532,2022-10-25 01:37:00,TU77FFKG4X58SGNVY,168,1,1,2,137268,Pending
1037,2022-10-25 11:29:52,6UJBGZJS8CYY7MDK6,120,3,2,2,68491,Pending
1514,2022-10-25 11:55:24,9MSWAZYAS6ZP602U2,196,2,8,2,19034,Reviewed
5125,2022-10-26 20:40:58,XJM3C8SJ0K4C9YBPN,197,3,3,3,246716,Reviewed
5428,2022-10-26 21:41:12,ZMZSTW0N5TEGB2AJP,103,1,5,1,559552,Reviewed
3787,2022-10-29 02:42:30,NPY3J9UAN0S2MVLJA,132,3,5,1,225509,Pending
917,2022-10-29 03:00:08,6DFG5GT1YAFFPXCCJ,101,4,5,1,280707,Pending
1944,2022-10-30 04:24:09,CXARA374JS844UHCW,95,2,2,2,39519,Pending
3208,2022-10-30 13:40:09,L1F3Z3V6PWJZ0YEVJ,8,3,4,2,152005,Reviewed
579,2022-10-30 19:24:18,4H0ATNXZXSTAVAUK9,49,4,1,2,27509,Pending
2560,2022-10-31 06:52:29,G0DRZG0NXG30T0S1W,10,3,3,3,76139,Reviewed
4718,2022-10-31 08:04:17,VCG10G65EGXJDZVB1,218,2,2,2,227954,Reviewed
3320,2022-11-01 08:41:32,LG23C72VD30DLY2S8,203,1,1,2,374986,Pending
5390,2022-11-01 12:54:28,Z6SKVC89K8ZSK95DN,84,2,3,3,341592,Reviewed
5475,2022-11-02 10:22:48,ZUYBP0D2AV7P75SG8,184,2,2,2,383211,Reviewed
3788,2022-11-03 04:22:34,NPY3J9UAN0S2MVLJA,132,3,3,3,222988,Pending
1193,2022-11-04 01:41:10,7FKRT1DYME5RP2J3M,118,4,2,2,324723,Reviewed
3317,2022-11-04 12:32:57,LG23C72VD30DLY2S8,92,1,6,3,377548,Reviewed
1281,2022-11-05 05:33:37,7XESAC9E3RSK2HN20,197,3,4,2,181419,Pending
1556,2022-11-05 18:40:40,A227NHDP9MGZH634F,23,3,8,2,217987,Reviewed
2736,2022-11-05 21:23:14,GW04E3V3MDA7EZUKV,171,2,2,2,49725,Reviewed
1123,2022-11-06 05:07:01,72EF2Z9YCA7RT1T0A,183,4,3,3,207483,Pending
456,2022-11-07 04:51:05,3SG3YK3RUGPXR2FA0,147,3,2,2,388153,Pending
1125,2022-11-07 04:54:51,72EF2Z9YCA7RT1T0A,183,4,6,3,202669,Pending
238,2022-11-07 09:49:28,20V9JUZFJJEFKK2M8,86,3,2,2,25541,Pending
263,2022-11-07 15:38:24,22565JYVSFPXZPP6Z,152,1,8,2,372748,Reviewed
1446,2022-11-07 20:39:23,983AMB3LRXPXCR779,191,3,3,3,264674,Reviewed
3730,2022-11-07 23:05:08,NFAZ37WG698V696CE,64,4,5,1,307358,Pending
2672,2022-11-08 00:24:48,GHE8HCDP6DHGYL9ZU,121,1,8,2,126334,Pending
4063,2022-11-08 17:34:27,R9KZSM26HKPRAGCVA,8,3,2,2,26315,Pending
5149,2022-11-08 22:23:57,XRKCF08W882N80J9W,100,2,3,3,199716,Pending
5427,2022-11-08 23:29:26,ZMZSTW0N5TEGB2AJP,103,1,2,2,560881,Pending
414,2022-11-09 15:45:28,34L2W0MRDYAMX3VND,51,2,2,2,130184,Pending
1842,2022-11-09 16:16:21,CCDVDFT5VSYGCZ3S6,147,4,5,1,113047,Pending
4244,2022-11-11 20:56:45,SHCLPFAU2EKUZT1K2,139,4,4,2,131165,Pending
4962,2022-11-11 21:05:21,WGDNEMANL8VHT0R8F,64,4,5,1,144678,Pending
2005,2022-11-11 23:28:42,D3RGJHNELAZ0HVLHC,219,4,6,3,109285,Pending
5455,2022-11-12 19:26:47,ZT8LNNDMSFZ37WZLH,27,4,3,3,192203,Reviewed
4525,2022-11-13 12:32:57,TSXGBDE47TF7BNGJX,191,3,1,2,358667,Pending
4526,2022-11-13 20:11:13,TSXGBDE47TF7BNGJX,191,3,1,2,361221,Pending
5372,2022-11-14 01:24:45,Z65SJN3H03PMU0JKP,183,4,7,1,169443,Reviewed
2085,2022-11-14 01:40:16,D8VDUVJ83VFL6UBA6,99,1,4,2,108218,Pending
3325,2022-11-14 12:41:44,LHMG9JW7EYR334B9N,46,3,4,2,236650,Reviewed
3254,2022-11-14 18:28:27,LBX03DT0MYKPG101C,179,1,2,2,99427,Pending
1364,2022-11-15 14:06:06,8HW0W30BYRS5BP31R,114,3,1,2,326739,Reviewed
2455,2022-11-16 10:50:02,FC2NLB8JRT7XFTE2H,206,2,2,2,105995,Pending
2562,2022-11-16 23:18:57,G0DRZG0NXG30T0S1W,10,3,8,2,77202,Reviewed
5374,2022-11-18 10:22:16,Z65SJN3H03PMU0JKP,213,4,6,3,170660,Reviewed
2351,2022-11-19 06:11:24,ETAM4BE52T8V80E1R,11,1,8,2,440320,Pending
3890,2022-11-19 07:30:16,PF85C5F2K1YDTR3LZ,97,4,5,1,154367,Reviewed
4716,2022-11-19 15:27:05,VCG10G65EGXJDZVB1,218,2,2,2,231584,Reviewed
2219,2022-11-19 17:58:03,EC8HP4UD3ABDG2CJ8,10,3,2,2,74509,Reviewed
784,2022-11-20 00:06:34,5L3YFVLG0SG9R4WJL,74,1,6,3,115547,Pending
430,2022-11-20 07:16:07,39V6XUWMK20Z0UJLW,3,1,8,2,103201,Pending
2037,2022-11-22 14:27:38,D43E8B7R0TNRM6KRE,26,3,1,2,452683,Reviewed
1572,2022-11-23 18:10:27,A7YFH0MD13VPYNW1Z,157,1,1,2,60542,Pending
2611,2022-11-24 00:01:21,G4C8K6E18FRZ2ADLD,86,3,3,3,179787,Pending
4677,2022-11-26 01:17:20,UWDA0W46ETMSXGEBE,132,3,5,1,29583,Reviewed
1770,2022-11-27 05:12:48,BHK2V2TTVJU9U12RH,49,4,4,2,123019,Reviewed
106,2022-11-27 11:33:52,0TLEYDX6LRXLWVNLR,132,3,6,3,160310,Reviewed
124,2022-11-27 14:20:09,0XVGZXM7T7NBNSBNY,124,1,4,2,146703,Pending
3729,2022-11-27 19:47:19,NFAZ37WG698V696CE,64,4,2,2,309555,Pending
123,2022-11-27 20:55:15,0XVGZXM7T7NBNSBNY,124,1,6,3,148580,Reviewed
2038,2022-11-29 03:45:25,D43E8B7R0TNRM6KRE,26,3,6,3,454040,Pending
1771,2022-11-29 07:49:43,BHK2V2TTVJU9U12RH,49,4,6,3,123364,Reviewed
1862,2022-11-29 13:31:32,CF0X1LDALMJEGRVPA,134,1,1,2,460498,Pending
3685,2022-11-30 05:44:18,NDA47E2J7W3A3U45C,74,1,2,2,416371,Reviewed
1441,2022-11-30 07:54:08,983AMB3LRXPXCR779,68,3,1,2,266200,Pending
1772,2022-12-02 02:53:24,BHK2V2TTVJU9U12RH,49,4,5,1,124478,Pending
2035,2022-12-02 05:01:34,D43E8B7R0TNRM6KRE,26,3,2,2,453802,Reviewed
3330,2022-12-04 04:44:44,LHMG9JW7EYR334B9N,46,3,5,1,237287,Pending
44,2022-12-04 12:47:46,0FV2AFDVPHSNSJ7NL,33,1,5,1,360686,Pending
233,2022-12-04 13:17:51,20V9JUZFJJEFKK2M8,86,3,5,1,27313,Pending
2630,2022-12-05 13:31:55,G8V0B7LT1AZMK99KC,147,2,8,2,385508,Reviewed
3889,2022-12-05 20:53:29,PF85C5F2K1YDTR3LZ,97,4,5,1,152439,Pending
2220,2022-12-06 04:49:58,EC8HP4UD3ABDG2CJ8,10,3,2,2,77445,Pending
4963,2022-12-06 15:20:29,WGDNEMANL8VHT0R8F,64,4,2,2,141185,Pending
1398,2022-12-06 18:35:16,8V1U4KD04RRJ591DM,34,4,2,2,105777,Reviewed
2683,2022-12-06 23:06:23,GLYULF7MM20YZXGJV,63,3,4,2,224922,Pending
577,2022-12-07 05:51:06,4H0ATNXZXSTAVAUK9,49,4,2,2,29595,Pending
3721,2022-12-07 10:53:45,NFAZ37WG698V696CE,187,4,3,3,309560,Reviewed
3329,2022-12-07 16:55:03,LHMG9JW7EYR334B9N,46,3,4,2,235918,Pending
45,2022-12-08 02:29:15,0FV2AFDVPHSNSJ7NL,33,1,4,2,360264,Pending
2082,2022-12-10 04:22:25,D8VDUVJ83VFL6UBA6,99,1,2,2,106963,Reviewed
4294,2022-12-10 09:33:37,SMTVNJDV0HTB5JSNE,71,2,4,2,194748,Reviewed
2749,2022-12-10 11:58:12,GZCSFFT38THV9MJZF,36,3,1,2,94459,Reviewed
4695,2022-12-10 12:23:23,V1RXWZ1SJ0WSPB7H7,120,3,1,2,272754,Reviewed
2636,2022-12-11 13:44:02,G8V0B7LT1AZMK99KC,147,2,4,2,384273,Pending
426,2022-12-12 05:56:57,39V6XUWMK20Z0UJLW,3,1,4,2,104332,Pending
1520,2022-12-12 10:54:11,9MSWAZYAS6ZP602U2,178,2,7,1,20598,Pending
2632,2022-12-13 20:16:51,G8V0B7LT1AZMK99KC,147,2,2,2,380549,Reviewed
3183,2022-12-14 03:09:37,KUTF8FY0W4V4ABYWY,200,3,3,3,346385,Pending
1242,2022-12-14 08:20:41,7PL93ACZUY1FN0GG8,69,1,4,2,95410,Pending
2634,2022-12-14 18:34:42,G8V0B7LT1AZMK99KC,147,2,1,2,383698,Pending
4582,2022-12-16 09:24:17,TZZUEAG4ARUM9Y798,159,3,2,2,51924,Pending
2087,2022-12-16 12:49:31,D8VDUVJ83VFL6UBA6,99,1,8,2,106030,Pending
1353,2022-12-17 22:18:18,8FVAU274THG83J1NR,203,1,2,2,151669,Pending
1863,2022-12-18 00:30:07,CF0X1LDALMJEGRVPA,134,1,2,2,459559,Reviewed
1038,2022-12-18 05:54:08,6UJBGZJS8CYY7MDK6,120,3,3,3,71485,Pending
107,2022-12-21 01:46:49,0TLEYDX6LRXLWVNLR,132,3,1,2,158283,Pending
219,2022-12-21 07:51:00,1ZCZ6BD0UGV4X8XJW,205,3,7,1,308675,Pending
3105,2022-12-21 17:30:19,KC4LPTYDUG6NRJSHJ,140,3,5,1,184408,Pending
1822,2022-12-21 18:43:54,C8V8NPZEMDM06TGPH,121,3,4,2,52905,Pending
5320,2022-12-22 05:06:49,YRZM52YG8R7BEFFL0,220,3,6,3,209848,Pending
5185,2022-12-22 16:13:51,XT1T36HKGDS31GXPB,151,3,5,1,109789,Pending
234,2022-12-23 04:20:47,20V9JUZFJJEFKK2M8,86,3,2,2,26439,Pending
2735,2022-12-23 20:02:30,GW04E3V3MDA7EZUKV,171,2,2,2,51771,Pending
1342,2022-12-24 03:45:01,8DJKLVZLWZGEVKCVX,92,1,2,2,356752,Reviewed
2436,2022-12-25 18:59:17,F4AS7B7W2X4K3VC0U,32,3,1,2,250049,Reviewed
1861,2022-12-26 10:10:24,CF0X1LDALMJEGRVPA,134,1,2,2,461880,Pending
1864,2022-12-26 14:48:54,CF0X1LDALMJEGRVPA,134,1,1,2,462901,Pending
1276,2022-12-28 04:08:00,7XESAC9E3RSK2HN20,109,3,1,2,178215,Pending
838,2022-12-29 05:37:54,5ZFZFLS8YRA96F2AM,10,3,1,2,60009,Pending
785,2022-12-30 00:41:28,5L3YFVLG0SG9R4WJL,74,1,5,1,115320,Reviewed
4292,2022-12-30 07:00:02,SMTVNJDV0HTB5JSNE,71,2,8,2,194880,Pending
2457,2022-12-30 15:43:06,FC2NLB8JRT7XFTE2H,206,2,3,3,106102,Pending
5387,2022-12-30 18:43:19,Z6SKVC89K8ZSK95DN,84,2,2,2,342388,Pending
2670,2022-12-30 22:23:58,GHE8HCDP6DHGYL9ZU,121,1,4,2,127112,Reviewed
3205,2022-12-31 05:18:11,L1F3Z3V6PWJZ0YEVJ,8,3,3,3,149027,Pending
4678,2022-12-31 05:43:55,UWDA0W46ETMSXGEBE,132,3,1,2,29274,Pending
1343,2023-01-01 08:22:36,8DJKLVZLWZGEVKCVX,92,1,3,3,359878,Reviewed
5247,2023-01-01 15:47:36,Y0AMKZGXYPRLPD9S7,74,3,2,2,210780,Pending
1947,2023-01-02 04:32:45,CXARA374JS844UHCW,95,2,6,3,38221,Pending
2896,2023-01-02 04:53:42,JBCL88D0UGUJXF1PD,111,1,1,2,102788,Pending
64,2023-01-02 16:30:56,0LUGZ36M8KB9X4VNW,126,4,1,2,104602,Pending
505,2023-01-03 10:37:21,424CSE5LPGGBV9UC0,148,2,2,2,379535,Reviewed
3690,2023-01-03 10:56:16,NDA47E2J7W3A3U45C,74,1,2,2,416001,Pending
2946,2023-01-04 16:37:18,JZ630EDRMUN3T8NN2,146,1,7,1,163142,Reviewed
5127,2023-01-05 22:02:27,XJM3C8SJ0K4C9YBPN,197,3,1,2,246409,Reviewed
5433,2023-01-06 06:31:13,ZMZSTW0N5TEGB2AJP,103,1,1,2,559452,Pending
2866,2023-01-06 07:39:01,J8MGPP1NPRV9Z303V,20,2,2,2,208471,Pending
4487,2023-01-07 01:08:42,TLUDKXVFF225XF89Y,185,3,4,2,210314,Pending
3103,2023-01-07 01:26:37,KC4LPTYDUG6NRJSHJ,140,3,2,2,188487,Pending
842,2023-01-07 11:06:22,5ZFZFLS8YRA96F2AM,10,3,5,1,62280,Pending
507,2023-01-07 14:00:30,424CSE5LPGGBV9UC0,148,2,5,1,380251,Pending
5187,2023-01-07 18:27:23,XT1T36HKGDS31GXPB,151,3,1,2,111573,Pending
413,2023-01-07 20:28:55,34L2W0MRDYAMX3VND,51,2,3,3,132243,Pending
2084,2023-01-08 12:35:32,D8VDUVJ83VFL6UBA6,99,1,6,3,105150,Pending
2684,2023-01-08 12:40:50,GLYULF7MM20YZXGJV,63,3,5,1,225884,Reviewed
1048,2023-01-08 19:09:42,6UJBGZJS8CYY7MDK6,119,3,1,2,66546,Pending
2055,2023-01-08 20:39:45,D5EM3WAJEPDCRMWRH,102,3,8,2,494217,Pending
4293,2023-01-09 07:39:50,SMTVNJDV0HTB5JSNE,71,2,2,2,195168,Pending
2186,2023-01-10 02:27:35,E73GNNW9JBXGU3LB3,20,3,4,2,141934,Pending
2453,2023-01-10 05:41:07,FC2NLB8JRT7XFTE2H,206,2,1,2,108000,Pending
2613,2023-01-10 14:55:36,G4C8K6E18FRZ2ADLD,39,3,1,2,183348,Pending
2674,2023-01-10 18:21:28,GHE8HCDP6DHGYL9ZU,121,1,1,2,125142,Pending
4965,2023-01-11 04:06:48,WGDNEMANL8VHT0R8F,64,4,1,2,146280,Pending
5431,2023-01-11 09:33:50,ZMZSTW0N5TEGB2AJP,103,1,2,2,560300,Pending
1341,2023-01-11 14:09:11,8DJKLVZLWZGEVKCVX,92,1,1,2,356620,Pending
3284,2023-01-12 13:29:57,LC72E3KD9H82EU5W3,59,3,7,1,320102,Pending
2002,2023-01-14 02:14:08,D3RGJHNELAZ0HVLHC,219,4,1,2,109687,Pending
193,2023-01-15 00:46:16,1T2PFGBAYZSMPGBJ0,56,3,1,2,54497,Pending
4291,2023-01-15 01:12:47,SMTVNJDV0HTB5JSNE,71,2,5,1,194906,Pending
2947,2023-01-15 07:21:26,JZ630EDRMUN3T8NN2,146,1,4,2,165845,Pending
4584,2023-01-15 09:48:36,TZZUEAG4ARUM9Y798,159,3,3,3,51793,Pending
220,2023-01-16 11:08:28,1ZCZ6BD0UGV4X8XJW,205,3,5,1,305881,Pending
4295,2023-01-16 12:26:40,SMTVNJDV0HTB5JSNE,71,2,4,2,199507,Reviewed
4290,2023-01-16 12:55:01,SMTVNJDV0HTB5JSNE,71,2,1,2,196777,Pending
4531,2023-01-17 16:09:17,TU77FFKG4X58SGNVY,168,1,4,2,137471,Reviewed
237,2023-01-18 12:09:54,20V9JUZFJJEFKK2M8,86,3,2,2,24285,Pending
2609,2023-01-18 22:45:18,G4C8K6E18FRZ2ADLD,86,3,1,2,183299,Pending
3687,2023-01-19 08:02:04,NDA47E2J7W3A3U45C,74,1,1,2,416674,Reviewed
5153,2023-01-19 21:16:55,XRKCF08W882N80J9W,201,2,4,2,199597,Pending
5154,2023-01-19 21:46:39,XRKCF08W882N80J9W,201,2,6,3,200747,Pending
1847,2023-01-20 09:08:24,CCDVDFT5VSYGCZ3S6,147,4,2,2,113299,Reviewed
1127,2023-01-22 10:51:41,72EF2Z9YCA7RT1T0A,183,4,3,3,202462,Pending
2685,2023-01-22 11:12:38,GLYULF7MM20YZXGJV,63,3,5,1,222569,Reviewed
2056,2023-01-22 15:09:46,D5EM3WAJEPDCRMWRH,102,3,2,2,496233,Reviewed
412,2023-01-22 17:33:50,34L2W0MRDYAMX3VND,51,2,2,2,130035,Pending
841,2023-01-22 19:08:00,5ZFZFLS8YRA96F2AM,10,3,4,2,63256,Pending
2080,2023-01-22 21:50:06,D8VDUVJ83VFL6UBA6,99,1,1,2,108433,Pending
2751,2023-01-23 16:44:37,GZCSFFT38THV9MJZF,36,3,2,2,99811,Reviewed
5152,2023-01-24 23:33:20,XRKCF08W882N80J9W,201,2,5,1,197814,Reviewed
5388,2023-01-25 08:55:46,Z6SKVC89K8ZSK95DN,84,2,4,2,339105,Reviewed
5375,2023-01-25 12:15:45,Z65SJN3H03PMU0JKP,213,4,2,2,168024,Pending
2948,2023-01-25 20:40:43,JZ630EDRMUN3T8NN2,146,1,4,2,160460,Reviewed
4118,2023-01-26 11:58:50,RSX3WMCSBNKY9CWNW,131,2,4,2,149944,Pending
105,2023-01-26 16:24:57,0TLEYDX6LRXLWVNLR,132,3,3,3,157288,Pending
1399,2023-01-26 16:33:07,8V1U4KD04RRJ591DM,34,4,2,2,107017,Pending
269,2023-01-27 03:46:17,22565JYVSFPXZPP6Z,152,1,2,2,373280,Pending
1845,2023-01-27 20:03:40,CCDVDFT5VSYGCZ3S6,147,4,4,2,112647,Reviewed
3647,2023-01-28 15:33:58,N4PY5EL3MPYS9XFB7,52,2,8,2,163257,Pending
3684,2023-01-29 13:17:01,NDA47E2J7W3A3U45C,74,1,2,2,417346,Reviewed
4488,2023-01-30 22:03:06,TLUDKXVFF225XF89Y,185,3,7,1,210750,Pending
1246,2023-02-01 00:56:58,7PL93ACZUY1FN0GG8,69,1,5,1,94780,Reviewed
5155,2023-02-01 15:48:06,XRKCF08W882N80J9W,201,2,1,2,202633,Pending
2949,2023-02-02 10:37:09,JZ630EDRMUN3T8NN2,146,1,4,2,160507,Pending
236,2023-02-03 00:14:22,20V9JUZFJJEFKK2M8,86,3,8,2,24044,Pending
1555,2023-02-03 22:02:10,A227NHDP9MGZH634F,23,3,7,1,218500,Reviewed
266,2023-02-05 03:14:41,22565JYVSFPXZPP6Z,152,1,4,2,374812,Reviewed
1844,2023-02-05 10:35:07,CCDVDFT5VSYGCZ3S6,147,4,2,2,113164,Pending
1360,2023-02-06 10:00:33,8HW0W30BYRS5BP31R,114,3,7,1,330516,Pending
5323,2023-02-06 20:50:13,YRZM52YG8R7BEFFL0,121,3,3,3,207212,Pending
1126,2023-02-07 14:35:57,72EF2Z9YCA7RT1T0A,183,4,5,1,205504,Pending
3833,2023-02-07 23:50:22,NWUFA6D9DS95UEWYL,129,1,3,3,498306,Pending
3108,2023-02-08 02:18:47,KC4LPTYDUG6NRJSHJ,140,3,8,2,187673,Pending
3686,2023-02-08 11:19:30,NDA47E2J7W3A3U45C,74,1,2,2,417785,Pending
3383,2023-02-09 19:47:13,LKVSL0G7A51NPPP1N,95,2,3,3,92117,Reviewed
264,2023-02-09 20:11:34,22565JYVSFPXZPP6Z,152,1,1,2,376265,Pending
3559,2023-02-10 12:22:12,MM5R62NGXCFXT3E5V,95,2,5,1,141124,Reviewed
5373,2023-02-11 21:20:41,Z65SJN3H03PMU0JKP,213,4,1,2,171346,Pending
235,2023-02-11 23:15:12,20V9JUZFJJEFKK2M8,86,3,1,2,24082,Pending
2808,2023-02-12 02:30:53,HEC4D246BM2ENF423,95,2,3,3,196545,Pending
5246,2023-02-12 09:16:49,Y0AMKZGXYPRLPD9S7,74,3,1,2,208565,Reviewed
93,2023-02-13 11:22:14,0PSSSEGW1EC25M2JA,214,4,2,2,32417,Pending
2865,2023-02-14 03:47:44,J8MGPP1NPRV9Z303V,20,2,3,3,210313,Pending
239,2023-02-16 06:03:11,20V9JUZFJJEFKK2M8,86,3,3,3,27287,Reviewed
2807,2023-02-16 09:41:25,HEC4D246BM2ENF423,95,2,8,2,196204,Pending
5078,2023-02-16 18:20:05,X9GEZBE5SFM6W3YXF,58,1,4,2,318904,Pending
3206,2023-02-17 04:57:16,L1F3Z3V6PWJZ0YEVJ,8,3,2,2,148622,Pending
4533,2023-02-17 10:57:04,TU77FFKG4X58SGNVY,168,1,1,2,138296,Reviewed
5189,2023-02-17 12:50:14,XT1T36HKGDS31GXPB,151,3,5,1,113653,Pending
1047,2023-02-17 15:55:15,6UJBGZJS8CYY7MDK6,119,3,1,2,69378,Reviewed
3018,2023-02-17 22:20:24,K5ADFWER3J0T35MCE,51,2,2,2,173972,Reviewed
240,2023-02-20 02:44:56,20V9JUZFJJEFKK2M8,86,3,2,2,27231,Pending
2617,2023-02-21 01:05:19,G4C8K6E18FRZ2ADLD,39,3,3,3,182326,Pending
1040,2023-02-21 09:53:20,6UJBGZJS8CYY7MDK6,120,3,4,2,67729,Pending
2036,2023-02-21 13:15:45,D43E8B7R0TNRM6KRE,26,3,2,2,452753,Reviewed
2836,2023-02-21 15:29:25,HU71KVTFGXMLJDKAW,52,2,2,2,464581,Pending
109,2023-02-22 00:45:21,0TLEYDX6LRXLWVNLR,132,3,2,2,155676,Reviewed
5478,2023-02-22 01:57:13,ZUYBP0D2AV7P75SG8,184,2,4,2,379012,Pending
3281,2023-02-22 22:50:01,LC72E3KD9H82EU5W3,59,3,5,1,317509,Pending
3515,2023-02-22 23:54:25,MF9RML9LN2R0XVH27,133,2,1,2,38696,Pending
502,2023-02-23 13:40:16,424CSE5LPGGBV9UC0,148,2,3,3,380609,Reviewed
4964,2023-02-23 14:30:21,WGDNEMANL8VHT0R8F,64,4,4,2,146229,Pending
3017,2023-02-23 18:04:05,K5ADFWER3J0T35MCE,51,2,1,2,169847,Pending
415,2023-02-23 20:18:50,34L2W0MRDYAMX3VND,51,2,5,1,131442,Reviewed
1194,2023-02-23 22:51:56,7FKRT1DYME5RP2J3M,118,4,1,2,329826,Pending
3731,2023-02-25 09:51:43,NFAZ37WG698V696CE,64,4,3,3,311989,Reviewed
1553,2023-02-26 05:05:06,A227NHDP9MGZH634F,23,3,2,2,223128,Pending
3726,2023-02-26 18:21:37,NFAZ37WG698V696CE,64,4,4,2,311701,Pending
2923,2023-02-27 06:19:52,JSZ4PDTY4NYXKDC9Y,200,3,3,3,124362,Pending
3020,2023-02-27 10:25:03,K5ADFWER3J0T35MCE,51,2,7,1,171590,Pending
1439,2023-02-27 11:50:52,983AMB3LRXPXCR779,68,3,8,2,264082,Pending
4242,2023-02-27 14:59:29,SHCLPFAU2EKUZT1K2,139,4,2,2,132370,Pending
2618,2023-02-28 04:41:12,G4C8K6E18FRZ2ADLD,39,3,4,2,182092,Reviewed
1873,2023-02-28 12:14:21,CJB1RNXAFDREYVGTZ,58,1,4,2,262774,Reviewed
108,2023-02-28 17:48:58,0TLEYDX6LRXLWVNLR,132,3,1,2,159756,Pending
199,2023-02-28 18:24:48,1T2PFGBAYZSMPGBJ0,56,3,1,2,49096,Pending
3019,2023-03-01 04:10:51,K5ADFWER3J0T35MCE,51,2,4,2,174843,Pending
5248,2023-03-01 16:46:42,Y0AMKZGXYPRLPD9S7,74,3,6,3,210550,Pending
4758,2023-03-03 17:54:12,VJV8M2T01S1MEVG69,185,1,2,2,191470,Reviewed
1298,2023-03-04 07:17:06,83EMAZB4RWASKCRX1,130,4,3,3,244331,Pending
3324,2023-03-04 17:07:00,LG23C72VD30DLY2S8,203,1,2,2,377781,Pending
2454,2023-03-06 00:28:04,FC2NLB8JRT7XFTE2H,206,2,2,2,106716,Reviewed
416,2023-03-06 05:27:30,34L2W0MRDYAMX3VND,51,2,4,2,132302,Pending
5079,2023-03-06 20:40:05,X9GEZBE5SFM6W3YXF,58,1,2,2,316211,Pending
2456,2023-03-08 12:29:55,FC2NLB8JRT7XFTE2H,206,2,2,2,107932,Pending
1039,2023-03-09 00:31:14,6UJBGZJS8CYY7MDK6,120,3,4,2,66620,Reviewed
4485,2023-03-09 15:51:05,TLUDKXVFF225XF89Y,185,3,5,1,210020,Pending
971,2023-03-10 07:33:45,6JNA90N9J9G1DYGN8,152,1,5,1,62017,Pending
3327,2023-03-11 03:39:38,LHMG9JW7EYR334B9N,46,3,2,2,233504,Pending
972,2023-03-11 09:43:50,6JNA90N9J9G1DYGN8,152,1,2,2,58339,Reviewed
2437,2023-03-11 16:50:10,F4AS7B7W2X4K3VC0U,32,3,4,2,251811,Pending
2438,2023-03-11 17:35:32,F4AS7B7W2X4K3VC0U,32,3,3,3,253660,Pending
11,2023-03-11 22:11:53,049DFP25CA80JTX5R,133,2,5,1,173842,Pending
2525,2023-03-12 03:01:18,FR3BHAHHXH18L1GG9,95,2,4,2,49619,Pending
2961,2023-03-12 08:50:40,K154BLTZK4VXHK8B3,62,1,2,2,117988,Pending
1825,2023-03-13 05:09:49,C8V8NPZEMDM06TGPH,121,3,2,2,52267,Pending
1106,2023-03-14 01:54:27,70SRPPAV8P1XKJTEU,118,4,4,2,435241,Pending
1989,2023-03-15 03:17:45,D3EWNW5KFS6D063Y2,109,3,2,2,8966,Pending
2184,2023-03-15 06:34:37,E73GNNW9JBXGU3LB3,20,3,2,2,139640,Pending
1846,2023-03-17 13:56:56,CCDVDFT5VSYGCZ3S6,147,4,6,3,116453,Pending
781,2023-03-17 14:02:07,5L3YFVLG0SG9R4WJL,74,1,6,3,118818,Pending
1274,2023-03-18 22:36:40,7XESAC9E3RSK2HN20,109,3,6,3,178828,Pending
2745,2023-03-19 05:30:03,GZCSFFT38THV9MJZF,36,3,2,2,99118,Pending
3403,2023-03-19 18:05:15,LL43J0MUMEEK2P7FH,34,4,1,2,74246,Pending
4245,2023-03-20 08:27:42,SHCLPFAU2EKUZT1K2,139,4,5,1,130466,Pending
1447,2023-03-20 08:39:25,983AMB3LRXPXCR779,191,3,5,1,266894,Reviewed
388,2023-03-21 01:53:44,2Y7PW6UGP4JK8YNLP,39,3,7,1,337624,Pending
2959,2023-03-22 00:19:39,K154BLTZK4VXHK8B3,62,1,5,1,114122,Pending
4693,2023-03-22 19:06:21,V1RXWZ1SJ0WSPB7H7,120,3,4,2,275387,Pending
2894,2023-03-23 00:15:46,JBCL88D0UGUJXF1PD,111,1,2,2,103874,Pending
2054,2023-03-23 17:11:24,D5EM3WAJEPDCRMWRH,102,3,5,1,498332,Pending
1245,2023-03-23 20:03:48,7PL93ACZUY1FN0GG8,69,1,4,2,95067,Pending
1396,2023-03-25 05:17:47,8V1U4KD04RRJ591DM,34,4,2,2,104921,Reviewed
389,2023-03-25 16:14:47,2Y7PW6UGP4JK8YNLP,39,3,4,2,340131,Pending
3513,2023-03-26 17:12:14,MF9RML9LN2R0XVH27,133,2,8,2,37148,Pending
3952,2023-03-27 04:35:28,PST7M0AKGMHH6MW4Y,130,4,5,1,182061,Pending
2906,2023-03-27 16:59:44,JGVTT8HSSV117RCEA,110,1,2,2,57398,Reviewed
1554,2023-03-28 09:47:37,A227NHDP9MGZH634F,23,3,3,3,221228,Pending
3289,2023-03-29 00:28:52,LC72E3KD9H82EU5W3,197,3,8,2,317433,Pending
3386,2023-03-29 02:14:57,LKVSL0G7A51NPPP1N,95,2,4,2,94035,Pending
3888,2023-03-29 12:25:26,PF85C5F2K1YDTR3LZ,97,4,6,3,154384,Pending
4235,2023-03-30 15:35:46,SHCLPFAU2EKUZT1K2,202,4,2,2,130561,Reviewed
5091,2023-03-31 13:50:00,XBYYFAEATMU4JN151,36,3,1,2,320098,Reviewed
5391,2023-04-03 22:01:10,Z6SKVC89K8ZSK95DN,84,2,6,3,339141,Reviewed
1444,2023-04-05 20:14:57,983AMB3LRXPXCR779,191,3,2,2,266557,Pending
4129,2023-04-06 11:38:14,RXJ2C9PFRT1243AN5,157,1,2,2,285196,Reviewed
5126,2023-04-07 14:07:04,XJM3C8SJ0K4C9YBPN,197,3,7,1,244938,Reviewed
3514,2023-04-07 21:02:19,MF9RML9LN2R0XVH27,133,2,1,2,37025,Reviewed
2669,2023-04-07 21:05:23,GHE8HCDP6DHGYL9ZU,121,1,1,2,125110,Pending
4834,2023-04-08 01:21:43,W0B1PHH5BTK31LWZL,52,2,4,2,195755,Pending
5245,2023-04-08 03:00:42,Y0AMKZGXYPRLPD9S7,74,3,6,3,209059,Reviewed
2614,2023-04-08 03:33:05,G4C8K6E18FRZ2ADLD,39,3,3,3,182292,Pending
5092,2023-04-08 07:04:13,XBYYFAEATMU4JN151,36,3,4,2,319719,Pending
5080,2023-04-08 16:36:32,X9GEZBE5SFM6W3YXF,58,1,3,3,316811,Pending
2518,2023-04-08 19:53:05,FR3BHAHHXH18L1GG9,147,2,1,2,45557,Pending
780,2023-04-11 02:41:10,5L3YFVLG0SG9R4WJL,74,1,5,1,119622,Reviewed
1328,2023-04-11 04:16:33,88K696SE7AJVL7X8B,35,3,4,2,210474,Pending
3400,2023-04-11 10:29:49,LL43J0MUMEEK2P7FH,34,4,5,1,76366,Pending
3258,2023-04-11 21:45:06,LBX03DT0MYKPG101C,179,1,3,3,100860,Pending
5190,2023-04-12 03:54:09,XT1T36HKGDS31GXPB,151,3,1,2,112220,Pending
194,2023-04-13 14:04:42,1T2PFGBAYZSMPGBJ0,56,3,2,2,54097,Pending
4754,2023-04-14 12:09:21,VJV8M2T01S1MEVG69,185,1,4,2,191508,Pending
1823,2023-04-14 16:51:14,C8V8NPZEMDM06TGPH,121,3,2,2,55599,Pending
4756,2023-04-15 15:45:43,VJV8M2T01S1MEVG69,185,1,2,2,190709,Pending
3053,2023-04-15 23:35:20,K9UP02J8S9H6KZK92,137,2,5,1,55796,Pending
3830,2023-04-17 19:14:59,NWUFA6D9DS95UEWYL,129,1,4,2,495504,Pending
4409,2023-04-17 23:29:05,TAKGJYSKD8VS6UJAT,101,2,2,2,340463,Pending
2615,2023-04-18 23:28:21,G4C8K6E18FRZ2ADLD,39,3,2,2,180484,Pending
5249,2023-04-19 09:01:21,Y0AMKZGXYPRLPD9S7,74,3,5,1,206563,Pending
1124,2023-04-19 21:42:48,72EF2Z9YCA7RT1T0A,183,4,3,3,205105,Pending
1397,2023-04-20 09:53:26,8V1U4KD04RRJ591DM,34,4,4,2,107544,Reviewed
265,2023-04-20 15:01:59,22565JYVSFPXZPP6Z,152,1,3,3,371429,Pending
15,2023-04-21 22:20:00,049DFP25CA80JTX5R,133,2,7,1,175712,Reviewed
1326,2023-04-22 08:45:22,88K696SE7AJVL7X8B,35,3,5,1,209172,Reviewed
267,2023-04-23 15:57:17,22565JYVSFPXZPP6Z,152,1,5,1,372287,Pending
3405,2023-04-23 19:53:05,LL43J0MUMEEK2P7FH,34,4,5,1,72162,Reviewed
3055,2023-04-24 19:10:04,K9UP02J8S9H6KZK92,137,2,1,2,55174,Pending
2517,2023-04-26 20:46:56,FR3BHAHHXH18L1GG9,147,2,5,1,49326,Reviewed
110,2023-04-27 07:23:30,0TLEYDX6LRXLWVNLR,132,3,2,2,156987,Reviewed
1827,2023-04-27 14:18:35,C8V8NPZEMDM06TGPH,121,3,5,1,52271,Pending
3404,2023-04-28 00:13:41,LL43J0MUMEEK2P7FH,34,4,2,2,75115,Pending
417,2023-04-29 20:55:57,34L2W0MRDYAMX3VND,51,2,2,2,129488,Pending
3723,2023-05-01 11:17:59,NFAZ37WG698V696CE,187,4,1,2,311334,Reviewed
1043,2023-05-02 03:17:20,6UJBGZJS8CYY7MDK6,120,3,7,1,68583,Reviewed
2640,2023-05-02 19:45:21,G8V0B7LT1AZMK99KC,95,2,5,1,383719,Pending
1361,2023-05-03 00:43:56,8HW0W30BYRS5BP31R,114,3,4,2,327987,Reviewed
1843,2023-05-04 04:11:01,CCDVDFT5VSYGCZ3S6,147,4,5,1,116728,Pending
5046,2023-05-05 10:17:18,X39AX4HPAS5G59P9R,72,3,3,3,237401,Pending
221,2023-05-06 04:26:58,1ZCZ6BD0UGV4X8XJW,205,3,1,2,305126,Reviewed
3318,2023-05-07 22:05:36,LG23C72VD30DLY2S8,203,1,6,3,375278,Pending
2182,2023-05-07 22:41:32,E73GNNW9JBXGU3LB3,20,3,5,1,136815,Pending
1365,2023-05-08 01:22:22,8HW0W30BYRS5BP31R,114,3,1,2,327604,Pending
2233,2023-05-08 10:58:39,EJ32GZMCM1L3LJK5S,195,1,4,2,75492,Reviewed
3054,2023-05-10 11:54:37,K9UP02J8S9H6KZK92,137,2,4,2,55410,Pending
3887,2023-05-11 11:45:10,PF85C5F2K1YDTR3LZ,97,4,5,1,151810,Pending
1993,2023-05-11 13:30:20,D3EWNW5KFS6D063Y2,109,3,4,2,9024,Pending
1006,2023-05-11 18:43:01,6R2X40P7VUY0BDS55,32,3,7,1,335709,Reviewed
3832,2023-05-11 20:02:58,NWUFA6D9DS95UEWYL,129,1,7,1,493704,Pending
1945,2023-05-13 08:33:01,CXARA374JS844UHCW,95,2,2,2,40102,Pending
5352,2023-05-14 11:06:54,Z59F1N2PJGFHZ63S0,74,1,4,2,484746,Reviewed
1563,2023-05-14 17:34:47,A34U1LFVRVNXNB7R7,211,4,1,2,73324,Pending
2236,2023-05-16 21:24:23,EJ32GZMCM1L3LJK5S,195,1,1,2,74068,Reviewed
4961,2023-05-17 01:05:04,WGDNEMANL8VHT0R8F,64,4,2,2,144481,Reviewed
391,2023-05-17 10:57:03,2Y7PW6UGP4JK8YNLP,39,3,4,2,336589,Pending
2744,2023-05-17 13:35:21,GZCSFFT38THV9MJZF,36,3,1,2,99535,Reviewed
3915,2023-05-17 17:20:14,PLEATK6P1W93M0ZYS,172,3,4,2,316238,Pending
4676,2023-05-18 02:29:15,UWDA0W46ETMSXGEBE,132,3,6,3,28893,Reviewed
2922,2023-05-18 08:46:11,JSZ4PDTY4NYXKDC9Y,200,3,1,2,122817,Pending
1946,2023-05-18 22:06:17,CXARA374JS844UHCW,95,2,2,2,35018,Reviewed
1327,2023-05-21 00:28:50,88K696SE7AJVL7X8B,35,3,4,2,208494,Pending
4408,2023-05-22 05:34:11,TAKGJYSKD8VS6UJAT,101,2,4,2,336637,Reviewed
2057,2023-05-22 15:38:55,D5EM3WAJEPDCRMWRH,102,3,2,2,498257,Pending
2354,2023-05-22 20:26:50,ETAM4BE52T8V80E1R,168,1,2,2,444334,Pending
970,2023-05-22 21:02:57,6JNA90N9J9G1DYGN8,152,1,1,2,61953,Pending
4527,2023-05-22 21:46:31,TU77FFKG4X58SGNVY,168,1,6,3,134212,Reviewed
3953,2023-05-24 08:27:01,PST7M0AKGMHH6MW4Y,130,4,2,2,182402,Pending
3917,2023-05-25 20:55:31,PLEATK6P1W93M0ZYS,172,3,5,1,315591,Reviewed
2439,2023-05-26 05:35:32,F4AS7B7W2X4K3VC0U,32,3,7,1,252975,Pending
1160,2023-05-26 15:25:54,7DEAMZER9U9FL1DEZ,46,3,2,2,176770,Reviewed
1877,2023-05-26 22:36:31,CJB1RNXAFDREYVGTZ,58,1,3,3,264415,Pending
1195,2023-05-29 04:04:15,7FKRT1DYME5RP2J3M,118,4,5,1,325718,Pending
160,2023-05-29 10:33:16,1G3K3P4AJEAY2CS7E,52,3,4,2,75310,Reviewed
2234,2023-05-30 12:22:52,EJ32GZMCM1L3LJK5S,195,1,4,2,71138,Pending
5454,2023-05-30 19:32:05,ZT8LNNDMSFZ37WZLH,27,4,2,2,191523,Pending
3918,2023-05-31 21:49:09,PLEATK6P1W93M0ZYS,172,3,8,2,314147,Pending
3259,2023-06-01 21:14:17,LBX03DT0MYKPG101C,179,1,3,3,104331,Pending
1602,2023-06-02 00:13:33,AHE8XP2HEHYXC4TUX,151,3,2,2,109086,Pending
2058,2023-06-02 16:42:43,D5EM3WAJEPDCRMWRH,102,3,1,2,495110,Pending
3280,2023-06-03 15:56:35,LC72E3KD9H82EU5W3,59,3,5,1,319920,Reviewed
1597,2023-06-03 21:35:09,ABZ595CPJ0D2YUAS0,20,3,3,3,37612,Reviewed
61,2023-06-04 17:32:25,0LUGZ36M8KB9X4VNW,126,4,1,2,102632,Pending
3401,2023-06-04 19:25:05,LL43J0MUMEEK2P7FH,34,4,1,2,74290,Reviewed
4239,2023-06-06 19:37:23,SHCLPFAU2EKUZT1K2,139,4,2,2,127570,Pending
1601,2023-06-07 05:59:48,AHE8XP2HEHYXC4TUX,151,3,5,1,109563,Pending
4410,2023-06-08 16:20:21,TAKGJYSKD8VS6UJAT,101,2,2,2,337060,Pending
2183,2023-06-09 23:42:48,E73GNNW9JBXGU3LB3,20,3,3,3,138405,Reviewed
65,2023-06-10 02:40:30,0LUGZ36M8KB9X4VNW,126,4,2,2,103793,Reviewed
176,2023-06-10 04:41:23,1SYMCUHRGJ4MWVTMZ,101,2,8,2,226848,Pending
4599,2023-06-10 05:31:27,U4APEC9LGZULCSFMV,181,3,1,2,156927,Reviewed
3136,2023-06-11 07:19:58,KEF838YF8Z72HWFLZ,126,4,1,2,155568,Reviewed
4581,2023-06-11 14:58:54,TZZUEAG4ARUM9Y798,159,3,7,1,50571,Pending
178,2023-06-12 10:35:14,1SYMCUHRGJ4MWVTMZ,101,2,2,2,228281,Reviewed
3402,2023-06-14 00:27:15,LL43J0MUMEEK2P7FH,34,4,7,1,74170,Reviewed
2356,2023-06-14 11:09:30,ETAM4BE52T8V80E1R,168,1,3,3,440331,Reviewed
94,2023-06-14 11:39:54,0PSSSEGW1EC25M2JA,214,4,2,2,34729,Reviewed
3321,2023-06-14 15:36:49,LG23C72VD30DLY2S8,203,1,2,2,378379,Reviewed
4712,2023-06-15 05:55:44,V4BAX0951WVKTTWXZ,169,3,4,2,215765,Pending
3104,2023-06-16 09:26:25,KC4LPTYDUG6NRJSHJ,140,3,2,2,187238,Pending
2409,2023-06-17 05:55:51,F161P4WEL9UM7WNAY,10,3,1,2,110572,Reviewed
2624,2023-06-17 19:34:21,G4C8K6E18FRZ2ADLD,107,3,1,2,180282,Reviewed
3455,2023-06-19 11:23:04,M73KEZN9483KK0MRJ,87,1,5,1,157589,Reviewed
4832,2023-06-20 12:29:10,W0B1PHH5BTK31LWZL,52,2,2,2,199188,Pending
2435,2023-06-20 18:02:16,F4AS7B7W2X4K3VC0U,32,3,2,2,252047,Pending
4583,2023-06-20 23:17:46,TZZUEAG4ARUM9Y798,159,3,2,2,52498,Pending
2924,2023-06-20 23:39:11,JSZ4PDTY4NYXKDC9Y,200,3,2,2,128475,Reviewed
4596,2023-06-21 00:59:47,U4APEC9LGZULCSFMV,181,3,1,2,153386,Pending
1295,2023-06-21 05:53:09,83EMAZB4RWASKCRX1,130,4,1,2,244440,Pending
5076,2023-06-21 19:25:43,X9GEZBE5SFM6W3YXF,58,1,1,2,318484,Pending
2639,2023-06-21 20:20:29,G8V0B7LT1AZMK99KC,95,2,2,2,384180,Pending
1329,2023-06-22 06:50:40,88K696SE7AJVL7X8B,35,3,1,2,211933,Pending
4830,2023-06-23 11:25:16,W0B1PHH5BTK31LWZL,52,2,7,1,196313,Pending
4331,2023-06-23 19:09:55,SUR685PGM6Y7R8AGV,74,2,1,2,217898,Pending
4842,2023-06-25 13:54:56,W1LVYBJ9VV3BL8AMK,131,2,5,1,280714,Pending
1282,2023-06-26 13:42:34,7XESAC9E3RSK2HN20,197,3,1,2,178431,Pending
4534,2023-06-26 20:42:43,TU77FFKG4X58SGNVY,168,1,2,2,135501,Pending
154,2023-06-26 22:01:04,1G3K3P4AJEAY2CS7E,52,3,2,2,73304,Reviewed
2638,2023-06-29 15:46:06,G8V0B7LT1AZMK99KC,95,2,4,2,382528,Pending
4835,2023-06-29 18:01:25,W0B1PHH5BTK31LWZL,52,2,5,1,198581,Pending
181,2023-07-02 03:00:07,1SYMCUHRGJ4MWVTMZ,101,2,2,2,227663,Reviewed
55,2023-07-02 07:22:41,0KBTG7LAZ64ZECT0D,171,2,4,2,151704,Pending
1448,2023-07-02 13:38:03,983AMB3LRXPXCR779,120,3,6,3,262653,Pending
1249,2023-07-02 17:06:18,7PL93ACZUY1FN0GG8,69,1,5,1,97758,Pending
1849,2023-07-02 17:28:02,CCDVDFT5VSYGCZ3S6,147,4,5,1,117442,Pending
1848,2023-07-04 07:32:48,CCDVDFT5VSYGCZ3S6,147,4,2,2,114980,Reviewed
392,2023-07-04 14:58:08,2Y7PW6UGP4JK8YNLP,39,3,7,1,337540,Pending
1377,2023-07-05 07:32:49,8RRCADVXL9220UB8L,183,4,2,2,175748,Pending
3291,2023-07-05 08:42:58,LC72E3KD9H82EU5W3,197,3,2,2,318712,Reviewed
1943,2023-07-05 10:12:31,CXARA374JS844UHCW,95,2,4,2,38110,Pending
4831,2023-07-06 06:51:58,W0B1PHH5BTK31LWZL,52,2,7,1,200104,Reviewed
4836,2023-07-06 21:26:33,W0B1PHH5BTK31LWZL,52,2,4,2,197429,Reviewed
5328,2023-07-08 13:40:05,YRZM52YG8R7BEFFL0,121,3,2,2,208385,Pending
63,2023-07-09 06:07:18,0LUGZ36M8KB9X4VNW,126,4,4,2,106986,Pending
5089,2023-07-09 07:22:53,XBYYFAEATMU4JN151,36,3,4,2,324019,Reviewed
4841,2023-07-09 23:56:11,W1LVYBJ9VV3BL8AMK,131,2,1,2,279466,Reviewed
3648,2023-07-11 02:10:13,N4PY5EL3MPYS9XFB7,52,2,6,3,160235,Pending
4833,2023-07-11 06:55:35,W0B1PHH5BTK31LWZL,52,2,3,3,196542,Pending
3626,2023-07-11 21:41:50,MZ9Y8TZLDMSVZP14K,39,3,2,2,97705,Reviewed
1323,2023-07-12 00:58:51,86TNVDS5YZFC4KL8C,206,2,2,2,58167,Pending
3279,2023-07-13 04:28:20,LC72E3KD9H82EU5W3,59,3,2,2,321900,Reviewed
1132,2023-07-13 06:57:24,72EF2Z9YCA7RT1T0A,183,4,5,1,207668,Reviewed
4530,2023-07-13 17:44:42,TU77FFKG4X58SGNVY,168,1,3,3,138287,Pending
54,2023-07-14 00:41:35,0KBTG7LAZ64ZECT0D,171,2,5,1,154525,Reviewed
1375,2023-07-16 14:03:32,8RRCADVXL9220UB8L,183,4,2,2,173425,Reviewed
5326,2023-07-16 21:26:42,YRZM52YG8R7BEFFL0,121,3,5,1,206007,Pending
2620,2023-07-17 22:47:25,G4C8K6E18FRZ2ADLD,107,3,4,2,180454,Pending
1443,2023-07-19 10:02:34,983AMB3LRXPXCR779,191,3,1,2,267143,Pending
2235,2023-07-20 20:34:06,EJ32GZMCM1L3LJK5S,195,1,4,2,72512,Pending
57,2023-07-20 23:30:20,0KBTG7LAZ64ZECT0D,171,2,1,2,150104,Pending
1141,2023-07-21 00:50:20,792VWLGELX9HWH4TS,207,2,1,2,265030,Pending
1320,2023-07-24 07:26:09,86TNVDS5YZFC4KL8C,206,2,5,1,56673,Reviewed
5048,2023-07-26 04:02:20,X39AX4HPAS5G59P9R,72,3,3,3,237355,Pending
4682,2023-07-26 18:36:57,UWDA0W46ETMSXGEBE,192,3,2,2,28890,Pending
3288,2023-07-26 23:11:23,LC72E3KD9H82EU5W3,197,3,1,2,317326,Pending
1325,2023-07-27 08:17:50,88K696SE7AJVL7X8B,35,3,5,1,212160,Pending
1163,2023-07-28 07:09:31,7DEAMZER9U9FL1DEZ,159,3,2,2,176507,Reviewed
3809,2023-07-29 02:50:46,NW6TN972K89REP01K,74,3,1,2,39554,Pending
2521,2023-07-30 15:44:39,FR3BHAHHXH18L1GG9,95,2,3,3,47197,Pending
2621,2023-07-30 18:28:24,G4C8K6E18FRZ2ADLD,107,3,2,2,181582,Pending
4763,2023-08-01 04:22:27,VJV8M2T01S1MEVG69,113,1,2,2,190185,Reviewed
5047,2023-08-01 13:00:33,X39AX4HPAS5G59P9R,72,3,5,1,236141,Pending
1042,2023-08-01 19:29:42,6UJBGZJS8CYY7MDK6,120,3,2,2,70716,Reviewed
2059,2023-08-02 15:49:21,D5EM3WAJEPDCRMWRH,102,3,5,1,493184,Pending
2622,2023-08-04 14:55:12,G4C8K6E18FRZ2ADLD,107,3,4,2,183404,Pending
3387,2023-08-05 15:35:20,LKVSL0G7A51NPPP1N,95,2,4,2,92082,Pending
2798,2023-08-06 02:04:16,HBE67J3YJ4UAMWNC0,112,1,1,2,90442,Pending
1376,2023-08-06 19:31:20,8RRCADVXL9220UB8L,183,4,2,2,175702,Pending
4130,2023-08-06 19:41:21,RXJ2C9PFRT1243AN5,157,1,2,2,287984,Pending
4759,2023-08-07 03:01:11,VJV8M2T01S1MEVG69,185,1,8,2,193369,Pending
4327,2023-08-07 18:19:49,SUR685PGM6Y7R8AGV,74,2,3,3,221571,Pending
4486,2023-08-09 22:01:26,TLUDKXVFF225XF89Y,185,3,2,2,207057,Reviewed
3260,2023-08-11 08:59:25,LBX03DT0MYKPG101C,179,1,6,3,99163,Reviewed
1247,2023-08-13 03:02:31,7PL93ACZUY1FN0GG8,69,1,7,1,93439,Pending
3644,2023-08-13 06:57:34,N4PY5EL3MPYS9XFB7,52,2,2,2,162945,Reviewed
3452,2023-08-14 14:01:04,M73KEZN9483KK0MRJ,87,1,1,2,163026,Pending
4411,2023-08-14 18:22:54,TAKGJYSKD8VS6UJAT,101,2,2,2,340166,Reviewed
5049,2023-08-15 12:22:22,X39AX4HPAS5G59P9R,72,3,6,3,239330,Pending
1161,2023-08-16 14:22:23,7DEAMZER9U9FL1DEZ,46,3,4,2,180660,Pending
1283,2023-08-17 00:43:54,7XESAC9E3RSK2HN20,197,3,7,1,179828,Pending
1196,2023-08-18 01:56:26,7FKRT1DYME5RP2J3M,118,4,4,2,326280,Pending
2327,2023-08-19 00:35:32,ER768UZ8R20UCMP2R,101,2,5,1,205853,Reviewed
2359,2023-08-20 04:51:37,ETAM4BE52T8V80E1R,168,1,1,2,443041,Pending
2950,2023-08-20 08:12:05,JZ630EDRMUN3T8NN2,146,1,4,2,161611,Pending
2041,2023-08-20 20:43:30,D43E8B7R0TNRM6KRE,76,3,3,3,453424,Reviewed
1991,2023-08-21 05:18:01,D3EWNW5KFS6D063Y2,109,3,4,2,7327,Reviewed
1400,2023-08-21 07:03:50,8V1U4KD04RRJ591DM,34,4,5,1,105164,Reviewed
1445,2023-08-21 07:55:06,983AMB3LRXPXCR779,191,3,4,2,264427,Pending
1374,2023-08-21 08:19:50,8RRCADVXL9220UB8L,183,4,5,1,175165,Pending
4127,2023-08-21 09:45:01,RXJ2C9PFRT1243AN5,157,1,2,2,283548,Reviewed
4757,2023-08-22 09:26:14,VJV8M2T01S1MEVG69,185,1,5,1,192512,Pending
3628,2023-08-22 14:45:21,MZ9Y8TZLDMSVZP14K,39,3,2,2,95908,Pending
1990,2023-08-23 06:50:11,D3EWNW5KFS6D063Y2,109,3,2,2,7242,Pending
1598,2023-08-23 16:05:27,ABZ595CPJ0D2YUAS0,20,3,5,1,32579,Pending
598,2023-08-25 02:36:35,4KWT1H3FKYYEYKF6Y,184,2,8,2,279650,Pending
3257,2023-08-25 15:27:01,LBX03DT0MYKPG101C,179,1,1,2,101984,Pending
1442,2023-08-26 21:40:51,983AMB3LRXPXCR779,191,3,2,2,263291,Pending
4846,2023-08-27 13:01:25,W1LVYBJ9VV3BL8AMK,131,2,1,2,283841,Pending
4489,2023-08-27 22:02:26,TLUDKXVFF225XF89Y,185,3,3,3,209080,Pending
4240,2023-08-29 14:19:39,SHCLPFAU2EKUZT1K2,139,4,1,2,128058,Pending
4131,2023-08-30 11:04:07,RXJ2C9PFRT1243AN5,157,1,6,3,287618,Pending
958,2023-08-31 15:44:13,6GAYRJ7CRETTBJDY1,147,2,5,1,249128,Pending
2516,2023-09-01 12:42:35,FR3BHAHHXH18L1GG9,147,2,1,2,46375,Pending
4328,2023-09-01 19:24:51,SUR685PGM6Y7R8AGV,74,2,3,3,221340,Pending
5075,2023-09-01 23:53:52,X9GEZBE5SFM6W3YXF,58,1,7,1,319058,Pending
3457,2023-09-02 05:22:30,M73KEZN9483KK0MRJ,87,1,3,3,159712,Pending
1793,2023-09-02 05:47:14,C033UAZB6BBLJZ3N0,150,3,1,2,304199,Reviewed
4205,2023-09-02 15:43:02,S822W0WFXX4EZB8DA,11,1,1,2,22006,Pending
4117,2023-09-02 22:16:23,RSX3WMCSBNKY9CWNW,131,2,2,2,150583,Pending
155,2023-09-04 04:40:00,1G3K3P4AJEAY2CS7E,52,3,5,1,74698,Pending
1105,2023-09-05 22:58:17,70SRPPAV8P1XKJTEU,118,4,8,2,438226,Pending
1830,2023-09-07 21:01:15,C8V8NPZEMDM06TGPH,74,3,2,2,51048,Pending
1104,2023-09-08 10:41:08,70SRPPAV8P1XKJTEU,118,4,3,3,435262,Pending
4101,2023-09-08 10:46:20,RSDWWKAR60RYWX19J,52,3,1,2,158381,Reviewed
1832,2023-09-09 22:25:59,C8V8NPZEMDM06TGPH,74,3,3,3,56733,Pending
157,2023-09-10 06:04:35,1G3K3P4AJEAY2CS7E,52,3,4,2,77233,Pending
2794,2023-09-10 11:39:32,HBE67J3YJ4UAMWNC0,60,1,1,2,94044,Pending
2046,2023-09-10 15:30:28,D43E8B7R0TNRM6KRE,76,3,2,2,453565,Pending
198,2023-09-11 00:14:00,1T2PFGBAYZSMPGBJ0,56,3,1,2,50099,Pending
2329,2023-09-11 19:33:13,ER768UZ8R20UCMP2R,101,2,4,2,204694,Pending
1159,2023-09-12 02:16:58,7DEAMZER9U9FL1DEZ,46,3,1,2,177431,Reviewed
2748,2023-09-12 05:38:18,GZCSFFT38THV9MJZF,36,3,7,1,97492,Reviewed
1562,2023-09-12 22:12:09,A34U1LFVRVNXNB7R7,211,4,6,3,68737,Pending
2960,2023-09-13 00:33:17,K154BLTZK4VXHK8B3,62,1,8,2,117976,Pending
5182,2023-09-13 01:06:54,XSZDTV4FBL5EFJP7M,184,2,4,2,119742,Pending
2643,2023-09-13 06:01:28,G8V0B7LT1AZMK99KC,95,2,2,2,384689,Pending
3323,2023-09-14 00:20:40,LG23C72VD30DLY2S8,203,1,4,2,373511,Reviewed
1221,2023-09-14 20:47:20,7HTJ9YS6R6HK18NJF,36,3,7,1,52341,Reviewed
4837,2023-09-15 23:00:36,W0B1PHH5BTK31LWZL,52,2,4,2,198444,Pending
3385,2023-09-18 14:45:09,LKVSL0G7A51NPPP1N,95,2,4,2,95963,Reviewed
53,2023-09-18 23:53:13,0KBTG7LAZ64ZECT0D,171,2,7,1,151781,Pending
954,2023-09-19 02:09:43,6GAYRJ7CRETTBJDY1,147,2,5,1,246198,Pending
504,2023-09-19 10:37:40,424CSE5LPGGBV9UC0,148,2,4,2,377287,Reviewed
4537,2023-09-19 16:12:24,TVYA14261MBX8TJ84,33,1,1,2,377524,Pending
2619,2023-09-20 05:10:16,G4C8K6E18FRZ2ADLD,107,3,5,1,181034,Pending
1634,2023-09-20 09:52:06,AR5JRH7876PB91TRP,116,1,1,2,158716,Pending
56,2023-09-20 11:07:25,0KBTG7LAZ64ZECT0D,171,2,3,3,155044,Pending
5151,2023-09-20 13:52:22,XRKCF08W882N80J9W,100,2,2,2,197954,Pending
5128,2023-09-20 22:28:47,XJM3C8SJ0K4C9YBPN,197,3,3,3,246218,Pending
4755,2023-09-21 05:54:14,VJV8M2T01S1MEVG69,185,1,2,2,188542,Pending
62,2023-09-21 08:23:14,0LUGZ36M8KB9X4VNW,126,4,4,2,102267,Pending
1395,2023-09-22 07:15:03,8V1U4KD04RRJ591DM,34,4,2,2,108458,Pending
506,2023-09-22 09:05:23,424CSE5LPGGBV9UC0,148,2,8,2,375662,Pending
5150,2023-09-22 09:27:16,XRKCF08W882N80J9W,100,2,3,3,201154,Pending
2408,2023-09-24 04:53:05,F161P4WEL9UM7WNAY,10,3,2,2,107566,Pending
3815,2023-09-24 07:59:03,NW6TN972K89REP01K,74,3,2,2,37924,Reviewed
5324,2023-09-24 14:59:49,YRZM52YG8R7BEFFL0,121,3,2,2,206657,Pending
1633,2023-09-25 19:17:30,AR5JRH7876PB91TRP,116,1,3,3,156232,Pending
2475,2023-09-26 00:34:42,FEJ3YF58TA5CW56PM,56,3,2,2,216588,Pending
5354,2023-09-26 18:29:13,Z59F1N2PJGFHZ63S0,74,1,2,2,480748,Pending
2839,2023-09-28 15:23:35,HU71KVTFGXMLJDKAW,52,2,2,2,461951,Reviewed
3322,2023-09-28 20:00:07,LG23C72VD30DLY2S8,203,1,4,2,374210,Reviewed
5077,2023-09-29 18:39:11,X9GEZBE5SFM6W3YXF,58,1,2,2,318864,Pending
4329,2023-09-29 20:47:23,SUR685PGM6Y7R8AGV,74,2,2,2,223367,Pending
2838,2023-09-30 17:36:37,HU71KVTFGXMLJDKAW,52,2,3,3,462600,Reviewed
2152,2023-10-01 00:30:44,E094D7SVRX2X5616S,196,2,2,2,130070,Reviewed
4764,2023-10-01 03:53:40,VJV8M2T01S1MEVG69,113,1,4,2,189376,Reviewed
2663,2023-10-02 04:12:32,GAD7Y48Y0D5EY6V86,207,2,2,2,118140,Pending
2797,2023-10-02 12:55:11,HBE67J3YJ4UAMWNC0,112,1,7,1,92957,Reviewed
2040,2023-10-02 17:51:22,D43E8B7R0TNRM6KRE,76,3,1,2,453887,Reviewed
4535,2023-10-03 15:08:40,TVYA14261MBX8TJ84,33,1,3,3,380375,Pending
957,2023-10-03 20:43:34,6GAYRJ7CRETTBJDY1,147,2,4,2,249472,Pending
1378,2023-10-04 00:21:36,8RRCADVXL9220UB8L,183,4,7,1,172892,Reviewed
5349,2023-10-04 20:55:23,Z59F1N2PJGFHZ63S0,74,1,5,1,481461,Pending
2490,2023-10-05 05:03:01,FEYC19DUNRFLL8W6F,151,3,7,1,263517,Pending
1222,2023-10-05 16:57:27,7HTJ9YS6R6HK18NJF,36,3,2,2,49997,Pending
1831,2023-10-06 11:42:22,C8V8NPZEMDM06TGPH,74,3,4,2,52939,Pending
1321,2023-10-06 18:09:23,86TNVDS5YZFC4KL8C,206,2,2,2,58677,Reviewed
1799,2023-10-08 00:06:38,C033UAZB6BBLJZ3N0,150,3,2,2,307431,Pending
3646,2023-10-08 04:09:53,N4PY5EL3MPYS9XFB7,52,2,5,1,164888,Pending
4556,2023-10-08 18:40:02,TXTP0CUXKLTG3UNX4,160,1,4,2,532239,Reviewed
2522,2023-10-08 21:40:03,FR3BHAHHXH18L1GG9,95,2,7,1,48293,Pending
1220,2023-10-09 14:22:35,7HTJ9YS6R6HK18NJF,36,3,4,2,50963,Pending
3454,2023-10-10 20:15:00,M73KEZN9483KK0MRJ,87,1,3,3,159441,Pending
1829,2023-10-11 00:00:16,C8V8NPZEMDM06TGPH,74,3,4,2,54730,Pending
4241,2023-10-11 04:18:49,SHCLPFAU2EKUZT1K2,139,4,7,1,128873,Reviewed
4713,2023-10-11 10:33:16,V4BAX0951WVKTTWXZ,169,3,2,2,216992,Pending
1995,2023-10-12 13:06:24,D3EWNW5KFS6D063Y2,109,3,2,2,10159,Pending
4562,2023-10-12 18:41:56,TXTP0CUXKLTG3UNX4,160,1,3,3,534223,Pending
2945,2023-10-13 04:50:52,JZ630EDRMUN3T8NN2,146,1,1,2,162830,Reviewed
3539,2023-10-13 10:32:08,MK4UFMALXWMB1JCD0,211,4,8,2,296655,Pending
4333,2023-10-13 23:45:40,SUR685PGM6Y7R8AGV,74,2,2,2,223218,Reviewed
390,2023-10-14 22:34:00,2Y7PW6UGP4JK8YNLP,39,3,5,1,339971,Reviewed
955,2023-10-15 05:59:23,6GAYRJ7CRETTBJDY1,147,2,2,2,249569,Pending
1223,2023-10-16 00:03:43,7HTJ9YS6R6HK18NJF,36,3,2,2,51568,Reviewed
2746,2023-10-16 09:39:10,GZCSFFT38THV9MJZF,36,3,5,1,96012,Pending
1224,2023-10-18 03:38:06,7HTJ9YS6R6HK18NJF,36,3,4,2,49314,Pending
5355,2023-10-19 19:01:42,Z59F1N2PJGFHZ63S0,74,1,5,1,478921,Pending
5194,2023-10-20 18:23:19,XT1T36HKGDS31GXPB,150,3,6,3,112829,Pending
4171,2023-10-22 20:02:44,S0UA7ZWCSBUYLWL6L,23,3,1,2,119626,Pending
2661,2023-10-23 04:52:13,GAD7Y48Y0D5EY6V86,207,2,7,1,114358,Pending
393,2023-10-23 08:13:56,2Y7PW6UGP4JK8YNLP,39,3,4,2,339581,Pending
1139,2023-10-24 19:57:41,792VWLGELX9HWH4TS,207,2,2,2,262959,Pending
1635,2023-10-25 01:07:32,AR5JRH7876PB91TRP,116,1,3,3,156226,Pending
159,2023-10-25 05:25:44,1G3K3P4AJEAY2CS7E,52,3,2,2,77223,Pending
4243,2023-10-25 06:07:27,SHCLPFAU2EKUZT1K2,139,4,3,3,132381,Pending
4168,2023-10-26 11:28:18,S0UA7ZWCSBUYLWL6L,23,3,2,2,116878,Reviewed
1004,2023-10-26 12:20:03,6R2X40P7VUY0BDS55,32,3,2,2,338068,Pending
2725,2023-10-27 20:13:34,GT3ZFK8GX9C5HJKV3,112,1,4,2,167762,Reviewed
3630,2023-10-28 07:45:59,MZ9Y8TZLDMSVZP14K,39,3,6,3,99220,Reviewed
1046,2023-10-28 17:42:27,6UJBGZJS8CYY7MDK6,119,3,6,3,67242,Pending
843,2023-10-29 11:35:21,5ZFZFLS8YRA96F2AM,10,3,1,2,63069,Pending
4598,2023-10-30 17:02:18,U4APEC9LGZULCSFMV,181,3,2,2,157847,Reviewed
1453,2023-10-31 01:41:12,983AMB3LRXPXCR779,120,3,2,2,266397,Pending
4104,2023-10-31 06:57:56,RSDWWKAR60RYWX19J,52,3,2,2,159972,Reviewed
2662,2023-10-31 22:24:17,GAD7Y48Y0D5EY6V86,207,2,3,3,114044,Pending
2793,2023-10-31 23:23:31,HBE67J3YJ4UAMWNC0,60,1,4,2,90291,Reviewed
1045,2023-11-01 14:21:56,6UJBGZJS8CYY7MDK6,119,3,2,2,70482,Reviewed
4680,2023-11-01 16:56:56,UWDA0W46ETMSXGEBE,192,3,1,2,31707,Pending
2840,2023-11-02 06:56:51,HU71KVTFGXMLJDKAW,52,2,4,2,463157,Pending
4167,2023-11-02 12:57:36,S0UA7ZWCSBUYLWL6L,23,3,2,2,117154,Pending
5088,2023-11-06 10:37:29,XBYYFAEATMU4JN151,36,3,3,3,322803,Pending
2623,2023-11-07 06:43:05,G4C8K6E18FRZ2ADLD,107,3,2,2,182344,Pending
4714,2023-11-07 09:29:28,V4BAX0951WVKTTWXZ,169,3,2,2,218939,Reviewed
4170,2023-11-07 21:23:43,S0UA7ZWCSBUYLWL6L,23,3,2,2,118115,Pending
180,2023-11-08 18:57:47,1SYMCUHRGJ4MWVTMZ,101,2,2,2,228305,Pending
158,2023-11-10 08:48:12,1G3K3P4AJEAY2CS7E,52,3,1,2,76774,Pending
4600,2023-11-13 04:15:56,U4APEC9LGZULCSFMV,181,3,5,1,157360,Reviewed
1576,2023-11-13 10:08:31,A7YFH0MD13VPYNW1Z,99,1,2,2,58324,Reviewed
4536,2023-11-14 19:57:58,TVYA14261MBX8TJ84,33,1,3,3,377508,Pending
196,2023-11-17 05:33:02,1T2PFGBAYZSMPGBJ0,56,3,2,2,50158,Pending
2988,2023-11-17 15:11:02,K4F85VVDD3EC2HGPZ,25,1,2,2,274802,Pending
2792,2023-11-18 14:26:19,HBE67J3YJ4UAMWNC0,60,1,4,2,92835,Pending
1637,2023-11-18 16:10:26,AR5JRH7876PB91TRP,116,1,7,1,158560,Pending
2476,2023-11-19 07:45:39,FEJ3YF58TA5CW56PM,56,3,1,2,213000,Pending
1874,2023-11-19 15:28:48,CJB1RNXAFDREYVGTZ,58,1,2,2,266983,Reviewed
4771,2023-11-20 13:07:10,VJV8M2T01S1MEVG69,179,1,1,2,190113,Pending
3456,2023-11-23 01:13:23,M73KEZN9483KK0MRJ,87,1,2,2,162347,Pending
1882,2023-11-25 03:42:24,CJB1RNXAFDREYVGTZ,110,1,2,2,267465,Reviewed
156,2023-11-25 13:46:33,1G3K3P4AJEAY2CS7E,52,3,1,2,76377,Reviewed
4560,2023-11-26 08:35:32,TXTP0CUXKLTG3UNX4,160,1,4,2,530966,Reviewed
2659,2023-11-26 11:30:21,GAD7Y48Y0D5EY6V86,207,2,7,1,113921,Reviewed
1573,2023-11-26 21:22:26,A7YFH0MD13VPYNW1Z,99,1,1,2,59043,Pending
4238,2023-11-27 13:06:30,SHCLPFAU2EKUZT1K2,139,4,2,2,128146,Pending
1636,2023-11-27 20:46:40,AR5JRH7876PB91TRP,116,1,2,2,154138,Pending
2237,2023-11-28 14:03:25,EJ32GZMCM1L3LJK5S,195,1,1,2,73142,Reviewed
4209,2023-11-29 21:48:50,S822W0WFXX4EZB8DA,11,1,2,2,26631,Pending
4128,2023-11-30 02:57:30,RXJ2C9PFRT1243AN5,157,1,4,2,287288,Pending
2147,2023-12-03 04:59:29,DYJ37B9H43M44FW30,169,3,1,2,424116,Pending
3453,2023-12-03 16:40:55,M73KEZN9483KK0MRJ,87,1,1,2,159016,Pending
2045,2023-12-03 19:29:17,D43E8B7R0TNRM6KRE,76,3,4,2,455816,Pending
2837,2023-12-04 16:15:34,HU71KVTFGXMLJDKAW,52,2,4,2,460634,Pending
222,2023-12-06 02:12:33,1ZCZ6BD0UGV4X8XJW,150,3,6,3,309601,Pending
485,2023-12-07 05:31:28,3ZKCBRSGXL0159ENV,159,3,2,2,44841,Pending
1294,2023-12-09 00:21:54,83EMAZB4RWASKCRX1,130,4,1,2,245429,Pending
2791,2023-12-09 10:28:44,HBE67J3YJ4UAMWNC0,60,1,6,3,91755,Pending
2990,2023-12-09 11:57:54,K4F85VVDD3EC2HGPZ,25,1,1,2,276183,Pending
1140,2023-12-10 23:46:42,792VWLGELX9HWH4TS,207,2,1,2,266868,Reviewed
1003,2023-12-11 10:27:58,6R2X40P7VUY0BDS55,32,3,5,1,334369,Reviewed
2358,2023-12-12 02:01:42,ETAM4BE52T8V80E1R,168,1,5,1,442391,Pending
3814,2023-12-12 06:15:13,NW6TN972K89REP01K,74,3,2,2,36647,Pending
1044,2023-12-12 12:28:14,6UJBGZJS8CYY7MDK6,119,3,2,2,65593,Reviewed
4563,2023-12-13 20:23:43,TXTP0CUXKLTG3UNX4,160,1,7,1,530224,Pending
1322,2023-12-14 12:47:15,86TNVDS5YZFC4KL8C,206,2,3,3,55772,Pending
1574,2023-12-14 21:36:42,A7YFH0MD13VPYNW1Z,99,1,2,2,58801,Pending
1797,2023-12-15 22:33:08,C033UAZB6BBLJZ3N0,150,3,5,1,302586,Pending
4529,2023-12-16 13:54:49,TU77FFKG4X58SGNVY,168,1,1,2,138177,Pending
953,2023-12-16 15:04:57,6GAYRJ7CRETTBJDY1,147,2,4,2,248770,Pending
2796,2023-12-17 08:51:12,HBE67J3YJ4UAMWNC0,112,1,2,2,92241,Pending
2524,2023-12-17 12:33:44,FR3BHAHHXH18L1GG9,95,2,5,1,46619,Reviewed
4708,2023-12-20 04:52:27,V4BAX0951WVKTTWXZ,169,3,5,1,215836,Pending
2646,2023-12-20 08:20:08,G9F2A08G34C43ZEKJ,178,2,4,2,100644,Reviewed
1599,2023-12-20 10:39:14,ABZ595CPJ0D2YUAS0,20,3,6,3,35799,Pending
5350,2023-12-21 04:29:20,Z59F1N2PJGFHZ63S0,74,1,8,2,484214,Reviewed
1164,2023-12-22 04:15:57,7DEAMZER9U9FL1DEZ,159,3,3,3,177016,Pending
2660,2023-12-22 04:52:06,GAD7Y48Y0D5EY6V86,207,2,5,1,116037,Pending
3627,2023-12-22 23:43:13,MZ9Y8TZLDMSVZP14K,39,3,2,2,96310,Pending
1674,2023-12-23 06:56:27,B03UE6E7LNX4WTTTV,85,4,2,2,315472,Pending
4120,2023-12-24 04:05:29,RSX3WMCSBNKY9CWNW,131,2,1,2,151847,Pending
839,2023-12-24 16:01:38,5ZFZFLS8YRA96F2AM,10,3,2,2,59687,Pending
3811,2023-12-26 14:34:39,NW6TN972K89REP01K,74,3,5,1,36837,Pending
1676,2023-12-27 01:59:00,B03UE6E7LNX4WTTTV,85,4,2,2,312589,Reviewed
2154,2023-12-27 10:36:11,E094D7SVRX2X5616S,196,2,5,1,133817,Reviewed
4119,2023-12-27 20:56:22,RSX3WMCSBNKY9CWNW,131,2,3,3,148895,Pending
2153,2023-12-30 05:59:41,E094D7SVRX2X5616S,196,2,2,2,129921,Pending
1138,2023-12-30 22:37:54,792VWLGELX9HWH4TS,207,2,6,3,265970,Pending
844,2023-12-31 02:11:16,5ZFZFLS8YRA96F2AM,10,3,5,1,63234,Pending
2795,2023-12-31 19:12:50,HBE67J3YJ4UAMWNC0,60,1,1,2,93429,Pending
1142,2024-01-01 05:42:14,792VWLGELX9HWH4TS,207,2,1,2,267350,Pending
2726,2024-01-01 12:55:54,GT3ZFK8GX9C5HJKV3,112,1,3,3,165594,Reviewed
3536,2024-01-04 21:53:23,MK4UFMALXWMB1JCD0,211,4,4,2,295850,Pending
956,2024-01-05 09:25:55,6GAYRJ7CRETTBJDY1,147,2,6,3,248009,Reviewed
5327,2024-01-05 09:29:47,YRZM52YG8R7BEFFL0,121,3,2,2,206195,Pending
2523,2024-01-06 08:27:51,FR3BHAHHXH18L1GG9,95,2,8,2,46401,Pending
4558,2024-01-07 02:38:36,TXTP0CUXKLTG3UNX4,160,1,4,2,536044,Reviewed
3812,2024-01-08 17:45:13,NW6TN972K89REP01K,74,3,5,1,37156,Reviewed
547,2024-01-09 00:17:13,4BDREJ0GZAPDUX0P6,6,1,1,2,145116,Reviewed
4169,2024-01-09 07:48:44,S0UA7ZWCSBUYLWL6L,23,3,2,2,115021,Pending
1005,2024-01-09 07:57:02,6R2X40P7VUY0BDS55,32,3,2,2,337674,Pending
2989,2024-01-11 04:15:08,K4F85VVDD3EC2HGPZ,25,1,4,2,275509,Pending
933,2024-01-11 14:52:36,6F79PT7875AVD9K9U,82,4,5,1,98274,Pending
5351,2024-01-12 19:56:25,Z59F1N2PJGFHZ63S0,74,1,1,2,480534,Pending
4684,2024-01-13 12:59:52,UWDA0W46ETMSXGEBE,127,3,1,2,32198,Reviewed
3629,2024-01-13 21:56:19,MZ9Y8TZLDMSVZP14K,39,3,2,2,99173,Pending
4635,2024-01-15 02:04:20,ULVL0FZ991VCR2EMS,174,3,3,3,153354,Pending
1049,2024-01-15 06:03:16,6UJBGZJS8CYY7MDK6,119,3,3,3,65834,Pending
1876,2024-01-15 08:42:34,CJB1RNXAFDREYVGTZ,58,1,4,2,265147,Pending
225,2024-01-15 22:09:57,1ZCZ6BD0UGV4X8XJW,150,3,2,2,308564,Reviewed
1878,2024-01-18 13:37:31,CJB1RNXAFDREYVGTZ,110,1,8,2,265028,Reviewed
418,2024-01-18 18:17:28,34L2W0MRDYAMX3VND,84,2,4,2,129987,Pending
3574,2024-01-19 16:54:58,MVMZJ124GWE50UJ2K,150,3,2,2,76889,Pending
1675,2024-01-19 17:30:28,B03UE6E7LNX4WTTTV,85,4,1,2,311735,Pending
2723,2024-01-20 04:43:33,GT3ZFK8GX9C5HJKV3,112,1,4,2,165357,Pending
1594,2024-01-20 09:45:05,ABZ595CPJ0D2YUAS0,20,3,5,1,38105,Pending
2724,2024-01-21 01:35:01,GT3ZFK8GX9C5HJKV3,112,1,7,1,162713,Reviewed
2328,2024-01-21 09:19:10,ER768UZ8R20UCMP2R,101,2,8,2,205300,Pending
4634,2024-01-21 09:45:40,ULVL0FZ991VCR2EMS,174,3,2,2,154611,Reviewed
4633,2024-01-22 03:36:43,ULVL0FZ991VCR2EMS,174,3,4,2,151877,Pending
4330,2024-01-24 01:04:35,SUR685PGM6Y7R8AGV,74,2,3,3,221761,Pending
1560,2024-01-24 11:10:14,A227NHDP9MGZH634F,35,3,2,2,223036,Reviewed
2382,2024-01-25 22:55:04,EZHKM4MXD0C787X1R,173,1,1,2,359764,Pending
2385,2024-01-26 11:52:29,EZHKM4MXD0C787X1R,173,1,1,2,359443,Pending
4638,2024-01-26 16:53:59,ULVL0FZ991VCR2EMS,174,3,2,2,155211,Pending
1880,2024-01-27 22:41:52,CJB1RNXAFDREYVGTZ,110,1,2,2,266240,Pending
939,2024-01-28 01:27:57,6F79PT7875AVD9K9U,82,4,7,1,102014,Pending
3813,2024-01-30 15:53:02,NW6TN972K89REP01K,74,3,2,2,38398,Pending
2384,2024-01-31 02:32:00,EZHKM4MXD0C787X1R,173,1,5,1,356001,Pending
1243,2024-02-01 11:45:48,7PL93ACZUY1FN0GG8,69,1,2,2,94342,Pending
1879,2024-02-01 13:03:48,CJB1RNXAFDREYVGTZ,110,1,5,1,264095,Pending
4099,2024-02-01 21:53:41,RSDWWKAR60RYWX19J,52,3,4,2,160989,Reviewed
2649,2024-02-02 15:46:33,G9F2A08G34C43ZEKJ,178,2,3,3,100550,Reviewed
2698,2024-02-03 08:12:35,GPVV9UHJRZWDPNGMY,171,2,7,1,134675,Pending
1284,2024-02-04 17:38:12,7XESAC9E3RSK2HN20,197,3,2,2,181613,Pending
1673,2024-02-08 02:27:57,B03UE6E7LNX4WTTTV,85,4,4,2,313873,Reviewed
4098,2024-02-08 19:12:34,RSDWWKAR60RYWX19J,52,3,1,2,158505,Reviewed
546,2024-02-10 12:33:34,4BDREJ0GZAPDUX0P6,6,1,1,2,144886,Pending
961,2024-02-11 06:37:24,6GAYRJ7CRETTBJDY1,95,2,2,2,248870,Pending
5325,2024-02-11 19:16:15,YRZM52YG8R7BEFFL0,121,3,1,2,207288,Reviewed
1561,2024-02-13 07:58:30,A34U1LFVRVNXNB7R7,211,4,1,2,68097,Pending
2425,2024-02-13 14:29:31,F20AS7RHAK7MCXL0H,103,1,4,2,118428,Pending
3319,2024-02-14 13:45:11,LG23C72VD30DLY2S8,203,1,4,2,377940,Pending
840,2024-02-14 20:41:31,5ZFZFLS8YRA96F2AM,10,3,3,3,60014,Reviewed
4637,2024-02-16 07:03:13,ULVL0FZ991VCR2EMS,174,3,5,1,153115,Pending
5496,2024-02-18 15:49:33,ZYJZSBXVDG4C6UCHW,164,3,3,3,101063,Pending
1244,2024-02-19 06:03:17,7PL93ACZUY1FN0GG8,69,1,3,3,96849,Pending
1699,2024-02-19 14:19:21,B52HHHGYT58ZSEF3H,59,3,1,2,60468,Pending
5468,2024-02-21 12:59:56,ZUM8U2TA5BNN1MCHY,190,1,2,2,104320,Reviewed
545,2024-02-22 11:50:24,4BDREJ0GZAPDUX0P6,6,1,1,2,148172,Pending
4636,2024-02-22 19:13:40,ULVL0FZ991VCR2EMS,174,3,2,2,151792,Reviewed
1794,2024-02-23 19:17:25,C033UAZB6BBLJZ3N0,150,3,2,2,303742,Pending
4727,2024-02-25 02:06:15,VECRMWSXRSP3LNFHY,57,2,2,2,197852,Pending
3633,2024-02-25 19:47:35,N02SCW8KC9GNLPZP3,187,4,4,2,67215,Pending
1451,2024-02-25 22:46:29,983AMB3LRXPXCR779,120,3,1,2,266929,Pending
934,2024-02-27 18:27:39,6F79PT7875AVD9K9U,82,4,1,2,98360,Pending
1672,2024-02-28 08:31:27,B03UE6E7LNX4WTTTV,85,4,3,3,310738,Pending
3384,2024-02-29 14:22:25,LKVSL0G7A51NPPP1N,95,2,8,2,91027,Pending
2648,2024-02-29 20:41:39,G9F2A08G34C43ZEKJ,178,2,6,3,99298,Reviewed
2162,2024-03-01 11:23:38,E2DDRLDM2RS5C3L0W,166,3,2,2,211287,Reviewed
951,2024-03-01 14:11:51,6GAYRJ7CRETTBJDY1,147,2,2,2,248765,Pending
3388,2024-03-01 18:42:35,LKVSL0G7A51NPPP1N,95,2,2,2,91447,Pending
845,2024-03-02 11:41:23,5ZFZFLS8YRA96F2AM,10,3,2,2,63084,Pending
5179,2024-03-03 17:12:37,XSZDTV4FBL5EFJP7M,184,2,2,2,114442,Pending
5353,2024-03-04 20:10:28,Z59F1N2PJGFHZ63S0,74,1,3,3,484322,Pending
5232,2024-03-05 12:38:16,XYJJ3JWSZHZ2UZ9LA,161,2,4,2,8643,Pending
1050,2024-03-06 06:13:05,6UJBGZJS8CYY7MDK6,119,3,3,3,66643,Pending
1280,2024-03-08 02:23:07,7XESAC9E3RSK2HN20,197,3,5,1,179481,Reviewed
3418,2024-03-08 04:38:24,LMNAWZBT45PGG62MZ,185,4,2,2,283313,Pending
2160,2024-03-08 06:03:22,E2DDRLDM2RS5C3L0W,166,3,1,2,213500,Pending
3461,2024-03-08 15:47:19,M73KEZN9483KK0MRJ,25,1,2,2,161693,Reviewed
2474,2024-03-09 04:46:47,FEJ3YF58TA5CW56PM,56,3,2,2,215363,Reviewed
2161,2024-03-09 20:03:32,E2DDRLDM2RS5C3L0W,166,3,5,1,212065,Pending
2395,2024-03-11 19:07:37,EZKEH11A0VZ9E8R47,98,4,5,1,86950,Pending
2644,2024-03-12 04:34:17,G8V0B7LT1AZMK99KC,95,2,2,2,379695,Pending
2397,2024-03-13 03:36:36,EZKEH11A0VZ9E8R47,98,4,4,2,90604,Pending
4597,2024-03-14 04:17:56,U4APEC9LGZULCSFMV,181,3,3,3,152935,Reviewed
1875,2024-03-14 04:27:48,CJB1RNXAFDREYVGTZ,58,1,7,1,267469,Pending
1697,2024-03-14 18:09:53,B52HHHGYT58ZSEF3H,59,3,4,2,62012,Reviewed
2185,2024-03-15 04:45:51,E73GNNW9JBXGU3LB3,20,3,2,2,136245,Reviewed
2647,2024-03-16 05:29:14,G9F2A08G34C43ZEKJ,178,2,8,2,98522,Pending
1575,2024-03-16 09:16:19,A7YFH0MD13VPYNW1Z,99,1,2,2,60422,Pending
952,2024-03-17 04:42:51,6GAYRJ7CRETTBJDY1,147,2,4,2,249817,Pending
5181,2024-03-17 14:03:38,XSZDTV4FBL5EFJP7M,184,2,3,3,117723,Reviewed
4250,2024-03-18 00:51:56,SKF4XFE1FZAKRF06U,100,2,2,2,445205,Pending
2163,2024-03-18 01:00:51,E2DDRLDM2RS5C3L0W,166,3,4,2,212081,Pending
2747,2024-03-18 08:12:54,GZCSFFT38THV9MJZF,36,3,2,2,95571,Reviewed
4709,2024-03-19 20:34:57,V4BAX0951WVKTTWXZ,169,3,1,2,219118,Reviewed
484,2024-03-21 00:28:16,3ZKCBRSGXL0159ENV,159,3,2,2,45538,Pending
1795,2024-03-21 13:25:23,C033UAZB6BBLJZ3N0,150,3,2,2,303669,Pending
3638,2024-03-22 09:05:39,N45PFXRNY0D0B6F6U,71,3,7,1,86984,Reviewed
1698,2024-03-22 22:06:05,B52HHHGYT58ZSEF3H,59,3,1,2,62970,Pending
2052,2024-03-23 01:57:59,D43E8B7R0TNRM6KRE,35,3,2,2,455045,Reviewed
1881,2024-03-23 14:21:34,CJB1RNXAFDREYVGTZ,110,1,1,2,263335,Pending
5183,2024-03-25 00:48:51,XSZDTV4FBL5EFJP7M,184,2,2,2,119118,Pending
1892,2024-03-25 07:41:26,CJRZUC19ZGNY4WPF9,3,1,1,2,351491,Pending
2571,2024-03-26 16:28:33,G2TP1EUP8BM52SDUL,143,1,8,2,221830,Pending
116,2024-03-27 11:46:51,0WTCULU4R9BB2BD3Z,20,4,3,3,68970,Reviewed
1248,2024-03-27 15:05:00,7PL93ACZUY1FN0GG8,69,1,7,1,96542,Pending
4434,2024-03-28 13:41:27,TDT6M143HEGW2YF2T,134,1,4,2,81298,Pending
118,2024-03-28 17:01:46,0WTCULU4R9BB2BD3Z,20,4,1,2,67907,Pending
4433,2024-03-28 18:54:55,TDT6M143HEGW2YF2T,134,1,1,2,78662,Pending
2145,2024-03-30 15:11:20,DYJ37B9H43M44FW30,169,3,8,2,425582,Pending
3537,2024-03-30 17:46:43,MK4UFMALXWMB1JCD0,211,4,5,1,298196,Pending
3517,2024-04-02 05:22:35,MF9RML9LN2R0XVH27,196,2,3,3,38179,Pending
2053,2024-04-03 00:11:10,D43E8B7R0TNRM6KRE,35,3,1,2,452851,Reviewed
1324,2024-04-03 07:43:37,86TNVDS5YZFC4KL8C,206,2,8,2,54096,Pending
3768,2024-04-03 10:00:50,NKFGB7W81LKY2U9YK,61,1,3,3,82261,Pending
938,2024-04-03 11:45:14,6F79PT7875AVD9K9U,82,4,8,2,101394,Pending
937,2024-04-03 19:12:03,6F79PT7875AVD9K9U,82,4,6,3,101849,Pending
3169,2024-04-04 01:58:01,KTTU3UA296DR5RBFY,168,1,4,2,136107,Pending
962,2024-04-04 04:07:21,6GAYRJ7CRETTBJDY1,95,2,8,2,248769,Reviewed
3458,2024-04-05 21:02:21,M73KEZN9483KK0MRJ,25,1,2,2,159024,Pending
2568,2024-04-06 10:55:23,G2TP1EUP8BM52SDUL,143,1,4,2,222396,Pending
1297,2024-04-07 08:16:38,83EMAZB4RWASKCRX1,130,4,1,2,247138,Pending
120,2024-04-07 11:15:48,0WTCULU4R9BB2BD3Z,20,4,5,1,65649,Reviewed
4437,2024-04-07 14:20:04,TDT6M143HEGW2YF2T,134,1,2,2,82020,Pending
1833,2024-04-08 02:14:42,C8V8NPZEMDM06TGPH,74,3,2,2,52578,Pending
2155,2024-04-09 23:40:45,E094D7SVRX2X5616S,196,2,4,2,131517,Pending
255,2024-04-10 04:08:11,21KZHWLSYH64HAA45,71,3,1,2,321175,Pending
249,2024-04-11 08:40:10,21KZHWLSYH64HAA45,71,3,5,1,321254,Pending
2144,2024-04-11 12:02:51,DYJ37B9H43M44FW30,169,3,2,2,421226,Pending
4436,2024-04-12 05:49:54,TDT6M143HEGW2YF2T,134,1,3,3,79606,Pending
2645,2024-04-13 12:22:53,G9F2A08G34C43ZEKJ,178,2,1,2,100559,Pending
2044,2024-04-13 23:43:45,D43E8B7R0TNRM6KRE,76,3,4,2,455029,Reviewed
3085,2024-04-14 01:50:32,KB9YN5M42KGV8YKND,32,3,4,2,361002,Pending
4424,2024-04-14 07:09:11,TCHRWP16HDHHPG6CW,130,1,1,2,38429,Pending
936,2024-04-14 10:12:54,6F79PT7875AVD9K9U,82,4,6,3,97659,Pending
3521,2024-04-14 13:27:31,MF9RML9LN2R0XVH27,196,2,2,2,37551,Pending
3575,2024-04-14 19:35:37,MVMZJ124GWE50UJ2K,150,3,4,2,80823,Pending
1455,2024-04-15 01:16:25,983AMB3LRXPXCR779,120,3,2,2,264499,Reviewed
2357,2024-04-15 01:44:59,ETAM4BE52T8V80E1R,168,1,1,2,439672,Pending
1796,2024-04-15 02:28:39,C033UAZB6BBLJZ3N0,150,3,3,3,307397,Pending
5113,2024-04-15 07:19:20,XC7NH1REUFBM75S57,95,2,2,2,627414,Reviewed
2411,2024-04-15 09:40:45,F161P4WEL9UM7WNAY,164,3,2,2,105969,Pending
60,2024-04-17 02:50:17,0KBTG7LAZ64ZECT0D,127,2,4,2,151681,Reviewed
2870,2024-04-17 04:20:24,J8MGPP1NPRV9Z303V,84,2,1,2,209256,Reviewed
3420,2024-04-18 06:28:43,LMNAWZBT45PGG62MZ,185,4,7,1,283021,Reviewed
2519,2024-04-18 12:01:55,FR3BHAHHXH18L1GG9,95,2,3,3,47324,Pending
1450,2024-04-18 23:29:44,983AMB3LRXPXCR779,120,3,3,3,265307,Reviewed
1454,2024-04-19 21:29:29,983AMB3LRXPXCR779,120,3,2,2,262269,Pending
2750,2024-04-20 04:10:56,GZCSFFT38THV9MJZF,36,3,1,2,97112,Pending
3797,2024-04-20 14:34:18,NVYL39DF5TJEXS0VH,207,2,1,2,104535,Pending
421,2024-04-20 16:14:11,34L2W0MRDYAMX3VND,84,2,4,2,127073,Reviewed
4432,2024-04-21 01:00:12,TDT6M143HEGW2YF2T,134,1,3,3,81592,Reviewed
4559,2024-04-21 03:57:26,TXTP0CUXKLTG3UNX4,160,1,4,2,533528,Reviewed
4644,2024-04-21 18:15:20,UR2T16XNXLC84GZ2F,207,2,4,2,341570,Pending
4255,2024-04-23 14:46:01,SKF4XFE1FZAKRF06U,100,2,6,3,441162,Pending
3538,2024-04-23 15:19:03,MK4UFMALXWMB1JCD0,211,4,1,2,294522,Pending
1131,2024-04-23 19:05:32,72EF2Z9YCA7RT1T0A,183,4,1,2,203042,Pending
3735,2024-04-26 11:08:06,NFAZ37WG698V696CE,139,4,1,2,310755,Reviewed
4435,2024-04-27 19:45:34,TDT6M143HEGW2YF2T,134,1,4,2,80070,Pending
1370,2024-04-27 21:07:03,8HW0W30BYRS5BP31R,20,3,3,3,327030,Pending
1002,2024-04-28 00:08:31,6N9TT7U30CW4VLCYL,56,3,5,1,278802,Pending
1798,2024-04-29 03:31:16,C033UAZB6BBLJZ3N0,150,3,2,2,303443,Reviewed
2043,2024-04-30 06:28:21,D43E8B7R0TNRM6KRE,76,3,1,2,453776,Pending
3799,2024-04-30 12:32:32,NVYL39DF5TJEXS0VH,207,2,4,2,106966,Pending
1895,2024-04-30 13:11:28,CJRZUC19ZGNY4WPF9,185,1,1,2,349351,Reviewed
4332,2024-04-30 14:48:40,SUR685PGM6Y7R8AGV,74,2,2,2,220787,Pending
2569,2024-04-30 21:46:10,G2TP1EUP8BM52SDUL,143,1,2,2,222678,Pending
1557,2024-05-01 00:20:28,A227NHDP9MGZH634F,35,3,2,2,221634,Reviewed
3086,2024-05-01 07:32:12,KB9YN5M42KGV8YKND,32,3,5,1,362963,Reviewed
1681,2024-05-01 12:26:09,B03UE6E7LNX4WTTTV,187,4,7,1,313578,Pending
2398,2024-05-02 19:12:58,EZKEH11A0VZ9E8R47,98,4,2,2,90713,Pending
2399,2024-05-02 20:02:55,EZKEH11A0VZ9E8R47,98,4,2,2,91581,Reviewed
2051,2024-05-02 21:07:58,D43E8B7R0TNRM6KRE,35,3,3,3,451755,Pending
2412,2024-05-03 10:36:21,F161P4WEL9UM7WNAY,164,3,2,2,109055,Reviewed
3738,2024-05-03 10:53:37,NFAZ37WG698V696CE,139,4,3,3,311421,Pending
2473,2024-05-03 20:19:42,FEJ3YF58TA5CW56PM,56,3,6,3,214917,Pending
1293,2024-05-04 06:34:06,83EMAZB4RWASKCRX1,130,4,3,3,247101,Pending
4710,2024-05-05 02:04:19,V4BAX0951WVKTTWXZ,169,3,5,1,220687,Pending
1818,2024-05-05 06:42:19,C5Z89PTWTBZP0RNAM,140,3,4,2,99335,Reviewed
4261,2024-05-05 13:25:52,SLPJURW61WAHZ5WA2,77,1,1,2,180247,Reviewed
4761,2024-05-05 19:18:30,VJV8M2T01S1MEVG69,113,1,2,2,189056,Reviewed
3639,2024-05-07 02:27:47,N45PFXRNY0D0B6F6U,71,3,3,3,88831,Pending
2355,2024-05-07 09:59:09,ETAM4BE52T8V80E1R,168,1,3,3,440583,Reviewed
2414,2024-05-07 13:44:51,F161P4WEL9UM7WNAY,164,3,5,1,108423,Pending
3733,2024-05-07 22:46:10,NFAZ37WG698V696CE,139,4,2,2,311840,Pending
2416,2024-05-08 00:18:45,F161P4WEL9UM7WNAY,164,3,3,3,106899,Reviewed
1299,2024-05-08 20:12:00,83EMAZB4RWASKCRX1,130,4,2,2,245681,Pending
3166,2024-05-09 00:26:05,KTTU3UA296DR5RBFY,168,1,5,1,140118,Reviewed
3520,2024-05-09 08:47:35,MF9RML9LN2R0XVH27,196,2,4,2,37157,Reviewed
4431,2024-05-09 09:55:21,TDT6M143HEGW2YF2T,134,1,4,2,79343,Pending
223,2024-05-09 18:12:08,1ZCZ6BD0UGV4X8XJW,150,3,2,2,307140,Pending
4557,2024-05-09 19:01:21,TXTP0CUXKLTG3UNX4,160,1,1,2,535927,Reviewed
1129,2024-05-13 04:25:55,72EF2Z9YCA7RT1T0A,183,4,4,2,207315,Pending
489,2024-05-13 11:46:11,3ZKCBRSGXL0159ENV,107,3,1,2,41816,Pending
2394,2024-05-15 10:47:41,EZKEH11A0VZ9E8R47,98,4,8,2,92433,Reviewed
2386,2024-05-15 11:33:16,EZHKM4MXD0C787X1R,173,1,2,2,358725,Pending
1001,2024-05-15 21:51:18,6N9TT7U30CW4VLCYL,56,3,4,2,273565,Reviewed
4580,2024-05-16 01:47:32,TZZUEAG4ARUM9Y798,159,3,6,3,49118,Pending
4427,2024-05-16 13:38:43,TCHRWP16HDHHPG6CW,130,1,2,2,36155,Pending
3634,2024-05-16 18:23:39,N45PFXRNY0D0B6F6U,143,3,7,1,88405,Reviewed
3800,2024-05-17 12:18:26,NVYL39DF5TJEXS0VH,207,2,8,2,105613,Reviewed
5497,2024-05-17 20:22:09,ZYJZSBXVDG4C6UCHW,164,3,5,1,102230,Pending
203,2024-05-18 07:07:34,1T2PFGBAYZSMPGBJ0,107,3,1,2,49499,Pending
5192,2024-05-19 13:46:26,XT1T36HKGDS31GXPB,150,3,4,2,113059,Pending
3640,2024-05-20 02:00:05,N45PFXRNY0D0B6F6U,71,3,3,3,88145,Pending
419,2024-05-20 21:20:41,34L2W0MRDYAMX3VND,84,2,2,2,131475,Reviewed
2775,2024-05-20 21:24:22,H826GZVR22TPFGW5B,127,2,3,3,13745,Reviewed
1509,2024-05-21 08:59:45,9JRDMM2U4ZF8WFV9R,173,1,1,2,150413,Pending
3168,2024-05-21 10:10:35,KTTU3UA296DR5RBFY,168,1,5,1,139300,Pending
4685,2024-05-22 06:22:51,UWDA0W46ETMSXGEBE,127,3,2,2,31776,Reviewed
5114,2024-05-23 17:15:08,XC7NH1REUFBM75S57,95,2,1,2,627713,Reviewed
1506,2024-05-24 01:35:57,9JRDMM2U4ZF8WFV9R,173,1,2,2,146965,Pending
1373,2024-05-24 12:44:10,8HW0W30BYRS5BP31R,20,3,2,2,325868,Pending
4253,2024-05-24 19:04:15,SKF4XFE1FZAKRF06U,100,2,2,2,446602,Pending
3736,2024-05-24 19:57:14,NFAZ37WG698V696CE,139,4,2,2,310539,Pending
3459,2024-05-25 03:41:51,M73KEZN9483KK0MRJ,25,1,3,3,159764,Pending
4425,2024-05-25 15:11:32,TCHRWP16HDHHPG6CW,130,1,5,1,34809,Pending
3087,2024-05-25 15:13:59,KB9YN5M42KGV8YKND,32,3,2,2,363051,Reviewed
2872,2024-05-25 15:14:04,J8MGPP1NPRV9Z303V,84,2,6,3,207746,Pending
253,2024-05-25 21:14:24,21KZHWLSYH64HAA45,71,3,1,2,323959,Reviewed
2779,2024-05-25 23:24:18,H826GZVR22TPFGW5B,127,2,5,1,14059,Pending
5095,2024-05-26 17:05:28,XBYYFAEATMU4JN151,26,3,2,2,322862,Reviewed
177,2024-05-27 00:32:23,1SYMCUHRGJ4MWVTMZ,101,2,6,3,230918,Reviewed
2642,2024-05-27 09:10:38,G8V0B7LT1AZMK99KC,95,2,3,3,379919,Pending
3798,2024-05-27 15:54:16,NVYL39DF5TJEXS0VH,207,2,3,3,107678,Pending
4711,2024-05-28 04:17:25,V4BAX0951WVKTTWXZ,169,3,2,2,215645,Reviewed
2396,2024-05-29 08:27:28,EZKEH11A0VZ9E8R47,98,4,1,2,92174,Reviewed
935,2024-05-29 13:20:03,6F79PT7875AVD9K9U,82,4,4,2,99134,Reviewed
3632,2024-05-30 20:28:30,N02SCW8KC9GNLPZP3,187,4,1,2,70661,Pending
5235,2024-05-30 23:11:35,XYJJ3JWSZHZ2UZ9LA,161,2,2,2,7417,Pending
2260,2024-05-31 04:39:43,EKHNMK8FXSRK1ZEKN,191,3,2,2,81060,Pending
1559,2024-05-31 12:19:25,A227NHDP9MGZH634F,35,3,2,2,222435,Pending
3767,2024-05-31 13:04:35,NKFGB7W81LKY2U9YK,61,1,2,2,82181,Pending
1678,2024-05-31 18:09:06,B03UE6E7LNX4WTTTV,187,4,2,2,314243,Pending
1369,2024-06-01 03:31:18,8HW0W30BYRS5BP31R,20,3,5,1,329785,Pending
3739,2024-06-01 19:24:50,NFAZ37WG698V696CE,139,4,1,2,308442,Pending
1680,2024-06-03 05:22:17,B03UE6E7LNX4WTTTV,187,4,2,2,311363,Reviewed
2690,2024-06-04 22:32:57,GLYULF7MM20YZXGJV,23,3,5,1,225550,Pending
959,2024-06-04 22:59:10,6GAYRJ7CRETTBJDY1,95,2,5,1,250882,Reviewed
1493,2024-06-04 23:25:07,9GWBMSS749S6RE1PA,192,4,7,1,220047,Pending
1679,2024-06-05 15:49:52,B03UE6E7LNX4WTTTV,187,4,2,2,310803,Pending
3576,2024-06-05 20:03:47,MVMZJ124GWE50UJ2K,150,3,2,2,81722,Pending
115,2024-06-07 08:47:55,0WTCULU4R9BB2BD3Z,20,4,8,2,67789,Pending
490,2024-06-07 19:43:23,3ZKCBRSGXL0159ENV,107,3,5,1,41226,Pending
420,2024-06-09 20:52:21,34L2W0MRDYAMX3VND,84,2,2,2,128818,Reviewed
3737,2024-06-11 04:51:26,NFAZ37WG698V696CE,139,4,2,2,307992,Pending
5262,2024-06-11 05:08:21,Y50V30VEVGXWBVGS6,206,2,1,2,49734,Reviewed
4683,2024-06-11 06:20:14,UWDA0W46ETMSXGEBE,127,3,6,3,30347,Reviewed
2042,2024-06-11 19:17:49,D43E8B7R0TNRM6KRE,76,3,1,2,454551,Pending
3795,2024-06-12 02:41:31,NVYL39DF5TJEXS0VH,207,2,2,2,107065,Pending
3519,2024-06-12 05:32:30,MF9RML9LN2R0XVH27,196,2,2,2,34425,Pending
5258,2024-06-12 12:14:45,Y50V30VEVGXWBVGS6,206,2,2,2,44399,Pending
3165,2024-06-12 13:27:40,KTTU3UA296DR5RBFY,168,1,6,3,138956,Pending
1505,2024-06-12 13:56:30,9JRDMM2U4ZF8WFV9R,173,1,6,3,151216,Pending
2520,2024-06-12 18:39:23,FR3BHAHHXH18L1GG9,95,2,3,3,48916,Pending
5094,2024-06-13 06:21:00,XBYYFAEATMU4JN151,26,3,2,2,324916,Reviewed
2263,2024-06-13 16:49:45,EKHNMK8FXSRK1ZEKN,191,3,3,3,85971,Pending
1511,2024-06-14 00:29:07,9JRDMM2U4ZF8WFV9R,173,1,5,1,147417,Pending
394,2024-06-14 15:46:26,2Y7PW6UGP4JK8YNLP,174,3,1,2,339259,Pending
5081,2024-06-14 16:41:16,X9GEZBE5SFM6W3YXF,128,1,4,2,314993,Pending
2526,2024-06-15 19:55:41,FR3BHAHHXH18L1GG9,95,2,1,2,47176,Reviewed
4561,2024-06-15 23:15:47,TXTP0CUXKLTG3UNX4,160,1,1,2,531007,Pending
4422,2024-06-16 13:45:07,TCHRWP16HDHHPG6CW,130,1,3,3,37975,Reviewed
4207,2024-06-17 03:38:47,S822W0WFXX4EZB8DA,11,1,3,3,23072,Reviewed
2264,2024-06-17 04:08:49,EKHNMK8FXSRK1ZEKN,191,3,2,2,82243,Reviewed
487,2024-06-17 16:52:01,3ZKCBRSGXL0159ENV,107,3,4,2,43218,Pending
2413,2024-06-17 19:43:04,F161P4WEL9UM7WNAY,164,3,7,1,107038,Pending
5259,2024-06-18 04:53:20,Y50V30VEVGXWBVGS6,206,2,1,2,47971,Pending
2039,2024-06-18 05:30:57,D43E8B7R0TNRM6KRE,76,3,4,2,454465,Pending
1494,2024-06-18 16:44:43,9GWBMSS749S6RE1PA,192,4,4,2,221410,Pending
5234,2024-06-20 02:43:35,XYJJ3JWSZHZ2UZ9LA,161,2,2,2,4055,Reviewed
3796,2024-06-21 01:23:39,NVYL39DF5TJEXS0VH,207,2,2,2,107129,Pending
1490,2024-06-21 03:20:39,9GWBMSS749S6RE1PA,192,4,5,1,216912,Reviewed
1504,2024-06-21 09:13:19,9JRDMM2U4ZF8WFV9R,173,1,5,1,147067,Pending
205,2024-06-22 11:21:28,1T2PFGBAYZSMPGBJ0,107,3,4,2,53056,Pending
2590,2024-06-23 03:21:29,G3PDRWJUVX9PGVVFV,185,1,4,2,82818,Pending
1130,2024-06-23 12:04:11,72EF2Z9YCA7RT1T0A,183,4,2,2,205207,Reviewed
2591,2024-06-23 23:03:12,G3PDRWJUVX9PGVVFV,185,1,3,3,84856,Pending
3734,2024-06-24 02:18:35,NFAZ37WG698V696CE,139,4,5,1,310460,Pending
5233,2024-06-24 08:33:43,XYJJ3JWSZHZ2UZ9LA,161,2,6,3,6795,Pending
122,2024-06-26 07:48:08,0WTCULU4R9BB2BD3Z,20,4,2,2,70874,Pending
1558,2024-06-26 12:32:02,A227NHDP9MGZH634F,35,3,5,1,217911,Pending
2261,2024-06-26 15:44:20,EKHNMK8FXSRK1ZEKN,191,3,6,3,85036,Pending
1510,2024-06-26 22:22:26,9JRDMM2U4ZF8WFV9R,173,1,4,2,146573,Pending
2383,2024-06-27 11:22:48,EZHKM4MXD0C787X1R,173,1,5,1,359552,Reviewed
3740,2024-06-27 15:11:35,NFAZ37WG698V696CE,139,4,1,2,308172,Pending
119,2024-06-27 18:07:22,0WTCULU4R9BB2BD3Z,20,4,2,2,66450,Reviewed
1736,2024-06-28 11:45:55,BFV7D5DNKUDLNKAE2,99,1,2,2,30190,Reviewed
3995,2024-06-29 00:32:17,R349CYB09UXN7N2ZB,195,1,3,3,111720,Reviewed
3518,2024-06-29 03:58:28,MF9RML9LN2R0XVH27,196,2,7,1,38710,Reviewed
1128,2024-06-30 08:35:24,72EF2Z9YCA7RT1T0A,183,4,3,3,202597,Pending
5083,2024-06-30 23:10:18,X9GEZBE5SFM6W3YXF,128,1,1,2,317884,Reviewed
5085,2024-07-01 12:26:39,X9GEZBE5SFM6W3YXF,128,1,8,2,317202,Reviewed
1507,2024-07-01 14:32:34,9JRDMM2U4ZF8WFV9R,173,1,2,2,152111,Pending
2415,2024-07-03 13:22:04,F161P4WEL9UM7WNAY,164,3,5,1,110995,Pending
1368,2024-07-04 16:44:56,8HW0W30BYRS5BP31R,20,3,7,1,325407,Pending
5084,2024-07-04 23:00:46,X9GEZBE5SFM6W3YXF,128,1,5,1,318369,Pending
2262,2024-07-06 05:10:53,EKHNMK8FXSRK1ZEKN,191,3,4,2,80987,Reviewed
5082,2024-07-07 17:34:42,X9GEZBE5SFM6W3YXF,128,1,8,2,315813,Reviewed
59,2024-07-08 08:53:06,0KBTG7LAZ64ZECT0D,127,2,4,2,152233,Pending
117,2024-07-08 10:51:11,0WTCULU4R9BB2BD3Z,20,4,2,2,67292,Pending
960,2024-07-09 07:12:35,6GAYRJ7CRETTBJDY1,95,2,1,2,248435,Pending
1449,2024-07-09 12:52:35,983AMB3LRXPXCR779,120,3,7,1,266688,Pending
4265,2024-07-09 20:17:19,SLPJURW61WAHZ5WA2,77,1,4,2,176334,Pending
4646,2024-07-10 14:15:27,UR2T16XNXLC84GZ2F,207,2,2,2,341926,Reviewed
1508,2024-07-11 13:57:04,9JRDMM2U4ZF8WFV9R,173,1,2,2,147130,Pending
2776,2024-07-11 16:55:59,H826GZVR22TPFGW5B,127,2,4,2,12279,Pending
1780,2024-07-11 20:20:09,BJDD6VHUK60PNH4ZT,206,2,2,2,229655,Pending
2688,2024-07-11 20:26:50,GLYULF7MM20YZXGJV,23,3,2,2,224999,Pending
4768,2024-07-14 04:47:18,VJV8M2T01S1MEVG69,179,1,3,3,191298,Pending
4707,2024-07-17 02:54:39,V4BAX0951WVKTTWXZ,169,3,5,1,218877,Reviewed
4210,2024-07-17 12:18:40,S822W0WFXX4EZB8DA,11,1,2,2,24693,Pending
5163,2024-07-18 13:21:02,XSECJUT1M7H082KYU,178,2,2,2,390384,Reviewed
1781,2024-07-19 14:31:49,BJDD6VHUK60PNH4ZT,206,2,3,3,226915,Pending
2777,2024-07-20 04:11:42,H826GZVR22TPFGW5B,127,2,6,3,15517,Reviewed
182,2024-07-20 20:43:09,1SYMCUHRGJ4MWVTMZ,101,2,3,3,229317,Pending
4254,2024-07-21 00:14:56,SKF4XFE1FZAKRF06U,100,2,6,3,445296,Reviewed
2782,2024-07-21 14:13:14,H826GZVR22TPFGW5B,127,2,1,2,11973,Pending
5164,2024-07-21 18:40:13,XSECJUT1M7H082KYU,178,2,2,2,392965,Pending
5165,2024-07-22 14:49:27,XSECJUT1M7H082KYU,178,2,5,1,393332,Pending
1452,2024-07-22 20:22:42,983AMB3LRXPXCR779,120,3,2,2,264898,Reviewed
2567,2024-07-23 22:53:08,G2TP1EUP8BM52SDUL,143,1,2,2,225250,Reviewed
5098,2024-07-24 17:32:28,XBYYFAEATMU4JN151,26,3,2,2,322703,Pending
2781,2024-07-25 09:49:19,H826GZVR22TPFGW5B,127,2,1,2,13059,Pending
5193,2024-07-25 20:39:18,XT1T36HKGDS31GXPB,150,3,5,1,111314,Pending
1783,2024-07-26 04:52:19,BJDD6VHUK60PNH4ZT,206,2,3,3,228542,Pending
923,2024-07-28 08:26:48,6DFG5GT1YAFFPXCCJ,114,4,6,3,281027,Pending
3419,2024-07-28 16:30:06,LMNAWZBT45PGG62MZ,185,4,5,1,279019,Pending
1896,2024-07-30 02:51:17,CJRZUC19ZGNY4WPF9,185,1,3,3,352568,Pending
3076,2024-07-30 10:29:50,KB5EGPV6SL02TXFXA,49,4,4,2,149293,Pending
5161,2024-07-30 22:40:35,XSECJUT1M7H082KYU,178,2,4,2,390627,Reviewed
486,2024-08-01 03:22:43,3ZKCBRSGXL0159ENV,107,3,6,3,45947,Pending
3955,2024-08-01 15:27:48,PST7M0AKGMHH6MW4Y,192,4,2,2,180828,Pending
3417,2024-08-02 21:11:08,LMNAWZBT45PGG62MZ,185,4,4,2,279575,Pending
3954,2024-08-04 06:51:25,PST7M0AKGMHH6MW4Y,192,4,1,2,180973,Pending
4263,2024-08-05 07:19:57,SLPJURW61WAHZ5WA2,77,1,3,3,175974,Pending
224,2024-08-06 02:27:40,1ZCZ6BD0UGV4X8XJW,150,3,6,3,308576,Pending
2848,2024-08-06 03:46:21,J2MS1DH16MMT7YWRP,114,3,5,1,332427,Reviewed
2780,2024-08-06 04:35:42,H826GZVR22TPFGW5B,127,2,2,2,14294,Pending
121,2024-08-06 11:47:46,0WTCULU4R9BB2BD3Z,20,4,5,1,65781,Pending
3769,2024-08-06 17:57:14,NKFGB7W81LKY2U9YK,61,1,2,2,83227,Pending
4267,2024-08-07 07:37:24,SLPJURW61WAHZ5WA2,77,1,3,3,180688,Pending
4266,2024-08-08 21:03:30,SLPJURW61WAHZ5WA2,77,1,2,2,179621,Pending
3960,2024-08-09 01:27:53,PST7M0AKGMHH6MW4Y,192,4,4,2,182113,Pending
1734,2024-08-09 07:00:09,BFV7D5DNKUDLNKAE2,99,1,2,2,35305,Pending
3957,2024-08-09 12:03:24,PST7M0AKGMHH6MW4Y,192,4,3,3,180353,Pending
3070,2024-08-09 20:51:09,KB5EGPV6SL02TXFXA,49,4,2,2,148502,Pending
400,2024-08-10 16:49:46,33DCNF325AA35XFX5,128,1,4,2,31629,Pending
924,2024-08-13 00:05:13,6DFG5GT1YAFFPXCCJ,114,4,2,2,280870,Reviewed
5093,2024-08-13 12:22:36,XBYYFAEATMU4JN151,26,3,4,2,324991,Pending
5236,2024-08-14 09:38:01,XYJJ3JWSZHZ2UZ9LA,161,2,2,2,5901,Pending
2265,2024-08-14 11:34:21,EKHNMK8FXSRK1ZEKN,191,3,3,3,83917,Reviewed
5167,2024-08-14 15:31:44,XSECJUT1M7H082KYU,178,2,5,1,392723,Pending
3059,2024-08-14 18:07:41,K9UP02J8S9H6KZK92,171,2,2,2,60307,Reviewed
2050,2024-08-15 02:55:03,D43E8B7R0TNRM6KRE,35,3,1,2,454416,Pending
4105,2024-08-15 18:18:16,RSDWWKAR60RYWX19J,192,3,2,2,160109,Pending
4681,2024-08-16 00:46:52,UWDA0W46ETMSXGEBE,192,3,5,1,28787,Pending
925,2024-08-16 18:43:02,6DFG5GT1YAFFPXCCJ,114,4,7,1,277950,Pending
5162,2024-08-16 21:03:42,XSECJUT1M7H082KYU,178,2,8,2,390288,Pending
5166,2024-08-17 07:23:10,XSECJUT1M7H082KYU,178,2,1,2,388884,Pending
4262,2024-08-17 20:42:05,SLPJURW61WAHZ5WA2,77,1,2,2,178704,Reviewed
999,2024-08-18 17:05:04,6N9TT7U30CW4VLCYL,56,3,8,2,276986,Pending
3810,2024-08-20 08:18:04,NW6TN972K89REP01K,74,3,1,2,39403,Pending
4107,2024-08-20 09:50:39,RSDWWKAR60RYWX19J,192,3,2,2,160013,Pending
2871,2024-08-21 05:27:22,J8MGPP1NPRV9Z303V,84,2,1,2,205895,Pending
4679,2024-08-21 08:54:59,UWDA0W46ETMSXGEBE,192,3,3,3,28656,Reviewed
1000,2024-08-21 17:19:28,6N9TT7U30CW4VLCYL,56,3,1,2,274465,Pending
4423,2024-08-21 17:26:36,TCHRWP16HDHHPG6CW,130,1,6,3,34376,Pending
926,2024-08-22 00:04:46,6DFG5GT1YAFFPXCCJ,114,4,1,2,278550,Pending
4448,2024-08-22 16:25:11,TFG1ZWFW1E7561K4A,157,1,4,2,629851,Pending
4994,2024-08-22 23:30:30,WPSK2DJTXEDBCZ9NZ,166,3,2,2,102389,Pending
5466,2024-08-23 13:34:54,ZUM8U2TA5BNN1MCHY,190,1,5,1,99026,Pending
2869,2024-08-23 15:53:36,J8MGPP1NPRV9Z303V,84,2,6,3,205581,Pending
5238,2024-08-24 02:28:20,XYJJ3JWSZHZ2UZ9LA,161,2,1,2,4537,Pending
254,2024-08-24 08:11:42,21KZHWLSYH64HAA45,71,3,7,1,321265,Pending
2048,2024-08-24 10:42:44,D43E8B7R0TNRM6KRE,35,3,1,2,451020,Pending
4993,2024-08-24 19:19:35,WPSK2DJTXEDBCZ9NZ,166,3,5,1,104173,Reviewed
1492,2024-08-25 23:21:49,9GWBMSS749S6RE1PA,192,4,5,1,218709,Pending
4102,2024-08-26 00:40:02,RSDWWKAR60RYWX19J,52,3,7,1,161563,Reviewed
5115,2024-08-26 18:07:52,XC7NH1REUFBM75S57,95,2,6,3,630955,Pending
2739,2024-08-27 01:02:32,GW823HNC0J4Y6G1EB,62,4,8,2,543049,Pending
3956,2024-08-27 06:58:04,PST7M0AKGMHH6MW4Y,192,4,7,1,185161,Pending
4069,2024-08-27 11:30:41,RBDM80J6FAYLKKXRJ,107,3,1,2,294290,Reviewed
3631,2024-08-27 12:56:44,N02SCW8KC9GNLPZP3,187,4,4,2,70911,Pending
4100,2024-08-29 06:40:38,RSDWWKAR60RYWX19J,52,3,5,1,156316,Pending
3958,2024-08-29 07:09:22,PST7M0AKGMHH6MW4Y,192,4,2,2,181406,Pending
5401,2024-08-29 08:50:30,ZDAWDDGS4RBEP944V,114,2,4,2,222886,Pending
4109,2024-08-29 10:59:15,RSDWWKAR60RYWX19J,192,3,2,2,159070,Reviewed
1595,2024-08-29 13:15:31,ABZ595CPJ0D2YUAS0,20,3,4,2,36501,Pending
251,2024-08-29 23:38:37,21KZHWLSYH64HAA45,71,3,3,3,320132,Reviewed
3959,2024-08-30 04:24:23,PST7M0AKGMHH6MW4Y,192,4,3,3,179915,Pending
3082,2024-08-31 15:41:27,KB9YN5M42KGV8YKND,32,3,3,3,360820,Pending
2686,2024-09-01 16:37:19,GLYULF7MM20YZXGJV,23,3,3,3,220894,Pending
3074,2024-09-02 09:19:55,KB5EGPV6SL02TXFXA,49,4,8,2,153949,Pending
5112,2024-09-03 15:42:14,XC7NH1REUFBM75S57,95,2,6,3,629764,Reviewed
4106,2024-09-03 23:12:57,RSDWWKAR60RYWX19J,192,3,2,2,161809,Pending
1162,2024-09-04 12:05:42,7DEAMZER9U9FL1DEZ,159,3,4,2,181974,Reviewed
4773,2024-09-07 21:36:09,VJV8M2T01S1MEVG69,179,1,1,2,189207,Reviewed
488,2024-09-09 00:45:22,3ZKCBRSGXL0159ENV,107,3,2,2,43178,Reviewed
2424,2024-09-10 17:49:54,F20AS7RHAK7MCXL0H,103,1,6,3,118710,Pending
2741,2024-09-11 09:48:27,GW823HNC0J4Y6G1EB,62,4,2,2,542776,Reviewed
3071,2024-09-11 17:12:34,KB5EGPV6SL02TXFXA,49,4,4,2,150941,Pending
932,2024-09-12 20:08:23,6F79PT7875AVD9K9U,82,4,2,2,98229,Pending
3077,2024-09-13 07:18:16,KB5EGPV6SL02TXFXA,49,4,2,2,150071,Pending
1891,2024-09-13 14:59:38,CJRZUC19ZGNY4WPF9,3,1,2,2,351089,Pending
1372,2024-09-14 01:28:50,8HW0W30BYRS5BP31R,20,3,4,2,325915,Reviewed
1893,2024-09-14 11:28:22,CJRZUC19ZGNY4WPF9,3,1,5,1,353243,Pending
5469,2024-09-14 11:59:46,ZUM8U2TA5BNN1MCHY,190,1,5,1,101588,Reviewed
5001,2024-09-14 18:44:22,WPSK2DJTXEDBCZ9NZ,86,3,6,3,103772,Reviewed
17,2024-09-14 22:23:33,049DFP25CA80JTX5R,196,2,4,2,178036,Reviewed
2047,2024-09-15 00:00:12,D43E8B7R0TNRM6KRE,35,3,1,2,456321,Reviewed
3715,2024-09-15 19:57:13,NF8UANA6V58GXFHM5,62,3,6,3,102852,Pending
873,2024-09-16 04:46:18,65HDXLFKD3AB2SWNC,108,3,4,2,345262,Pending
5004,2024-09-16 09:57:02,WPSK2DJTXEDBCZ9NZ,86,3,7,1,99606,Pending
1890,2024-09-16 14:29:01,CJRZUC19ZGNY4WPF9,3,1,1,2,350412,Pending
5261,2024-09-17 12:15:16,Y50V30VEVGXWBVGS6,206,2,6,3,49716,Pending
3950,2024-09-17 19:33:19,PST7M0AKGMHH6MW4Y,130,4,5,1,181796,Pending
1735,2024-09-17 23:44:34,BFV7D5DNKUDLNKAE2,99,1,2,2,32687,Reviewed
921,2024-09-18 06:23:36,6DFG5GT1YAFFPXCCJ,52,4,2,2,278696,Reviewed
968,2024-09-18 11:19:13,6HE3LWN1HPEF9RJWT,219,4,8,2,327609,Pending
3058,2024-09-20 19:21:39,K9UP02J8S9H6KZK92,171,2,1,2,55746,Pending
3164,2024-09-20 21:46:09,KTTU3UA296DR5RBFY,168,1,4,2,138189,Reviewed
920,2024-09-21 03:06:30,6DFG5GT1YAFFPXCCJ,52,4,4,2,278385,Pending
5237,2024-09-21 03:25:57,XYJJ3JWSZHZ2UZ9LA,161,2,2,2,9127,Reviewed
2778,2024-09-22 01:45:28,H826GZVR22TPFGW5B,127,2,4,2,14671,Pending
179,2024-09-22 06:51:09,1SYMCUHRGJ4MWVTMZ,101,2,2,2,227130,Pending
2689,2024-09-22 11:25:36,GLYULF7MM20YZXGJV,23,3,1,2,222156,Pending
2740,2024-09-22 15:03:12,GW823HNC0J4Y6G1EB,62,4,4,2,542464,Reviewed
1385,2024-09-23 03:44:57,8RRCADVXL9220UB8L,183,4,1,2,173357,Pending
5335,2024-09-23 21:10:53,YWA6E753GSSDNXU3E,159,3,2,2,453668,Pending
4770,2024-09-24 03:03:15,VJV8M2T01S1MEVG69,179,1,4,2,191629,Reviewed
4252,2024-09-24 05:40:21,SKF4XFE1FZAKRF06U,100,2,6,3,441756,Pending
5180,2024-09-24 19:32:54,XSZDTV4FBL5EFJP7M,184,2,4,2,119791,Pending
2849,2024-09-25 02:13:26,J2MS1DH16MMT7YWRP,114,3,3,3,332622,Reviewed
2847,2024-09-27 04:55:38,J2MS1DH16MMT7YWRP,114,3,2,2,329046,Pending
1491,2024-09-27 09:34:15,9GWBMSS749S6RE1PA,192,4,5,1,216380,Reviewed
2742,2024-09-28 02:13:22,GW823HNC0J4Y6G1EB,62,4,2,2,543493,Pending
1897,2024-09-28 15:04:17,CJRZUC19ZGNY4WPF9,185,1,4,2,352202,Reviewed
3163,2024-09-28 22:40:16,KTTU3UA296DR5RBFY,168,1,7,1,138868,Reviewed
397,2024-10-01 16:57:11,33DCNF325AA35XFX5,128,1,2,2,29396,Pending
1785,2024-10-02 09:35:35,BJDD6VHUK60PNH4ZT,206,2,2,2,231523,Pending
3544,2024-10-03 17:43:03,MM1RRNP2P8M392A0G,129,1,3,3,179338,Pending
2873,2024-10-03 23:50:04,J8MGPP1NPRV9Z303V,52,2,5,1,209400,Pending
5302,2024-10-04 00:34:13,YPHS3R5RDTYDPVACW,23,3,2,2,250742,Pending
125,2024-10-06 21:07:07,0XVGZXM7T7NBNSBNY,186,1,4,2,149095,Reviewed
1745,2024-10-06 21:31:36,BFV7D5DNKUDLNKAE2,128,1,6,3,35134,Reviewed
4725,2024-10-07 00:40:33,VECRMWSXRSP3LNFHY,57,2,5,1,197665,Pending
3951,2024-10-07 01:21:51,PST7M0AKGMHH6MW4Y,130,4,6,3,184498,Pending
5404,2024-10-09 10:42:12,ZDAWDDGS4RBEP944V,114,2,5,1,222179,Pending
3716,2024-10-09 12:28:21,NF8UANA6V58GXFHM5,62,3,5,1,104556,Pending
2738,2024-10-10 19:05:11,GW823HNC0J4Y6G1EB,62,4,3,3,539789,Reviewed
3167,2024-10-13 00:12:35,KTTU3UA296DR5RBFY,168,1,4,2,136978,Reviewed
4426,2024-10-13 22:41:16,TCHRWP16HDHHPG6CW,130,1,1,2,37612,Pending
4110,2024-10-14 23:35:07,RSDWWKAR60RYWX19J,192,3,1,2,161784,Reviewed
5260,2024-10-15 05:16:38,Y50V30VEVGXWBVGS6,206,2,8,2,46756,Pending
126,2024-10-15 17:07:39,0XVGZXM7T7NBNSBNY,186,1,6,3,147582,Reviewed
872,2024-10-15 18:38:58,65HDXLFKD3AB2SWNC,108,3,6,3,349178,Pending
479,2024-10-17 15:56:49,3ZC1MDHCWXW8LX2RH,121,1,6,3,282388,Reviewed
5303,2024-10-18 17:49:32,YPHS3R5RDTYDPVACW,23,3,3,3,255138,Pending
1894,2024-10-18 22:13:40,CJRZUC19ZGNY4WPF9,185,1,2,2,349633,Reviewed
1677,2024-10-19 00:08:12,B03UE6E7LNX4WTTTV,187,4,4,2,313681,Pending
200,2024-10-19 11:26:11,1T2PFGBAYZSMPGBJ0,107,3,2,2,50815,Pending
1820,2024-10-20 07:45:57,C5Z89PTWTBZP0RNAM,140,3,2,2,98505,Reviewed
99,2024-10-21 07:11:12,0RFE8E5VNL0VXYPL4,132,3,5,1,294329,Pending
4103,2024-10-22 00:49:37,RSDWWKAR60RYWX19J,52,3,2,2,158730,Pending
2687,2024-10-23 04:55:59,GLYULF7MM20YZXGJV,23,3,3,3,223696,Pending
1744,2024-10-23 23:57:09,BFV7D5DNKUDLNKAE2,128,1,1,2,31732,Reviewed
2850,2024-10-24 05:25:00,J2MS1DH16MMT7YWRP,114,3,1,2,332050,Pending
1603,2024-10-24 20:57:32,AHE8XP2HEHYXC4TUX,150,3,2,2,113460,Pending
20,2024-10-25 09:54:57,049DFP25CA80JTX5R,196,2,2,2,175275,Reviewed
1782,2024-10-25 19:47:43,BJDD6VHUK60PNH4ZT,206,2,5,1,228227,Reviewed
3717,2024-10-30 04:02:53,NF8UANA6V58GXFHM5,62,3,2,2,106243,Pending
4249,2024-10-30 14:08:35,SKF4XFE1FZAKRF06U,100,2,2,2,446729,Pending
2641,2024-10-31 02:19:04,G8V0B7LT1AZMK99KC,95,2,2,2,385261,Pending
3766,2024-10-31 10:20:48,NKFGB7W81LKY2U9YK,61,1,5,1,81143,Pending
762,2024-11-01 19:26:36,5J4M9JRBS9J3G2VLP,61,1,5,1,541600,Pending
4421,2024-11-02 02:16:57,TCHRWP16HDHHPG6CW,130,1,3,3,35351,Pending
1367,2024-11-02 02:41:31,8HW0W30BYRS5BP31R,20,3,5,1,328387,Pending
4251,2024-11-02 03:12:25,SKF4XFE1FZAKRF06U,100,2,3,3,443467,Reviewed
4982,2024-11-03 11:07:12,WP6271URF5EHJ11GP,45,1,2,2,223788,Reviewed
5399,2024-11-03 14:04:02,ZDAWDDGS4RBEP944V,114,2,1,2,219217,Reviewed
215,2024-11-04 03:34:39,1UL1RSFWXVP21K19N,211,4,5,1,144912,Pending
101,2024-11-04 16:30:34,0RFE8E5VNL0VXYPL4,132,3,8,2,290257,Pending
2570,2024-11-05 22:02:13,G2TP1EUP8BM52SDUL,143,1,2,2,223868,Pending
4196,2024-11-06 06:20:30,S4PKLMC2TBK9TY747,74,1,4,2,26288,Pending
3429,2024-11-06 10:50:43,LMS15FBT5XWU4F3E3,107,3,5,1,253425,Pending
1784,2024-11-07 00:55:41,BJDD6VHUK60PNH4ZT,206,2,3,3,231375,Pending
1733,2024-11-07 23:48:05,BFV7D5DNKUDLNKAE2,99,1,1,2,31062,Pending
2691,2024-11-08 20:03:55,GLYULF7MM20YZXGJV,23,3,1,2,222894,Pending
4108,2024-11-09 05:33:19,RSDWWKAR60RYWX19J,192,3,2,2,162001,Pending
1738,2024-11-10 03:26:33,BFV7D5DNKUDLNKAE2,99,1,5,1,32898,Pending
4974,2024-11-10 05:44:56,WKZ3SEEJRHFZW0XC4,145,1,2,2,299693,Pending
2898,2024-11-10 13:35:06,JBCL88D0UGUJXF1PD,7,1,1,2,105000,Pending
2991,2024-11-10 17:08:35,K4F85VVDD3EC2HGPZ,217,1,1,2,272970,Pending
1600,2024-11-11 19:48:47,ABZ595CPJ0D2YUAS0,20,3,2,2,37922,Pending
369,2024-11-12 20:46:09,2UHYC7VTWSV4F8CD3,5,4,1,2,356369,Pending
3907,2024-11-14 09:45:41,PKXNALE5W2UYG4760,33,1,5,1,112612,Reviewed
1383,2024-11-15 01:22:28,8RRCADVXL9220UB8L,183,4,5,1,176601,Reviewed
1743,2024-11-15 09:15:41,BFV7D5DNKUDLNKAE2,128,1,3,3,34046,Reviewed
3718,2024-11-17 19:49:05,NF8UANA6V58GXFHM5,62,3,2,2,108126,Pending
1389,2024-11-18 17:05:44,8RRCADVXL9220UB8L,11,4,4,2,175159,Pending
3084,2024-11-20 03:55:46,KB9YN5M42KGV8YKND,32,3,8,2,361415,Reviewed
870,2024-11-20 18:29:32,65HDXLFKD3AB2SWNC,108,3,4,2,346421,Pending
4449,2024-11-20 21:26:57,TFG1ZWFW1E7561K4A,157,1,2,2,628076,Pending
4450,2024-11-21 20:34:40,TFG1ZWFW1E7561K4A,157,1,2,2,629918,Reviewed
5361,2024-11-21 22:35:30,Z59F1N2PJGFHZ63S0,121,1,1,2,482172,Pending
4765,2024-11-22 15:20:13,VJV8M2T01S1MEVG69,113,1,4,2,193118,Pending
1606,2024-11-23 10:23:55,AHE8XP2HEHYXC4TUX,150,3,6,3,110254,Pending
402,2024-11-24 23:19:29,33DCNF325AA35XFX5,128,1,4,2,27590,Reviewed
1741,2024-11-28 10:14:01,BFV7D5DNKUDLNKAE2,128,1,3,3,31973,Reviewed
4995,2024-11-30 03:53:02,WPSK2DJTXEDBCZ9NZ,166,3,2,2,100752,Pending
1742,2024-11-30 16:15:42,BFV7D5DNKUDLNKAE2,128,1,4,2,31343,Reviewed
4726,2024-11-30 17:15:38,VECRMWSXRSP3LNFHY,57,2,6,3,201174,Pending
5357,2024-11-30 20:59:19,Z59F1N2PJGFHZ63S0,121,1,2,2,479847,Pending
3141,2024-12-01 11:08:33,KEF838YF8Z72HWFLZ,98,4,6,3,158149,Pending
4356,2024-12-07 01:50:38,SZX3C2SKBGB7U9UJ1,49,4,5,1,442306,Pending
1604,2024-12-08 20:09:05,AHE8XP2HEHYXC4TUX,150,3,4,2,111423,Pending
3075,2024-12-09 13:51:17,KB5EGPV6SL02TXFXA,49,4,6,3,151217,Pending
5051,2024-12-10 16:06:09,X39AX4HPAS5G59P9R,39,3,1,2,235415,Reviewed
2422,2024-12-11 08:17:56,F20AS7RHAK7MCXL0H,103,1,8,2,115802,Pending
5360,2024-12-13 21:03:42,Z59F1N2PJGFHZ63S0,121,1,1,2,481933,Pending
1596,2024-12-14 11:54:42,ABZ595CPJ0D2YUAS0,20,3,7,1,35977,Reviewed
1605,2024-12-15 13:28:02,AHE8XP2HEHYXC4TUX,150,3,5,1,112260,Pending
1607,2024-12-16 00:47:52,AHE8XP2HEHYXC4TUX,150,3,5,1,112625,Pending
922,2024-12-16 10:15:24,6DFG5GT1YAFFPXCCJ,52,4,5,1,281145,Pending
760,2024-12-16 13:10:33,5J4M9JRBS9J3G2VLP,61,1,2,2,541984,Pending
19,2024-12-17 13:48:19,049DFP25CA80JTX5R,196,2,3,3,172820,Reviewed
2423,2024-12-18 18:41:53,F20AS7RHAK7MCXL0H,103,1,1,2,117835,Pending
1740,2024-12-21 11:35:39,BFV7D5DNKUDLNKAE2,99,1,2,2,34389,Pending
1384,2024-12-22 11:51:40,8RRCADVXL9220UB8L,183,4,2,2,176742,Pending
5467,2024-12-24 06:13:09,ZUM8U2TA5BNN1MCHY,190,1,1,2,104072,Pending
4767,2024-12-24 14:00:48,VJV8M2T01S1MEVG69,179,1,1,2,194363,Pending
3088,2024-12-25 08:10:27,KB9YN5M42KGV8YKND,32,3,2,2,357924,Pending
3428,2024-12-26 04:48:21,LMS15FBT5XWU4F3E3,107,3,5,1,250899,Reviewed
4070,2024-12-26 05:53:16,RBDM80J6FAYLKKXRJ,107,3,2,2,293380,Reviewed
4760,2024-12-26 09:46:13,VJV8M2T01S1MEVG69,113,1,2,2,191381,Pending
4769,2024-12-29 03:12:49,VJV8M2T01S1MEVG69,179,1,4,2,188982,Pending
5498,2024-12-29 06:21:56,ZYJZSBXVDG4C6UCHW,164,3,5,1,100945,Reviewed
1817,2024-12-30 05:22:51,C5Z89PTWTBZP0RNAM,140,3,8,2,101936,Pending
1739,2024-12-30 11:45:52,BFV7D5DNKUDLNKAE2,99,1,5,1,33475,Pending
5359,2025-01-02 10:11:24,Z59F1N2PJGFHZ63S0,121,1,1,2,482782,Reviewed
869,2025-01-02 23:39:03,65HDXLFKD3AB2SWNC,108,3,1,2,345080,Pending
5053,2025-01-03 04:04:26,X39AX4HPAS5G59P9R,39,3,1,2,236638,Pending
534,2025-01-03 10:49:38,4B0N9CC7HTVVP14UB,164,3,3,3,231563,Pending
1819,2025-01-04 15:15:06,C5Z89PTWTBZP0RNAM,140,3,8,2,96968,Reviewed
5052,2025-01-04 22:30:56,X39AX4HPAS5G59P9R,39,3,7,1,237948,Pending
4204,2025-01-05 11:43:49,S822W0WFXX4EZB8DA,11,1,2,2,22798,Pending
21,2025-01-07 05:05:23,049DFP25CA80JTX5R,196,2,2,2,176708,Pending
535,2025-01-07 23:09:06,4B0N9CC7HTVVP14UB,164,3,1,2,231960,Pending
1371,2025-01-08 02:08:50,8HW0W30BYRS5BP31R,20,3,1,2,326074,Pending
3714,2025-01-08 02:40:50,NF8UANA6V58GXFHM5,62,3,3,3,106486,Reviewed
4973,2025-01-08 20:21:32,WKZ3SEEJRHFZW0XC4,145,1,6,3,304759,Pending
3713,2025-01-10 03:11:05,NF8UANA6V58GXFHM5,62,3,5,1,107299,Pending
58,2025-01-11 19:38:26,0KBTG7LAZ64ZECT0D,127,2,4,2,155247,Pending
2049,2025-01-12 05:13:53,D43E8B7R0TNRM6KRE,35,3,4,2,452918,Pending
2146,2025-01-13 06:46:01,DYJ37B9H43M44FW30,169,3,1,2,426297,Pending
4862,2025-01-13 15:02:50,W3A6PF5GKU7T6BHLR,92,1,8,2,15078,Reviewed
204,2025-01-15 09:17:54,1T2PFGBAYZSMPGBJ0,107,3,4,2,54578,Reviewed
540,2025-01-15 13:48:27,4B0N9CC7HTVVP14UB,164,3,7,1,233429,Pending
536,2025-01-16 00:28:25,4B0N9CC7HTVVP14UB,164,3,2,2,232984,Pending
214,2025-01-17 04:52:21,1UL1RSFWXVP21K19N,211,4,1,2,142324,Reviewed
4264,2025-01-18 04:35:42,SLPJURW61WAHZ5WA2,77,1,2,2,177874,Reviewed
4444,2025-01-18 06:02:08,TDT6M143HEGW2YF2T,110,1,7,1,81088,Pending
4820,2025-01-20 10:36:15,VVK13FSYRVDC63G3A,33,1,2,2,134423,Pending
3426,2025-01-21 05:20:45,LMS15FBT5XWU4F3E3,107,3,1,2,250766,Pending
539,2025-01-23 23:27:23,4B0N9CC7HTVVP14UB,164,3,4,2,230381,Pending
202,2025-01-24 06:17:17,1T2PFGBAYZSMPGBJ0,107,3,1,2,53947,Pending
4772,2025-01-25 23:03:41,VJV8M2T01S1MEVG69,179,1,3,3,189838,Pending
201,2025-01-26 18:32:21,1T2PFGBAYZSMPGBJ0,107,3,2,2,52812,Pending
4972,2025-01-27 12:57:18,WKZ3SEEJRHFZW0XC4,145,1,2,2,300349,Pending
731,2025-01-28 01:00:26,5GBBBMGNSP7ZHTR8S,112,1,7,1,239265,Reviewed
102,2025-01-29 01:43:32,0RFE8E5VNL0VXYPL4,132,3,2,2,291113,Pending
2963,2025-01-29 09:57:57,K154BLTZK4VXHK8B3,192,1,6,3,118011,Pending
537,2025-01-30 06:21:03,4B0N9CC7HTVVP14UB,164,3,5,1,232036,Pending
3138,2025-01-31 16:14:06,KEF838YF8Z72HWFLZ,98,4,8,2,158170,Reviewed
2965,2025-01-31 21:09:25,K154BLTZK4VXHK8B3,192,1,2,2,115265,Pending
538,2025-02-02 06:41:01,4B0N9CC7HTVVP14UB,164,3,6,3,231357,Pending
2964,2025-02-02 12:16:28,K154BLTZK4VXHK8B3,192,1,4,2,116663,Pending
5002,2025-02-02 19:52:15,WPSK2DJTXEDBCZ9NZ,86,3,8,2,103453,Pending
4160,2025-02-03 01:20:35,S0K9M5TM0NCYM0M02,168,1,5,1,654375,Pending
4465,2025-02-03 13:48:32,TG7S0HS0GECBWSZRH,28,1,1,2,117355,Pending
761,2025-02-06 04:53:54,5J4M9JRBS9J3G2VLP,61,1,4,2,543016,Pending
4071,2025-02-06 16:01:48,RBDM80J6FAYLKKXRJ,107,3,2,2,288807,Reviewed
2189,2025-02-07 21:37:56,E73GNNW9JBXGU3LB3,185,3,4,2,139984,Pending
3427,2025-02-09 02:12:57,LMS15FBT5XWU4F3E3,107,3,7,1,251806,Reviewed
3083,2025-02-09 09:23:44,KB9YN5M42KGV8YKND,32,3,5,1,357750,Pending
569,2025-02-10 08:54:11,4FMRM5GGBP16FGSYJ,67,1,1,2,45057,Pending
1737,2025-02-10 10:48:29,BFV7D5DNKUDLNKAE2,99,1,1,2,32888,Pending
4191,2025-02-10 16:34:18,S4PKLMC2TBK9TY747,74,1,4,2,24567,Pending
2967,2025-02-10 20:24:34,K154BLTZK4VXHK8B3,192,1,7,1,116535,Pending
1119,2025-02-11 11:15:44,71K5FRL3Y3KC2T17L,207,2,5,1,48055,Reviewed
573,2025-02-11 12:08:03,4FMRM5GGBP16FGSYJ,67,1,5,1,41674,Pending
4998,2025-02-11 22:03:46,WPSK2DJTXEDBCZ9NZ,86,3,2,2,104033,Pending
4208,2025-02-11 22:14:34,S822W0WFXX4EZB8DA,11,1,2,2,24986,Pending
3635,2025-02-12 06:27:04,N45PFXRNY0D0B6F6U,143,3,3,3,89936,Pending
4643,2025-02-12 23:16:51,UR2T16XNXLC84GZ2F,207,2,1,2,338132,Pending
4206,2025-02-12 23:41:21,S822W0WFXX4EZB8DA,11,1,1,2,26558,Pending
758,2025-02-13 12:02:00,5J4M9JRBS9J3G2VLP,61,1,2,2,543589,Pending
5168,2025-02-13 20:04:04,XSECJUT1M7H082KYU,51,2,2,2,390671,Reviewed
1379,2025-02-14 19:20:52,8RRCADVXL9220UB8L,183,4,4,2,176472,Pending
5184,2025-02-16 03:33:15,XSZDTV4FBL5EFJP7M,196,2,2,2,117684,Reviewed
403,2025-02-16 17:18:03,33DCNF325AA35XFX5,128,1,7,1,31027,Pending
4192,2025-02-16 23:22:54,S4PKLMC2TBK9TY747,74,1,1,2,29278,Reviewed
2187,2025-02-17 03:00:30,E73GNNW9JBXGU3LB3,185,3,3,3,141472,Pending
252,2025-02-17 11:44:24,21KZHWLSYH64HAA45,71,3,1,2,322556,Pending
3056,2025-02-18 00:45:29,K9UP02J8S9H6KZK92,171,2,3,3,57736,Pending
2962,2025-02-18 10:04:24,K154BLTZK4VXHK8B3,192,1,5,1,116535,Pending
1684,2025-02-18 11:55:01,B03UE6E7LNX4WTTTV,187,4,5,1,311161,Pending
5358,2025-02-18 17:39:21,Z59F1N2PJGFHZ63S0,121,1,3,3,483228,Pending
735,2025-02-19 16:31:22,5GBBBMGNSP7ZHTR8S,112,1,8,2,236327,Pending
4999,2025-02-20 07:02:52,WPSK2DJTXEDBCZ9NZ,86,3,5,1,101429,Pending
2499,2025-02-20 21:49:57,FPUD3M1YP3FETZAYZ,206,2,5,1,267773,Reviewed
5087,2025-02-21 02:10:43,X9GEZBE5SFM6W3YXF,6,1,2,2,319690,Pending
1120,2025-02-23 10:47:37,71K5FRL3Y3KC2T17L,207,2,2,2,52428,Reviewed
248,2025-02-23 17:26:12,21KZHWLSYH64HAA45,71,3,1,2,320555,Reviewed
4340,2025-02-24 05:02:09,SUR685PGM6Y7R8AGV,147,2,2,2,222040,Pending
5003,2025-02-24 08:25:24,WPSK2DJTXEDBCZ9NZ,86,3,4,2,102601,Reviewed
4766,2025-02-24 09:56:44,VJV8M2T01S1MEVG69,179,1,1,2,193510,Pending
730,2025-02-24 23:40:02,5GBBBMGNSP7ZHTR8S,112,1,3,3,235170,Reviewed
697,2025-02-25 03:54:13,50R7S2M364WRJ27CW,137,2,5,1,24384,Pending
4440,2025-02-25 07:15:54,TDT6M143HEGW2YF2T,110,1,2,2,79679,Pending
1578,2025-02-26 09:41:17,A7YFH0MD13VPYNW1Z,92,1,7,1,59271,Pending
2968,2025-02-26 20:41:26,K154BLTZK4VXHK8B3,192,1,1,2,117385,Pending
3430,2025-02-26 20:42:38,LMS15FBT5XWU4F3E3,107,3,8,2,252197,Pending
2966,2025-02-27 20:20:22,K154BLTZK4VXHK8B3,192,1,1,2,117428,Reviewed
729,2025-02-28 03:37:17,5GBBBMGNSP7ZHTR8S,112,1,6,3,240276,Pending
2969,2025-03-01 18:09:28,K154BLTZK4VXHK8B3,192,1,1,2,118132,Reviewed
127,2025-03-02 06:49:31,0XVGZXM7T7NBNSBNY,186,1,5,1,151001,Reviewed
3922,2025-03-02 16:06:01,PLEATK6P1W93M0ZYS,19,3,2,2,316641,Reviewed
728,2025-03-03 12:43:03,5GBBBMGNSP7ZHTR8S,112,1,2,2,237885,Pending
4929,2025-03-04 00:25:40,WEM80NW7LN33Z41ZU,48,1,6,3,297902,Pending
3804,2025-03-04 06:14:26,NVYL39DF5TJEXS0VH,51,2,2,2,106484,Pending
5086,2025-03-04 17:10:50,X9GEZBE5SFM6W3YXF,6,1,2,2,315743,Pending
4112,2025-03-06 04:55:31,RSDWWKAR60RYWX19J,11,3,7,1,158428,Pending
876,2025-03-06 21:03:50,65HDXLFKD3AB2SWNC,108,3,7,1,348086,Reviewed
4114,2025-03-07 06:35:27,RSDWWKAR60RYWX19J,11,3,1,2,162126,Pending
3541,2025-03-12 10:01:34,MM1RRNP2P8M392A0G,129,1,5,1,182196,Pending
1390,2025-03-13 04:23:30,8RRCADVXL9220UB8L,11,4,5,1,172681,Pending
4115,2025-03-14 08:50:20,RSDWWKAR60RYWX19J,11,3,2,2,159999,Reviewed
3139,2025-03-16 19:24:45,KEF838YF8Z72HWFLZ,98,4,4,2,154228,Reviewed
495,2025-03-16 22:46:13,3ZKCBRSGXL0159ENV,188,3,4,2,44787,Pending
2902,2025-03-17 14:31:45,JBCL88D0UGUJXF1PD,7,1,3,3,104236,Pending
734,2025-03-18 03:24:42,5GBBBMGNSP7ZHTR8S,112,1,3,3,238793,Reviewed
757,2025-03-19 22:30:31,5J4M9JRBS9J3G2VLP,61,1,4,2,541276,Pending
2134,2025-03-20 09:08:47,DX6MM7HDAP13UB35J,201,2,1,2,213160,Reviewed
5400,2025-03-20 09:35:47,ZDAWDDGS4RBEP944V,114,2,2,2,224493,Pending
2137,2025-03-20 22:16:44,DX6MM7HDAP13UB35J,201,2,5,1,212295,Pending
3805,2025-03-21 00:35:09,NVYL39DF5TJEXS0VH,51,2,4,2,104439,Pending
4996,2025-03-21 18:29:04,WPSK2DJTXEDBCZ9NZ,166,3,1,2,101735,Pending
5130,2025-03-22 01:44:49,XJM3C8SJ0K4C9YBPN,159,3,1,2,245069,Pending
759,2025-03-23 11:38:09,5J4M9JRBS9J3G2VLP,61,1,2,2,543198,Pending
5099,2025-03-24 08:02:29,XBYYFAEATMU4JN151,26,3,3,3,320842,Reviewed
4325,2025-03-25 01:42:03,SNW8C1U51KUUXJXYZ,137,2,3,3,51514,Reviewed
4113,2025-03-25 07:23:42,RSDWWKAR60RYWX19J,11,3,4,2,156190,Pending
574,2025-03-25 10:49:28,4FMRM5GGBP16FGSYJ,67,1,2,2,44788,Pending
1671,2025-03-25 16:16:51,AVKGSNZJNNT9R0EMJ,191,3,2,2,115168,Pending
3637,2025-03-25 19:22:31,N45PFXRNY0D0B6F6U,143,3,4,2,89468,Pending
375,2025-03-26 22:01:34,2UHYC7VTWSV4F8CD3,5,4,1,2,354899,Reviewed
1121,2025-03-27 11:29:47,71K5FRL3Y3KC2T17L,207,2,3,3,49765,Pending
2009,2025-03-27 19:41:00,D3RGJHNELAZ0HVLHC,139,4,3,3,106167,Pending
1391,2025-03-28 07:33:21,8RRCADVXL9220UB8L,11,4,1,2,177176,Reviewed
3802,2025-03-28 08:48:47,NVYL39DF5TJEXS0VH,51,2,2,2,108168,Pending
639,2025-03-31 17:02:45,4VT3ZVRMANSZ1HV98,178,2,1,2,38736,Pending
871,2025-04-01 08:07:47,65HDXLFKD3AB2SWNC,108,3,1,2,345076,Pending
4607,2025-04-01 21:39:20,UHC0U23HCMG5MSED7,76,3,4,2,283038,Reviewed
1380,2025-04-03 01:26:35,8RRCADVXL9220UB8L,183,4,1,2,176323,Pending
4984,2025-04-04 20:39:57,WP6271URF5EHJ11GP,45,1,4,2,224747,Reviewed
2207,2025-04-05 00:28:46,EADA95GYYRX3GKSSA,127,4,6,3,158052,Pending
476,2025-04-05 19:22:13,3ZC1MDHCWXW8LX2RH,121,1,2,2,282112,Pending
4111,2025-04-06 10:53:23,RSDWWKAR60RYWX19J,11,3,7,1,161673,Pending
4316,2025-04-09 08:37:43,SNVFRKYZX076DC4CA,132,3,7,1,103865,Pending
696,2025-04-10 07:25:57,50R7S2M364WRJ27CW,137,2,2,2,27116,Pending
5096,2025-04-10 11:45:16,XBYYFAEATMU4JN151,26,3,5,1,322644,Pending
3460,2025-04-11 06:48:34,M73KEZN9483KK0MRJ,25,1,1,2,162388,Reviewed
3996,2025-04-14 23:18:31,R349CYB09UXN7N2ZB,195,1,3,3,111045,Reviewed
1386,2025-04-15 00:53:26,8RRCADVXL9220UB8L,183,4,4,2,174366,Pending
3636,2025-04-15 20:28:43,N45PFXRNY0D0B6F6U,143,3,1,2,86755,Pending
3803,2025-04-16 09:47:15,NVYL39DF5TJEXS0VH,51,2,1,2,106350,Reviewed
2172,2025-04-19 22:13:36,E6A9HL2847TVVDSFJ,95,2,2,2,440651,Reviewed
4357,2025-04-20 02:33:00,SZX3C2SKBGB7U9UJ1,49,4,5,1,444096,Pending
16,2025-04-22 00:07:08,049DFP25CA80JTX5R,196,2,2,2,172522,Pending
483,2025-04-22 07:51:08,3ZKCBRSGXL0159ENV,159,3,1,2,42861,Pending
4319,2025-04-23 00:33:52,SNVFRKYZX076DC4CA,132,3,1,2,108209,Reviewed
3806,2025-04-23 00:44:00,NVYL39DF5TJEXS0VH,51,2,2,2,105691,Pending
2175,2025-04-24 02:51:17,E6A9HL2847TVVDSFJ,95,2,2,2,440987,Pending
3807,2025-04-24 07:21:18,NVYL39DF5TJEXS0VH,51,2,4,2,104218,Pending
4439,2025-04-25 15:49:21,TDT6M143HEGW2YF2T,110,1,3,3,78748,Pending
18,2025-04-25 21:27:40,049DFP25CA80JTX5R,196,2,2,2,178095,Pending
3801,2025-04-26 04:55:55,NVYL39DF5TJEXS0VH,51,2,2,2,103971,Pending
3808,2025-04-27 05:33:42,NVYL39DF5TJEXS0VH,51,2,4,2,105983,Reviewed
4322,2025-04-27 19:37:13,SNW8C1U51KUUXJXYZ,137,2,5,1,50820,Pending
733,2025-04-28 04:13:39,5GBBBMGNSP7ZHTR8S,112,1,4,2,234467,Pending
1577,2025-04-28 09:43:45,A7YFH0MD13VPYNW1Z,92,1,2,2,58754,Pending
874,2025-04-28 21:40:32,65HDXLFKD3AB2SWNC,108,3,1,2,349172,Pending
2174,2025-04-29 17:09:45,E6A9HL2847TVVDSFJ,95,2,3,3,437739,Pending
571,2025-04-30 08:52:16,4FMRM5GGBP16FGSYJ,67,1,3,3,45396,Pending
5000,2025-04-30 15:39:10,WPSK2DJTXEDBCZ9NZ,86,3,3,3,101657,Pending
5133,2025-05-02 13:31:08,XJM3C8SJ0K4C9YBPN,159,3,6,3,244947,Pending
4606,2025-05-02 14:05:15,UHC0U23HCMG5MSED7,76,3,2,2,282740,Pending
4587,2025-05-02 14:13:23,TZZUEAG4ARUM9Y798,102,3,3,3,52546,Pending
5018,2025-05-02 17:43:55,WYF2MZT16NKXEF3MX,5,4,1,2,481313,Reviewed
103,2025-05-03 15:02:07,0RFE8E5VNL0VXYPL4,132,3,2,2,289288,Pending
1387,2025-05-03 23:26:05,8RRCADVXL9220UB8L,11,4,2,2,175795,Pending
5023,2025-05-04 06:52:17,WYF2MZT16NKXEF3MX,5,4,3,3,481412,Pending
4997,2025-05-04 08:48:07,WPSK2DJTXEDBCZ9NZ,86,3,5,1,103645,Reviewed
4354,2025-05-07 09:19:38,SZX3C2SKBGB7U9UJ1,49,4,4,2,445315,Pending
3790,2025-05-09 03:39:39,NPY3J9UAN0S2MVLJA,132,3,2,2,228568,Pending
895,2025-05-11 08:09:59,681CNG20N2SHAMXV2,143,1,1,2,83584,Pending
5021,2025-05-12 10:40:26,WYF2MZT16NKXEF3MX,5,4,5,1,481318,Pending
732,2025-05-12 13:46:48,5GBBBMGNSP7ZHTR8S,112,1,2,2,234978,Pending
4762,2025-05-12 19:01:56,VJV8M2T01S1MEVG69,113,1,5,1,191049,Reviewed
4314,2025-05-15 02:17:20,SNVFRKYZX076DC4CA,132,3,3,3,105130,Pending
1382,2025-05-16 01:38:20,8RRCADVXL9220UB8L,183,4,4,2,173052,Pending
1094,2025-05-16 03:22:35,6YLK8XSV1YDMHY7JB,183,4,6,3,204553,Pending
641,2025-05-16 14:44:56,4VT3ZVRMANSZ1HV98,178,2,5,1,36417,Pending
3793,2025-05-17 02:53:27,NPY3J9UAN0S2MVLJA,132,3,3,3,227939,Pending
1580,2025-05-18 09:10:02,A7YFH0MD13VPYNW1Z,92,1,2,2,57513,Pending
3994,2025-05-19 09:09:57,R349CYB09UXN7N2ZB,195,1,5,1,109996,Pending
897,2025-05-19 19:47:57,681CNG20N2SHAMXV2,143,1,2,2,83104,Reviewed
5403,2025-05-20 03:04:16,ZDAWDDGS4RBEP944V,114,2,3,3,223487,Pending
1669,2025-05-20 03:52:12,AVKGSNZJNNT9R0EMJ,191,3,1,2,110991,Pending
3792,2025-05-21 22:34:44,NPY3J9UAN0S2MVLJA,132,3,5,1,228135,Pending
5463,2025-05-23 23:33:45,ZUM8U2TA5BNN1MCHY,190,1,2,2,98721,Reviewed
2901,2025-05-25 21:26:49,JBCL88D0UGUJXF1PD,7,1,8,2,104947,Pending
4318,2025-05-26 23:10:43,SNVFRKYZX076DC4CA,132,3,1,2,108341,Pending
896,2025-05-28 13:57:14,681CNG20N2SHAMXV2,143,1,2,2,78445,Pending
5356,2025-05-29 22:26:12,Z59F1N2PJGFHZ63S0,121,1,1,2,483313,Pending
2679,2025-05-30 08:04:34,GHE8HCDP6DHGYL9ZU,74,1,3,3,125901,Pending
5336,2025-05-30 21:23:12,YWA6E753GSSDNXU3E,159,3,2,2,453793,Pending
493,2025-06-01 19:04:45,3ZKCBRSGXL0159ENV,188,3,3,3,46222,Pending
299,2025-06-01 23:13:39,2JSBDYGEWNNWB0X5A,92,1,1,2,138319,Pending
491,2025-06-03 00:30:44,3ZKCBRSGXL0159ENV,188,3,2,2,42332,Reviewed
1393,2025-06-03 04:57:26,8RRCADVXL9220UB8L,11,4,1,2,173451,Reviewed
2208,2025-06-04 15:22:16,EADA95GYYRX3GKSSA,127,4,5,1,162078,Pending
1997,2025-06-04 19:51:45,D3EWNW5KFS6D063Y2,23,3,4,2,9389,Pending
2743,2025-06-06 18:11:38,GW823HNC0J4Y6G1EB,183,4,2,2,538094,Pending
4495,2025-06-08 13:32:43,TLUDKXVFF225XF89Y,71,3,7,1,205639,Pending
4463,2025-06-09 15:42:31,TG7S0HS0GECBWSZRH,28,1,6,3,119458,Pending
395,2025-06-10 05:48:36,2Y7PW6UGP4JK8YNLP,174,3,2,2,340082,Pending
894,2025-06-10 11:38:40,681CNG20N2SHAMXV2,143,1,1,2,80507,Pending
2681,2025-06-10 15:45:42,GHE8HCDP6DHGYL9ZU,74,1,5,1,125256,Pending
638,2025-06-11 16:29:22,4VT3ZVRMANSZ1HV98,178,2,5,1,37780,Reviewed
893,2025-06-11 21:29:37,681CNG20N2SHAMXV2,143,1,2,2,79894,Reviewed
1810,2025-06-12 01:04:01,C2RPYSUEN3V8EZ731,72,3,3,3,31778,Pending
4853,2025-06-13 00:25:20,W31RABYX3EPXLCFU8,121,1,4,2,134156,Pending
2133,2025-06-13 03:13:50,DX6MM7HDAP13UB35J,201,2,2,2,211603,Reviewed
4321,2025-06-13 21:09:13,SNW8C1U51KUUXJXYZ,137,2,4,2,47910,Reviewed
875,2025-06-14 06:33:00,65HDXLFKD3AB2SWNC,108,3,2,2,347577,Pending
2091,2025-06-14 07:59:32,D8VDUVJ83VFL6UBA6,158,1,8,2,103812,Pending
693,2025-06-14 17:51:24,50R7S2M364WRJ27CW,137,2,5,1,25344,Pending
5022,2025-06-15 13:51:56,WYF2MZT16NKXEF3MX,5,4,7,1,480790,Pending
4121,2025-06-18 02:26:16,RSX3WMCSBNKY9CWNW,171,2,1,2,154661,Pending
1381,2025-06-18 13:36:42,8RRCADVXL9220UB8L,183,4,1,2,172535,Pending
4492,2025-06-19 10:57:21,TLUDKXVFF225XF89Y,71,3,3,3,207892,Pending
492,2025-06-20 00:50:02,3ZKCBRSGXL0159ENV,188,3,3,3,41045,Pending
5019,2025-06-20 15:40:40,WYF2MZT16NKXEF3MX,5,4,3,3,480942,Pending
4645,2025-06-22 00:02:39,UR2T16XNXLC84GZ2F,207,2,6,3,342975,Pending
694,2025-06-22 19:19:15,50R7S2M364WRJ27CW,137,2,1,2,22411,Pending
4315,2025-06-24 00:34:55,SNVFRKYZX076DC4CA,132,3,2,2,104667,Pending
640,2025-06-24 05:24:42,4VT3ZVRMANSZ1HV98,178,2,1,2,40364,Pending
2135,2025-06-25 08:29:19,DX6MM7HDAP13UB35J,201,2,4,2,210717,Reviewed
4586,2025-06-25 22:30:04,TZZUEAG4ARUM9Y798,102,3,5,1,54383,Reviewed
2136,2025-06-26 12:31:41,DX6MM7HDAP13UB35J,201,2,8,2,212644,Pending
4438,2025-06-27 18:26:36,TDT6M143HEGW2YF2T,110,1,8,2,79187,Pending
250,2025-06-28 01:12:32,21KZHWLSYH64HAA45,71,3,4,2,322816,Pending
4324,2025-06-28 03:47:30,SNW8C1U51KUUXJXYZ,137,2,4,2,47493,Reviewed
979,2025-06-29 00:37:00,6K8DK0T5UXK8UEMRY,102,3,4,2,299309,Pending
4194,2025-06-29 01:15:49,S4PKLMC2TBK9TY747,74,1,2,2,26984,Pending
692,2025-06-30 08:52:02,50R7S2M364WRJ27CW,137,2,4,2,25066,Pending
4320,2025-07-01 16:52:30,SNVFRKYZX076DC4CA,132,3,3,3,103633,Pending
1812,2025-07-02 07:19:16,C2RPYSUEN3V8EZ731,72,3,4,2,33634,Reviewed
3060,2025-07-03 06:34:17,K9UP02J8S9H6KZK92,100,2,2,2,55732,Reviewed
3791,2025-07-03 14:52:51,NPY3J9UAN0S2MVLJA,132,3,3,3,224119,Pending
883,2025-07-04 16:59:26,6819Z317MDSBZDAXH,74,1,3,3,234223,Pending
1117,2025-07-06 13:34:45,71K5FRL3Y3KC2T17L,207,2,8,2,48820,Reviewed
2497,2025-07-09 23:15:29,FPUD3M1YP3FETZAYZ,206,2,2,2,265792,Reviewed
2899,2025-07-10 05:55:54,JBCL88D0UGUJXF1PD,7,1,1,2,102956,Reviewed
5364,2025-07-12 13:42:04,Z59F1N2PJGFHZ63S0,74,1,2,2,478884,Reviewed
2900,2025-07-13 00:20:45,JBCL88D0UGUJXF1PD,7,1,2,2,104909,Pending
396,2025-07-13 13:44:35,2Y7PW6UGP4JK8YNLP,174,3,2,2,339324,Reviewed
5339,2025-07-14 13:03:39,YWA6E753GSSDNXU3E,159,3,6,3,450159,Reviewed
494,2025-07-16 02:40:51,3ZKCBRSGXL0159ENV,188,3,5,1,44991,Pending
3072,2025-07-16 11:24:08,KB5EGPV6SL02TXFXA,49,4,1,2,149929,Reviewed
2812,2025-07-16 20:35:58,HEC4D246BM2ENF423,133,2,1,2,196184,Pending
2205,2025-07-17 07:01:01,EADA95GYYRX3GKSSA,127,4,5,1,158770,Reviewed
1344,2025-07-18 14:50:29,8DJKLVZLWZGEVKCVX,186,1,2,2,358698,Pending
1319,2025-07-18 16:34:00,85GG1W5DUADFSZ58W,205,3,1,2,130986,Reviewed
882,2025-07-19 11:56:36,6819Z317MDSBZDAXH,74,1,5,1,230947,Reviewed
401,2025-07-22 03:41:54,33DCNF325AA35XFX5,128,1,3,3,28039,Pending
5129,2025-07-22 05:00:14,XJM3C8SJ0K4C9YBPN,159,3,2,2,246355,Pending
2814,2025-07-22 07:23:14,HEC4D246BM2ENF423,133,2,3,3,197892,Pending
5411,2025-07-22 10:53:15,ZF1C1JXE4KM3LSL1G,116,1,3,3,128337,Pending
983,2025-07-22 13:23:29,6K8DK0T5UXK8UEMRY,102,3,5,1,297574,Pending
3540,2025-07-22 13:52:10,MM1RRNP2P8M392A0G,129,1,1,2,179119,Pending
3993,2025-07-22 18:52:12,R349CYB09UXN7N2ZB,195,1,5,1,109540,Pending
3904,2025-07-23 00:58:16,PKXNALE5W2UYG4760,33,1,1,2,112903,Pending
1581,2025-07-23 06:02:37,A7YFH0MD13VPYNW1Z,92,1,7,1,56894,Pending
3142,2025-07-23 15:12:22,KEF838YF8Z72HWFLZ,44,4,4,2,157207,Pending
3073,2025-07-23 20:56:38,KB5EGPV6SL02TXFXA,49,4,1,2,153857,Pending
3526,2025-07-25 17:08:21,MHZSFZ762ZY8NH8SS,100,2,1,2,12364,Pending
3924,2025-07-27 14:14:32,PLEATK6P1W93M0ZYS,19,3,2,2,318437,Reviewed
2903,2025-07-27 23:45:18,JBCL88D0UGUJXF1PD,7,1,1,2,102656,Pending
3140,2025-07-28 16:20:56,KEF838YF8Z72HWFLZ,98,4,3,3,158550,Reviewed
4609,2025-07-29 00:07:48,UHC0U23HCMG5MSED7,76,3,2,2,284668,Pending
2821,2025-07-29 04:48:21,HTMDZWULH9BG822KD,217,1,2,2,133682,Pending
884,2025-07-29 15:05:38,6819Z317MDSBZDAXH,74,1,5,1,235285,Pending
1641,2025-07-30 03:45:58,AR5JRH7876PB91TRP,43,1,3,3,154553,Pending
2680,2025-08-01 07:56:36,GHE8HCDP6DHGYL9ZU,74,1,7,1,128142,Pending
1346,2025-08-02 01:05:58,8DJKLVZLWZGEVKCVX,186,1,1,2,360372,Pending
4363,2025-08-02 14:47:15,T1WHX2NM4X17YEGGR,152,1,4,2,103175,Reviewed
4471,2025-08-03 10:47:47,TG7S0HS0GECBWSZRH,157,1,3,3,115768,Pending
1670,2025-08-03 13:06:29,AVKGSNZJNNT9R0EMJ,191,3,5,1,112108,Pending
1092,2025-08-03 22:15:15,6YLK8XSV1YDMHY7JB,183,4,5,1,205790,Pending
1638,2025-08-04 13:43:58,AR5JRH7876PB91TRP,43,1,2,2,158074,Pending
3665,2025-08-04 13:51:18,N6938YNBMLDS006EW,11,1,6,3,58180,Reviewed
980,2025-08-04 14:17:49,6K8DK0T5UXK8UEMRY,102,3,8,2,298290,Pending
4610,2025-08-05 19:38:44,UHC0U23HCMG5MSED7,76,3,7,1,284563,Pending
5020,2025-08-05 23:59:52,WYF2MZT16NKXEF3MX,5,4,5,1,486003,Pending
4323,2025-08-07 03:50:58,SNW8C1U51KUUXJXYZ,137,2,3,3,50056,Reviewed
3057,2025-08-07 08:07:59,K9UP02J8S9H6KZK92,171,2,7,1,55477,Pending
213,2025-08-08 10:33:18,1UL1RSFWXVP21K19N,211,4,6,3,140594,Pending
967,2025-08-09 13:48:09,6HE3LWN1HPEF9RJWT,219,4,4,2,331022,Pending
1115,2025-08-09 15:35:13,71K5FRL3Y3KC2T17L,207,2,2,2,50486,Pending
5131,2025-08-09 17:59:20,XJM3C8SJ0K4C9YBPN,159,3,1,2,247928,Pending
1682,2025-08-10 08:15:21,B03UE6E7LNX4WTTTV,187,4,5,1,311460,Pending
4591,2025-08-10 20:29:51,TZZUEAG4ARUM9Y798,102,3,1,2,53890,Reviewed
978,2025-08-11 00:57:10,6K8DK0T5UXK8UEMRY,102,3,5,1,301828,Pending
398,2025-08-11 10:24:37,33DCNF325AA35XFX5,128,1,5,1,30781,Pending
374,2025-08-12 16:15:41,2UHYC7VTWSV4F8CD3,5,4,6,3,352342,Pending
371,2025-08-12 23:40:41,2UHYC7VTWSV4F8CD3,5,4,3,3,355305,Pending
5097,2025-08-13 20:01:16,XBYYFAEATMU4JN151,26,3,7,1,324701,Pending
4928,2025-08-14 00:37:22,WEM80NW7LN33Z41ZU,48,1,2,2,299059,Reviewed
1388,2025-08-14 12:35:27,8RRCADVXL9220UB8L,11,4,2,2,173408,Pending
3667,2025-08-15 11:25:44,N6938YNBMLDS006EW,11,1,2,2,58674,Pending
373,2025-08-16 00:38:22,2UHYC7VTWSV4F8CD3,5,4,2,2,355453,Pending
2822,2025-08-16 15:13:27,HTMDZWULH9BG822KD,217,1,6,3,133981,Pending
4334,2025-08-18 02:28:16,SUR685PGM6Y7R8AGV,147,2,4,2,221097,Pending
2008,2025-08-18 18:13:35,D3RGJHNELAZ0HVLHC,139,4,5,1,108733,Pending
4930,2025-08-18 18:59:56,WEM80NW7LN33Z41ZU,48,1,1,2,295950,Pending
885,2025-08-19 12:14:01,6819Z317MDSBZDAXH,74,1,1,2,235985,Reviewed
5409,2025-08-19 17:27:32,ZF1C1JXE4KM3LSL1G,116,1,2,2,128931,Pending
4355,2025-08-21 11:17:39,SZX3C2SKBGB7U9UJ1,49,4,5,1,440248,Reviewed
4608,2025-08-21 11:26:01,UHC0U23HCMG5MSED7,76,3,2,2,283032,Pending
3668,2025-08-21 20:07:39,N6938YNBMLDS006EW,11,1,6,3,58663,Pending
399,2025-08-23 05:18:40,33DCNF325AA35XFX5,128,1,7,1,33247,Pending
3905,2025-08-23 09:09:07,PKXNALE5W2UYG4760,33,1,8,2,116187,Pending
2678,2025-08-23 23:25:01,GHE8HCDP6DHGYL9ZU,74,1,3,3,127417,Pending
3666,2025-08-24 06:21:18,N6938YNBMLDS006EW,11,1,2,2,54605,Pending
2971,2025-08-25 07:19:09,K154BLTZK4VXHK8B3,130,1,6,3,115531,Reviewed
4893,2025-08-25 15:55:42,WC9ARY6S0CM8KJ6AW,171,4,2,2,191122,Pending
982,2025-08-25 18:17:27,6K8DK0T5UXK8UEMRY,102,3,2,2,301944,Pending
3527,2025-08-27 12:11:01,MHZSFZ762ZY8NH8SS,100,2,2,2,12528,Pending
2430,2025-08-27 21:39:02,F20AS7RHAK7MCXL0H,134,1,2,2,117287,Pending
4317,2025-08-28 06:48:01,SNVFRKYZX076DC4CA,132,3,1,2,104302,Pending
5402,2025-08-28 07:42:55,ZDAWDDGS4RBEP944V,114,2,2,2,220904,Pending
4467,2025-08-28 11:22:22,TG7S0HS0GECBWSZRH,157,1,7,1,120620,Reviewed
3794,2025-08-28 15:06:48,NPY3J9UAN0S2MVLJA,132,3,4,2,222808,Reviewed
2428,2025-08-30 15:33:45,F20AS7RHAK7MCXL0H,134,1,7,1,119060,Reviewed
1394,2025-08-31 00:19:31,8RRCADVXL9220UB8L,11,4,5,1,173524,Pending
3573,2025-08-31 13:11:57,MVMZJ124GWE50UJ2K,150,3,2,2,82467,Pending
4892,2025-08-31 20:54:32,WC9ARY6S0CM8KJ6AW,171,4,5,1,195874,Pending
29,2025-09-03 00:31:49,0BCFJC47PRPLNDA0C,184,2,8,2,82013,Reviewed
4985,2025-09-03 05:43:37,WP6271URF5EHJ11GP,45,1,1,2,220953,Pending
1345,2025-09-03 08:21:38,8DJKLVZLWZGEVKCVX,186,1,7,1,360067,Pending
5368,2025-09-04 02:04:10,Z59F1N2PJGFHZ63S0,74,1,6,3,482780,Pending
3332,2025-09-04 08:49:59,LHMG9JW7EYR334B9N,174,3,1,2,235279,Pending
3442,2025-09-04 21:05:35,LPLN4DG1WT1NDCSPS,190,1,6,3,192367,Pending
31,2025-09-05 16:04:52,0BCFJC47PRPLNDA0C,184,2,2,2,77053,Pending
4888,2025-09-05 20:11:13,WC9ARY6S0CM8KJ6AW,171,4,2,2,191594,Pending
5465,2025-09-06 22:05:57,ZUM8U2TA5BNN1MCHY,190,1,5,1,102324,Pending
477,2025-09-06 23:37:23,3ZC1MDHCWXW8LX2RH,121,1,4,2,281150,Reviewed
4889,2025-09-07 14:51:50,WC9ARY6S0CM8KJ6AW,171,4,2,2,196414,Pending
3528,2025-09-08 00:33:18,MHZSFZ762ZY8NH8SS,100,2,2,2,16730,Pending
497,2025-09-08 05:10:34,416YLZJMA0TWHRJ94,51,2,6,3,16655,Reviewed
3444,2025-09-08 13:47:39,LPLN4DG1WT1NDCSPS,190,1,4,2,197415,Pending
3903,2025-09-09 01:34:43,PKXNALE5W2UYG4760,33,1,5,1,115147,Reviewed
2549,2025-09-12 00:39:02,FZF4WAG7NGKUSNAL7,148,2,1,2,370703,Reviewed
5464,2025-09-12 21:55:52,ZUM8U2TA5BNN1MCHY,190,1,3,3,103692,Reviewed
981,2025-09-14 02:43:03,6K8DK0T5UXK8UEMRY,102,3,2,2,299829,Reviewed
4891,2025-09-14 22:28:48,WC9ARY6S0CM8KJ6AW,171,4,2,2,195507,Pending
4442,2025-09-15 10:44:44,TDT6M143HEGW2YF2T,110,1,2,2,77252,Pending
698,2025-09-15 22:27:43,50R7S2M364WRJ27CW,137,2,7,1,27915,Pending
1058,2025-09-17 18:06:05,6VLM9KFZWL2JXWVYK,132,3,7,1,24466,Pending
977,2025-09-18 06:55:48,6K8DK0T5UXK8UEMRY,102,3,4,2,299827,Pending
5170,2025-09-18 12:17:24,XSECJUT1M7H082KYU,51,2,1,2,392756,Pending
695,2025-09-18 13:49:00,50R7S2M364WRJ27CW,137,2,4,2,23999,Pending
4858,2025-09-18 16:12:33,W31RABYX3EPXLCFU8,25,1,5,1,135158,Pending
4364,2025-09-19 15:50:42,T1WHX2NM4X17YEGGR,152,1,2,2,104749,Reviewed
3061,2025-09-20 13:05:21,K9UP02J8S9H6KZK92,100,2,2,2,60235,Pending
4861,2025-09-21 10:08:47,W3A6PF5GKU7T6BHLR,92,1,2,2,17926,Pending
4890,2025-09-21 11:28:08,WC9ARY6S0CM8KJ6AW,171,4,7,1,193836,Reviewed
4380,2025-09-22 03:57:34,T1YTTSLNZ0TJP7WBH,38,4,1,2,201009,Reviewed
404,2025-09-22 05:15:58,33DCNF325AA35XFX5,128,1,3,3,27713,Reviewed
2676,2025-09-22 18:47:18,GHE8HCDP6DHGYL9ZU,74,1,5,1,124394,Pending
969,2025-09-23 10:25:29,6HE3LWN1HPEF9RJWT,219,4,3,3,330769,Reviewed
4894,2025-09-23 16:33:06,WC9ARY6S0CM8KJ6AW,171,4,1,2,191524,Reviewed
2820,2025-09-24 04:44:21,HTMDZWULH9BG822KD,217,1,2,2,135176,Reviewed
898,2025-09-26 20:01:18,69M6MG87PH0E1WFNY,208,1,1,2,215806,Pending
976,2025-09-27 17:52:40,6K8DK0T5UXK8UEMRY,102,3,2,2,300071,Reviewed
1392,2025-09-27 21:48:49,8RRCADVXL9220UB8L,11,4,2,2,174393,Pending
2429,2025-09-28 01:00:32,F20AS7RHAK7MCXL0H,134,1,5,1,117848,Pending
2088,2025-09-29 09:46:56,D8VDUVJ83VFL6UBA6,158,1,5,1,103245,Reviewed
2970,2025-09-30 21:33:13,K154BLTZK4VXHK8B3,130,1,8,2,115414,Pending
4369,2025-10-01 03:50:13,T1WHX2NM4X17YEGGR,194,1,1,2,102726,Pending
300,2025-10-02 09:00:03,2JSBDYGEWNNWB0X5A,92,1,4,2,134574,Pending
4491,2025-10-02 13:38:17,TLUDKXVFF225XF89Y,71,3,4,2,205589,Reviewed
4365,2025-10-03 13:00:24,T1WHX2NM4X17YEGGR,152,1,2,2,106191,Pending
30,2025-10-04 10:24:01,0BCFJC47PRPLNDA0C,184,2,7,1,78063,Reviewed
3451,2025-10-04 20:17:39,M5PVV62S0W2TSRR5L,25,1,2,2,307891,Pending
4161,2025-10-05 11:55:39,S0K9M5TM0NCYM0M02,168,1,1,2,655584,Pending
4123,2025-10-05 14:53:58,RSX3WMCSBNKY9CWNW,171,2,7,1,153435,Pending
3691,2025-10-05 19:23:19,NDA47E2J7W3A3U45C,121,1,6,3,415645,Reviewed
5195,2025-10-06 07:00:46,XT1T36HKGDS31GXPB,108,3,4,2,110707,Reviewed
1713,2025-10-07 02:55:23,BAF5JFS6BN8THXM0A,133,2,2,2,137383,Pending
370,2025-10-08 12:34:23,2UHYC7VTWSV4F8CD3,5,4,4,2,353012,Pending
2090,2025-10-08 23:38:42,D8VDUVJ83VFL6UBA6,158,1,1,2,105326,Pending
4464,2025-10-09 06:54:18,TG7S0HS0GECBWSZRH,28,1,2,2,117476,Pending
4367,2025-10-09 16:18:13,T1WHX2NM4X17YEGGR,194,1,1,2,103717,Reviewed
3052,2025-10-10 02:13:46,K884DGY9BM92G4VW3,16,3,4,2,18827,Pending
4195,2025-10-10 03:25:01,S4PKLMC2TBK9TY747,74,1,2,2,30466,Pending
2077,2025-10-10 09:57:11,D6ERZ18P1FPDTP8BN,210,2,2,2,311754,Pending
5199,2025-10-12 06:07:07,XT1T36HKGDS31GXPB,108,3,2,2,110255,Pending
3051,2025-10-13 00:05:21,K884DGY9BM92G4VW3,16,3,5,1,16526,Reviewed
3333,2025-10-14 04:15:55,LHMG9JW7EYR334B9N,174,3,2,2,236789,Pending
4122,2025-10-14 07:52:49,RSX3WMCSBNKY9CWNW,171,2,1,2,154508,Pending
4493,2025-10-17 06:51:36,TLUDKXVFF225XF89Y,71,3,2,2,209132,Pending
4193,2025-10-18 01:26:46,S4PKLMC2TBK9TY747,74,1,8,2,28085,Pending
496,2025-10-18 13:33:29,416YLZJMA0TWHRJ94,51,2,2,2,15957,Reviewed
3543,2025-10-18 16:18:09,MM1RRNP2P8M392A0G,129,1,4,2,182180,Pending
4326,2025-10-18 22:12:24,SNW8C1U51KUUXJXYZ,178,2,4,2,51717,Pending
1809,2025-10-19 13:36:48,C2RPYSUEN3V8EZ731,72,3,2,2,33339,Pending
1982,2025-10-20 00:47:58,D0YLTGNJ0M3618LDW,44,4,3,3,279466,Reviewed
4819,2025-10-20 11:01:37,VVK13FSYRVDC63G3A,33,1,5,1,137469,Pending
4391,2025-10-21 10:12:21,TA6XJYAX64DX4C3DW,12,4,4,2,80296,Pending
2176,2025-10-21 12:39:01,E6A9HL2847TVVDSFJ,95,2,2,2,438238,Reviewed
2817,2025-10-21 15:05:31,HJHZU3N76BYD8XK1W,73,1,8,2,194498,Pending
2341,2025-10-22 00:30:56,ER8HRMABTH9NA74Y3,214,4,2,2,184689,Pending
2078,2025-10-23 05:21:06,D6ERZ18P1FPDTP8BN,210,2,7,1,311515,Reviewed
2426,2025-10-23 06:50:20,F20AS7RHAK7MCXL0H,134,1,2,2,118316,Reviewed
5304,2025-10-24 15:25:18,YPHS3R5RDTYDPVACW,23,3,2,2,252533,Pending
4368,2025-10-26 00:18:39,T1WHX2NM4X17YEGGR,194,1,1,2,106601,Pending
625,2025-10-27 16:29:30,4N5RR4YWKWZSFPL1X,14,3,1,2,297997,Pending
966,2025-10-29 17:42:47,6HE3LWN1HPEF9RJWT,219,4,4,2,331987,Reviewed
3547,2025-10-29 21:07:01,MM1RRNP2P8M392A0G,173,1,2,2,177892,Pending
2206,2025-10-30 06:01:41,EADA95GYYRX3GKSSA,127,4,2,2,162194,Pending
2079,2025-10-30 16:23:34,D6ERZ18P1FPDTP8BN,210,2,8,2,306780,Pending
4342,2025-10-31 01:29:50,SUR685PGM6Y7R8AGV,121,2,8,2,219751,Pending
4494,2025-10-31 05:45:08,TLUDKXVFF225XF89Y,71,3,5,1,210493,Pending
5406,2025-11-01 05:36:21,ZF1C1JXE4KM3LSL1G,110,1,5,1,126506,Pending
4418,2025-11-01 08:23:20,TCHHUA7GE074LAW72,78,3,1,2,94319,Pending
4821,2025-11-02 04:12:13,VVK13FSYRVDC63G3A,33,1,7,1,136024,Pending
3062,2025-11-03 02:42:01,K9UP02J8S9H6KZK92,100,2,1,2,58692,Reviewed
4353,2025-11-05 17:24:20,SZX3C2SKBGB7U9UJ1,49,4,2,2,440484,Pending
5366,2025-11-07 02:23:53,Z59F1N2PJGFHZ63S0,74,1,1,2,482310,Pending
4466,2025-11-08 04:16:18,TG7S0HS0GECBWSZRH,28,1,4,2,118559,Pending
4927,2025-11-08 11:20:12,WEM80NW7LN33Z41ZU,48,1,1,2,296719,Pending
446,2025-11-08 16:09:16,3M36A6RHTKEFW3YPL,167,2,5,1,199918,Pending
3189,2025-11-09 20:57:50,KUTF8FY0W4V4ABYWY,218,3,1,2,347599,Pending
2203,2025-11-10 22:13:58,EADA95GYYRX3GKSSA,127,4,4,2,161942,Pending
3334,2025-11-11 09:07:32,LHMG9JW7EYR334B9N,174,3,1,2,233152,Pending
4417,2025-11-11 18:47:17,TCHHUA7GE074LAW72,78,3,4,2,97346,Pending
372,2025-11-11 19:40:33,2UHYC7VTWSV4F8CD3,5,4,5,1,353574,Pending
297,2025-11-13 11:21:05,2JSBDYGEWNNWB0X5A,92,1,1,2,133263,Reviewed
1513,2025-11-14 01:27:39,9JRDMM2U4ZF8WFV9R,146,1,5,1,152122,Pending
4856,2025-11-14 09:24:11,W31RABYX3EPXLCFU8,121,1,7,1,135997,Pending
4370,2025-11-14 23:22:45,T1WHX2NM4X17YEGGR,194,1,1,2,104755,Pending
3549,2025-11-16 15:52:55,MM1RRNP2P8M392A0G,173,1,7,1,177040,Pending
570,2025-11-16 17:46:17,4FMRM5GGBP16FGSYJ,67,1,4,2,39877,Pending
4857,2025-11-16 18:48:18,W31RABYX3EPXLCFU8,25,1,3,3,138080,Reviewed
4366,2025-11-16 21:28:49,T1WHX2NM4X17YEGGR,194,1,1,2,106729,Pending
184,2025-11-17 13:29:35,1SYMCUHRGJ4MWVTMZ,15,2,3,3,229675,Pending
4866,2025-11-17 17:04:56,W3A6PF5GKU7T6BHLR,45,1,1,2,18218,Pending
1314,2025-11-18 22:45:37,85GG1W5DUADFSZ58W,205,3,5,1,127821,Pending
2729,2025-11-19 01:09:54,GT3ZFK8GX9C5HJKV3,115,1,5,1,168604,Pending
3188,2025-11-19 05:25:36,KUTF8FY0W4V4ABYWY,218,3,3,3,349026,Reviewed
1811,2025-11-19 21:57:11,C2RPYSUEN3V8EZ731,72,3,5,1,32966,Pending
4162,2025-11-20 14:10:55,S0K9M5TM0NCYM0M02,168,1,8,2,653048,Pending
3873,2025-11-22 09:42:11,PBJHLCZ5DFUBYPTPA,89,3,6,3,166736,Pending
1579,2025-11-22 12:21:44,A7YFH0MD13VPYNW1Z,92,1,1,2,56146,Reviewed
4371,2025-11-22 16:45:58,T1WHX2NM4X17YEGGR,194,1,2,2,108269,Pending
4337,2025-11-22 18:27:29,SUR685PGM6Y7R8AGV,147,2,2,2,218093,Reviewed
2875,2025-11-23 06:38:33,J8MGPP1NPRV9Z303V,52,2,1,2,206911,Pending
3190,2025-11-23 11:28:44,KUTF8FY0W4V4ABYWY,218,3,6,3,348291,Reviewed
576,2025-11-24 02:37:54,4FMRM5GGBP16FGSYJ,67,1,3,3,41675,Pending
4388,2025-11-24 08:31:43,TA6XJYAX64DX4C3DW,12,4,7,1,80771,Reviewed
5287,2025-11-25 20:19:53,YHG403NJBCEA95D7E,48,1,1,2,169974,Pending
5340,2025-11-26 01:58:17,YWA6E753GSSDNXU3E,159,3,2,2,453168,Pending
4865,2025-11-26 03:24:40,W3A6PF5GKU7T6BHLR,45,1,4,2,15144,Pending
4864,2025-11-27 07:42:05,W3A6PF5GKU7T6BHLR,45,1,4,2,15902,Reviewed
4867,2025-11-28 20:27:31,W3A6PF5GKU7T6BHLR,128,1,4,2,16171,Reviewed
648,2025-11-30 09:27:44,4YF1VSKZ8TZN0DPRA,199,4,1,2,260452,Pending
2092,2025-12-01 07:37:36,D8VDUVJ83VFL6UBA6,158,1,1,2,103170,Pending
680,2025-12-01 13:09:20,507Y3TEGE3AVN3VXC,126,4,6,3,161833,Pending
4394,2025-12-02 17:55:14,TA6XJYAX64DX4C3DW,12,4,5,1,77977,Reviewed
899,2025-12-02 23:31:53,69M6MG87PH0E1WFNY,208,1,2,2,213730,Pending
2759,2025-12-03 17:10:20,H0GHWVS3MC4R8PR5A,147,4,2,2,51397,Reviewed
3542,2025-12-03 21:37:19,MM1RRNP2P8M392A0G,129,1,3,3,178314,Pending
1639,2025-12-04 09:53:47,AR5JRH7876PB91TRP,43,1,6,3,155491,Pending
4854,2025-12-04 22:46:54,W31RABYX3EPXLCFU8,121,1,1,2,139041,Pending
28,2025-12-05 01:23:53,0BCFJC47PRPLNDA0C,184,2,5,1,82171,Pending
575,2025-12-05 03:43:51,4FMRM5GGBP16FGSYJ,67,1,4,2,44814,Pending
100,2025-12-05 19:05:42,0RFE8E5VNL0VXYPL4,132,3,2,2,294352,Pending
385,2025-12-05 20:42:17,2WCZXL9711LESE5D9,62,4,7,1,291228,Reviewed
3984,2025-12-07 00:47:31,R12ZKWVBE99V37VNN,176,2,2,2,606949,Pending
2142,2025-12-07 08:18:53,DX6MM7HDAP13UB35J,207,2,1,2,211058,Pending
5104,2025-12-08 01:06:46,XBYYFAEATMU4JN151,24,3,5,1,321860,Pending
4859,2025-12-08 15:56:31,W31RABYX3EPXLCFU8,25,1,1,2,134346,Pending
4490,2025-12-08 23:50:55,TLUDKXVFF225XF89Y,71,3,1,2,209582,Pending
2668,2025-12-09 07:15:00,GE9H1GN3E90YRDTBK,120,3,5,1,244983,Reviewed
501,2025-12-09 23:57:15,416YLZJMA0TWHRJ94,51,2,7,1,20369,Pending
1683,2025-12-10 01:07:43,B03UE6E7LNX4WTTTV,187,4,7,1,312499,Pending
5365,2025-12-11 07:40:29,Z59F1N2PJGFHZ63S0,74,1,8,2,481679,Pending
4341,2025-12-11 09:09:12,SUR685PGM6Y7R8AGV,147,2,1,2,222632,Pending
610,2025-12-11 13:58:22,4M55H0PLNNUYSGN74,85,4,5,1,281483,Reviewed
4860,2025-12-11 18:07:52,W3A6PF5GKU7T6BHLR,92,1,2,2,18473,Reviewed
675,2025-12-11 21:21:09,507Y3TEGE3AVN3VXC,126,4,5,1,161030,Pending
5103,2025-12-12 00:21:25,XBYYFAEATMU4JN151,24,3,4,2,320096,Reviewed
5367,2025-12-12 07:53:32,Z59F1N2PJGFHZ63S0,74,1,6,3,482627,Pending
824,2025-12-13 22:23:39,5YETJ19M1G8Y85Z6R,131,2,2,2,168093,Pending
2874,2025-12-16 14:46:17,J8MGPP1NPRV9Z303V,52,2,1,2,207865,Pending
2909,2025-12-17 01:56:16,JGVTT8HSSV117RCEA,134,1,8,2,52533,Pending
2209,2025-12-17 08:57:51,EADA95GYYRX3GKSSA,127,4,5,1,161101,Pending
4852,2025-12-17 18:15:34,W31RABYX3EPXLCFU8,121,1,7,1,136405,Reviewed
624,2025-12-19 14:43:04,4N5RR4YWKWZSFPL1X,14,3,2,2,301125,Reviewed
3874,2025-12-19 17:43:23,PBJHLCZ5DFUBYPTPA,89,3,5,1,164508,Pending
2815,2025-12-20 15:08:24,HJHZU3N76BYD8XK1W,73,1,4,2,194199,Pending
649,2025-12-21 01:02:53,4YF1VSKZ8TZN0DPRA,199,4,5,1,259566,Reviewed
2851,2025-12-21 13:18:30,J2MS1DH16MMT7YWRP,185,3,8,2,332201,Pending
4470,2025-12-21 14:39:07,TG7S0HS0GECBWSZRH,157,1,4,2,117070,Pending
32,2025-12-21 15:19:19,0BCFJC47PRPLNDA0C,184,2,3,3,81175,Reviewed
5415,2025-12-22 00:09:13,ZF1C1JXE4KM3LSL1G,116,1,4,2,126007,Pending
4075,2025-12-22 22:54:36,RBDM80J6FAYLKKXRJ,209,3,8,2,292246,Reviewed
2204,2025-12-23 06:46:20,EADA95GYYRX3GKSSA,127,4,5,1,160589,Pending
2180,2025-12-23 23:44:01,E6XULTJ5BDFHJ4D1J,19,3,4,2,104033,Pending
4899,2025-12-25 16:54:46,WC9ARY6S0CM8KJ6AW,34,4,3,3,191942,Reviewed
1,2025-12-25 21:27:14,030TF9WXHEB97RXDB,103,1,7,1,12717,Reviewed
1116,2025-12-26 07:04:24,71K5FRL3Y3KC2T17L,207,2,5,1,50555,Pending
2911,2025-12-26 11:57:44,JGVTT8HSSV117RCEA,134,1,2,2,54774,Reviewed
4072,2025-12-26 13:41:09,RBDM80J6FAYLKKXRJ,209,3,2,2,288818,Pending
4855,2025-12-26 21:27:13,W31RABYX3EPXLCFU8,121,1,1,2,135577,Pending
3415,2025-12-26 23:33:32,LL9T0SKBFSYLBWN7M,124,1,2,2,51937,Pending
2427,2025-12-27 19:27:59,F20AS7RHAK7MCXL0H,134,1,5,1,114059,Pending
4362,2025-12-28 05:26:24,T1WHX2NM4X17YEGGR,152,1,6,3,103670,Pending
900,2025-12-28 14:06:38,69M6MG87PH0E1WFNY,208,1,2,2,213261,Pending
2011,2025-12-28 18:02:48,D3RGJHNELAZ0HVLHC,139,4,2,2,111220,Pending
2178,2025-12-29 16:11:03,E6XULTJ5BDFHJ4D1J,19,3,3,3,104999,Reviewed
449,2025-12-30 02:17:55,3M36A6RHTKEFW3YPL,167,2,1,2,201363,Reviewed
272,2025-12-30 09:46:58,27VYGWDHFVEUYNV5W,3,4,8,2,250501,Pending
381,2025-12-30 16:42:32,2WCZXL9711LESE5D9,62,4,5,1,290122,Pending
866,2025-12-30 20:46:53,612NPVGVCT2K9ZD9N,107,3,2,2,142182,Pending
1118,2025-12-31 20:44:52,71K5FRL3Y3KC2T17L,207,2,7,1,52925,Reviewed
572,2026-01-01 08:00:41,4FMRM5GGBP16FGSYJ,67,1,5,1,42992,Pending
165,2026-01-02 21:07:32,1KJAY57W0Z8JXWGRL,84,2,1,2,157462,Pending
2199,2026-01-03 14:54:59,E8T3BB9S4Y1W4DY7V,114,3,2,2,27645,Pending
1315,2026-01-03 14:58:25,85GG1W5DUADFSZ58W,205,3,4,2,126781,Pending
2852,2026-01-04 01:06:31,J2MS1DH16MMT7YWRP,185,3,2,2,328991,Pending
4872,2026-01-04 16:29:41,W3A6PF5GKU7T6BHLR,128,1,2,2,18482,Pending
3186,2026-01-04 18:06:16,KUTF8FY0W4V4ABYWY,218,3,5,1,346094,Pending
974,2026-01-04 22:42:23,6JNA90N9J9G1DYGN8,179,1,4,2,58899,Reviewed
2181,2026-01-05 00:19:42,E6XULTJ5BDFHJ4D1J,19,3,2,2,105523,Pending
5410,2026-01-05 10:19:25,ZF1C1JXE4KM3LSL1G,116,1,5,1,129485,Pending
3187,2026-01-05 10:41:34,KUTF8FY0W4V4ABYWY,218,3,2,2,347163,Reviewed
4073,2026-01-05 15:42:31,RBDM80J6FAYLKKXRJ,209,3,5,1,291763,Pending
564,2026-01-05 23:00:25,4BE80NA8N0YC45ANC,197,3,1,2,177143,Pending
678,2026-01-05 23:31:50,507Y3TEGE3AVN3VXC,126,4,4,2,160062,Reviewed
1305,2026-01-06 11:21:53,83EMAZB4RWASKCRX1,71,4,2,2,242724,Pending
2727,2026-01-06 22:52:19,GT3ZFK8GX9C5HJKV3,115,1,6,3,166680,Pending
4897,2026-01-07 06:43:37,WC9ARY6S0CM8KJ6AW,34,4,5,1,191777,Reviewed
5272,2026-01-08 07:33:11,YBW0T6KFKLDF4GTA2,206,2,3,3,219229,Reviewed
4077,2026-01-08 08:10:14,RBDM80J6FAYLKKXRJ,209,3,7,1,292785,Reviewed
303,2026-01-08 11:05:11,2JSBDYGEWNNWB0X5A,92,1,2,2,134999,Reviewed
482,2026-01-08 15:11:28,3ZC1MDHCWXW8LX2RH,220,1,1,2,279926,Pending
3695,2026-01-08 21:47:48,NDA47E2J7W3A3U45C,121,1,1,2,415678,Reviewed
4868,2026-01-09 00:31:02,W3A6PF5GKU7T6BHLR,128,1,2,2,15085,Pending
4585,2026-01-09 16:43:08,TZZUEAG4ARUM9Y798,102,3,4,2,53806,Pending
3114,2026-01-10 04:33:28,KCN4UN60ULYPWN92E,36,3,7,1,52637,Pending
3871,2026-01-10 09:33:15,PBJHLCZ5DFUBYPTPA,89,3,8,2,165180,Reviewed
3923,2026-01-10 11:16:00,PLEATK6P1W93M0ZYS,19,3,4,2,318084,Pending
1301,2026-01-10 20:07:06,83EMAZB4RWASKCRX1,71,4,2,2,246594,Reviewed
674,2026-01-12 02:29:42,507Y3TEGE3AVN3VXC,126,4,3,3,160570,Pending
4074,2026-01-12 16:17:17,RBDM80J6FAYLKKXRJ,209,3,2,2,288902,Pending
4983,2026-01-13 00:49:58,WP6271URF5EHJ11GP,45,1,3,3,222187,Reviewed
4076,2026-01-13 12:33:27,RBDM80J6FAYLKKXRJ,209,3,1,2,290609,Pending
3985,2026-01-14 00:23:50,R12ZKWVBE99V37VNN,176,2,4,2,608215,Pending
3551,2026-01-14 03:52:57,MM1RRNP2P8M392A0G,173,1,3,3,178650,Pending
3144,2026-01-14 04:46:11,KEF838YF8Z72HWFLZ,44,4,5,1,154341,Pending
3116,2026-01-14 23:59:17,KCN4UN60ULYPWN92E,36,3,2,2,53287,Pending
1307,2026-01-15 02:28:25,83EMAZB4RWASKCRX1,71,4,1,2,246859,Reviewed
677,2026-01-15 07:44:18,507Y3TEGE3AVN3VXC,126,4,2,2,164459,Pending
2211,2026-01-15 10:53:13,EADA95GYYRX3GKSSA,143,4,1,2,163306,Reviewed
1303,2026-01-15 16:46:29,83EMAZB4RWASKCRX1,71,4,4,2,242747,Pending
1715,2026-01-15 17:41:05,BAF5JFS6BN8THXM0A,133,2,3,3,136255,Pending
3902,2026-01-16 02:33:07,PKXNALE5W2UYG4760,33,1,1,2,114815,Pending
2891,2026-01-16 10:09:08,JAHCP0UB69SKFEY18,188,3,1,2,159106,Pending
34,2026-01-17 05:39:51,0BCFJC47PRPLNDA0C,184,2,2,2,79128,Pending
2728,2026-01-17 17:32:51,GT3ZFK8GX9C5HJKV3,115,1,2,2,167024,Pending
2893,2026-01-18 05:01:53,JAHCP0UB69SKFEY18,188,3,1,2,156435,Pending
2212,2026-01-18 10:31:02,EADA95GYYRX3GKSSA,143,4,6,3,158174,Reviewed
1332,2026-01-18 10:44:06,88K696SE7AJVL7X8B,86,3,6,3,208441,Pending
4384,2026-01-19 02:27:05,T1YTTSLNZ0TJP7WBH,38,4,2,2,201502,Reviewed
868,2026-01-19 03:50:04,612NPVGVCT2K9ZD9N,107,3,2,2,139341,Pending
1338,2026-01-19 20:57:04,8DBEA2V5MZ81UGG4T,127,2,1,2,76191,Reviewed
1306,2026-01-20 04:00:11,83EMAZB4RWASKCRX1,71,4,2,2,245612,Pending
1300,2026-01-20 07:48:04,83EMAZB4RWASKCRX1,71,4,4,2,246442,Reviewed
3143,2026-01-20 19:52:22,KEF838YF8Z72HWFLZ,44,4,1,2,154546,Pending
1980,2026-01-20 20:27:51,D0YLTGNJ0M3618LDW,44,4,7,1,279680,Pending
5413,2026-01-21 06:48:13,ZF1C1JXE4KM3LSL1G,116,1,1,2,127575,Pending
1640,2026-01-21 10:09:30,AR5JRH7876PB91TRP,43,1,2,2,157688,Reviewed
1304,2026-01-21 11:21:46,83EMAZB4RWASKCRX1,71,4,1,2,245647,Pending
1024,2026-01-21 18:27:12,6SRNUWUPJTPR7T94E,217,1,2,2,60871,Pending
2910,2026-01-22 01:03:28,JGVTT8HSSV117RCEA,134,1,6,3,56690,Reviewed
480,2026-01-23 15:35:03,3ZC1MDHCWXW8LX2RH,121,1,1,2,281242,Pending
668,2026-01-23 19:43:08,5012L6TPBNRT4SU46,143,4,1,2,12524,Pending
4626,2026-01-24 05:15:18,UJUABUD6PAHHNMK7Z,44,4,7,1,263405,Pending
2188,2026-01-24 10:12:16,E73GNNW9JBXGU3LB3,185,3,2,2,140840,Pending
2201,2026-01-24 10:55:45,E8T3BB9S4Y1W4DY7V,114,3,2,2,28665,Pending
2093,2026-01-24 21:01:42,D8VDUVJ83VFL6UBA6,158,1,2,2,104180,Reviewed
2141,2026-01-26 15:00:39,DX6MM7HDAP13UB35J,207,2,1,2,208974,Pending
644,2026-01-26 19:21:08,4VT3ZVRMANSZ1HV98,178,2,2,2,39171,Pending
4590,2026-01-27 14:42:29,TZZUEAG4ARUM9Y798,102,3,2,2,49750,Reviewed
3693,2026-01-27 21:03:06,NDA47E2J7W3A3U45C,121,1,2,2,414348,Reviewed
643,2026-01-28 11:05:22,4VT3ZVRMANSZ1HV98,178,2,1,2,36521,Pending
1029,2026-01-28 12:24:02,6SRNUWUPJTPR7T94E,217,1,3,3,57873,Pending
5288,2026-01-28 12:54:00,YHG403NJBCEA95D7E,48,1,4,2,171776,Pending
4874,2026-01-31 06:26:55,W3A6PF5GKU7T6BHLR,128,1,3,3,12704,Pending
3439,2026-01-31 14:56:09,LPLN4DG1WT1NDCSPS,190,1,1,2,195299,Pending
167,2026-01-31 17:29:03,1KJAY57W0Z8JXWGRL,84,2,6,3,153421,Pending
5487,2026-01-31 18:26:30,ZVBMYNUZPKGUHH5ES,9,3,5,1,174758,Pending
2013,2026-01-31 19:48:13,D3RGJHNELAZ0HVLHC,97,4,1,2,105788,Pending
1239,2026-02-01 04:59:34,7NS20DP74W2RY8ETU,49,4,1,2,381308,Pending
867,2026-02-01 07:09:34,612NPVGVCT2K9ZD9N,107,3,1,2,144137,Pending
2014,2026-02-01 08:38:41,D3RGJHNELAZ0HVLHC,97,4,4,2,105915,Reviewed
5437,2026-02-01 16:18:37,ZMZSTW0N5TEGB2AJP,173,1,2,2,558028,Pending
4175,2026-02-01 21:05:03,S0UA7ZWCSBUYLWL6L,109,3,3,3,120478,Reviewed
645,2026-02-01 22:40:50,4YF1VSKZ8TZN0DPRA,199,4,1,2,256901,Reviewed
1855,2026-02-02 13:22:59,CCDVDFT5VSYGCZ3S6,147,4,4,2,116861,Pending
1302,2026-02-02 17:36:15,83EMAZB4RWASKCRX1,71,4,2,2,242265,Reviewed
1417,2026-02-03 11:07:27,920DFKALBMRJPZFFX,132,3,7,1,106744,Pending
3195,2026-02-03 11:49:10,KV2DLPV84G47SSBEF,160,1,8,2,251691,Pending
2753,2026-02-03 11:57:44,H0GHWVS3MC4R8PR5A,147,4,4,2,51231,Pending
1059,2026-02-04 11:59:09,6VLM9KFZWL2JXWVYK,132,3,3,3,28570,Reviewed
2,2026-02-04 12:39:34,030TF9WXHEB97RXDB,103,1,7,1,10255,Pending
2498,2026-02-05 01:25:07,FPUD3M1YP3FETZAYZ,206,2,4,2,267136,Pending
975,2026-02-05 04:50:32,6JNA90N9J9G1DYGN8,179,1,5,1,60257,Pending
2626,2026-02-05 07:27:55,G5851ACVGFPJNWYSY,67,1,4,2,271844,Pending
3550,2026-02-06 02:08:54,MM1RRNP2P8M392A0G,173,1,5,1,178167,Pending
5337,2026-02-06 14:37:59,YWA6E753GSSDNXU3E,159,3,2,2,450037,Reviewed
4387,2026-02-07 22:11:55,TA6XJYAX64DX4C3DW,12,4,5,1,83027,Pending
606,2026-02-08 18:32:31,4M55H0PLNNUYSGN74,85,4,2,2,284550,Reviewed
2202,2026-02-09 06:52:22,E8T3BB9S4Y1W4DY7V,114,3,4,2,27623,Pending
128,2026-02-09 16:04:25,0XVGZXM7T7NBNSBNY,186,1,8,2,148880,Reviewed
676,2026-02-09 23:11:56,507Y3TEGE3AVN3VXC,126,4,6,3,163493,Reviewed
5439,2026-02-10 23:59:36,ZMZSTW0N5TEGB2AJP,173,1,7,1,560541,Reviewed
5100,2026-02-11 20:19:28,XBYYFAEATMU4JN151,24,3,1,2,322848,Pending
4510,2026-02-11 20:54:49,TLVYM61AN0JB0VUTV,89,3,2,2,469319,Reviewed
3983,2026-02-12 02:50:45,R12ZKWVBE99V37VNN,176,2,4,2,603050,Pending
4916,2026-02-12 04:50:39,WE8TWUFG81M9PGCTS,45,1,4,2,205546,Pending
4812,2026-02-12 16:43:26,VV7TTPS03MW2A1S24,147,2,3,3,17609,Reviewed
3264,2026-02-12 22:54:24,LBX03DT0MYKPG101C,111,1,1,2,99489,Reviewed
27,2026-02-13 09:45:22,0BCFJC47PRPLNDA0C,184,2,2,2,79428,Reviewed
1286,2026-02-14 09:06:57,7XESAC9E3RSK2HN20,68,3,1,2,180513,Reviewed
1335,2026-02-15 00:11:04,8D3WFG0RRWJLDNGM6,161,2,1,2,44154,Pending
5486,2026-02-15 05:54:34,ZVBMYNUZPKGUHH5ES,9,3,2,2,171229,Reviewed
973,2026-02-15 08:56:29,6JNA90N9J9G1DYGN8,179,1,4,2,58549,Pending
2650,2026-02-16 05:24:09,G9F2A08G34C43ZEKJ,201,2,5,1,103653,Pending
3449,2026-02-16 14:56:12,M5PVV62S0W2TSRR5L,25,1,3,3,307630,Pending
3359,2026-02-16 15:55:00,LJ12TX2UXBDCA75LC,147,3,6,3,148316,Pending
5102,2026-02-16 17:04:03,XBYYFAEATMU4JN151,24,3,2,2,322677,Pending
33,2026-02-16 17:04:48,0BCFJC47PRPLNDA0C,184,2,2,2,79795,Reviewed
4335,2026-02-17 01:01:56,SUR685PGM6Y7R8AGV,147,2,5,1,218010,Pending
1977,2026-02-18 05:34:36,D0YLTGNJ0M3618LDW,44,4,3,3,278538,Pending
5436,2026-02-18 13:41:21,ZMZSTW0N5TEGB2AJP,173,1,6,3,559884,Pending
166,2026-02-18 19:11:43,1KJAY57W0Z8JXWGRL,84,2,7,1,154947,Pending
348,2026-02-19 10:54:40,2SD52J2RAUD94D0EM,205,3,2,2,187441,Pending
3441,2026-02-19 22:50:49,LPLN4DG1WT1NDCSPS,190,1,2,2,197301,Pending
5483,2026-02-20 06:01:27,ZVBMYNUZPKGUHH5ES,9,3,3,3,174259,Pending
2496,2026-02-20 16:25:28,FKW0U8VEY3BC3EMPS,137,2,5,1,16365,Pending
51,2026-02-21 02:08:59,0FV2AFDVPHSNSJ7NL,22,1,8,2,364784,Pending
52,2026-02-21 08:23:05,0FV2AFDVPHSNSJ7NL,22,1,4,2,362710,Pending
3440,2026-02-21 10:49:26,LPLN4DG1WT1NDCSPS,190,1,6,3,196083,Reviewed
4390,2026-02-22 04:22:18,TA6XJYAX64DX4C3DW,12,4,1,2,77850,Pending
1416,2026-02-22 13:49:23,920DFKALBMRJPZFFX,132,3,1,2,105133,Pending
5412,2026-02-23 00:25:55,ZF1C1JXE4KM3LSL1G,116,1,4,2,127232,Pending
3214,2026-02-23 22:20:48,L1F3Z3V6PWJZ0YEVJ,169,3,6,3,146803,Pending
1926,2026-02-24 00:21:52,CW5PJ0UP7D836KVC9,23,3,5,1,205704,Pending
3261,2026-02-24 02:26:36,LBX03DT0MYKPG101C,111,1,2,2,101076,Pending
5435,2026-02-24 06:15:56,ZMZSTW0N5TEGB2AJP,173,1,8,2,559748,Pending
4588,2026-02-24 21:09:09,TZZUEAG4ARUM9Y798,102,3,4,2,53340,Pending
4345,2026-02-25 02:56:13,SUR685PGM6Y7R8AGV,121,2,1,2,222060,Pending
170,2026-02-25 03:22:49,1KJAY57W0Z8JXWGRL,84,2,3,3,153098,Reviewed
5484,2026-02-25 05:30:05,ZVBMYNUZPKGUHH5ES,9,3,1,2,170513,Pending
4306,2026-02-26 10:55:22,SNLY6B13B7ZJNY06Z,200,1,3,3,165075,Reviewed
2889,2026-02-26 21:50:06,JAHCP0UB69SKFEY18,188,3,2,2,156946,Reviewed
3820,2026-02-27 10:40:07,NW6TN972K89REP01K,55,3,1,2,38659,Reviewed
4132,2026-03-01 02:12:26,RXJ2C9PFRT1243AN5,116,1,8,2,286843,Pending
1093,2026-03-02 12:39:54,6YLK8XSV1YDMHY7JB,183,4,1,2,208602,Pending
1357,2026-03-03 00:47:21,8FVAU274THG83J1NR,6,1,2,2,147300,Pending
168,2026-03-03 08:46:36,1KJAY57W0Z8JXWGRL,84,2,2,2,152067,Pending
2760,2026-03-03 19:16:56,H0GHWVS3MC4R8PR5A,147,4,1,2,50339,Reviewed
5405,2026-03-04 06:03:25,ZF1C1JXE4KM3LSL1G,110,1,1,2,127013,Pending
3548,2026-03-04 06:08:33,MM1RRNP2P8M392A0G,173,1,4,2,179973,Reviewed
2754,2026-03-05 11:33:33,H0GHWVS3MC4R8PR5A,147,4,2,2,49200,Pending
3416,2026-03-05 13:30:24,LL9T0SKBFSYLBWN7M,124,1,2,2,51551,Reviewed
2813,2026-03-07 06:39:00,HEC4D246BM2ENF423,133,2,7,1,195779,Pending
2550,2026-03-07 12:58:42,FZF4WAG7NGKUSNAL7,148,2,7,1,368466,Pending
3293,2026-03-08 04:21:43,LDNJ7XBKSBZJX9457,166,3,8,2,275071,Pending
516,2026-03-08 12:10:17,47URF1T8V7YRGBGSF,138,4,1,2,107822,Pending
5438,2026-03-09 04:15:33,ZMZSTW0N5TEGB2AJP,173,1,6,3,559061,Pending
672,2026-03-09 04:50:52,5012L6TPBNRT4SU46,143,4,1,2,13603,Reviewed
2905,2026-03-09 22:57:52,JBCL88D0UGUJXF1PD,177,1,3,3,104091,Pending
3262,2026-03-10 00:50:14,LBX03DT0MYKPG101C,111,1,2,2,101068,Reviewed
5362,2026-03-10 01:30:05,Z59F1N2PJGFHZ63S0,121,1,5,1,478954,Pending
1112,2026-03-10 01:31:00,70SRPPAV8P1XKJTEU,189,4,5,1,437312,Pending
4174,2026-03-10 07:00:32,S0UA7ZWCSBUYLWL6L,109,3,3,3,116340,Pending
1175,2026-03-10 09:08:24,7DLAS0SXJYLBXR896,213,1,5,1,486009,Reviewed
2340,2026-03-10 22:44:47,ER8HRMABTH9NA74Y3,214,4,2,2,183157,Pending
4472,2026-03-11 09:58:10,TG7S0HS0GECBWSZRH,157,1,7,1,118153,Pending
2197,2026-03-11 15:35:17,E8T3BB9S4Y1W4DY7V,114,3,5,1,29697,Pending
1151,2026-03-12 04:53:21,7AE59C2JXPCLZU8X6,77,1,1,2,166736,Pending
5485,2026-03-12 14:08:28,ZVBMYNUZPKGUHH5ES,9,3,2,2,174509,Reviewed
274,2026-03-12 21:36:51,27VYGWDHFVEUYNV5W,3,4,4,2,251624,Reviewed
3925,2026-03-12 21:54:42,PLEATK6P1W93M0ZYS,9,3,4,2,313898,Reviewed
1415,2026-03-13 21:23:28,920DFKALBMRJPZFFX,132,3,6,3,104934,Pending
3292,2026-03-14 22:53:50,LDNJ7XBKSBZJX9457,166,3,4,2,275939,Reviewed
3819,2026-03-15 06:14:21,NW6TN972K89REP01K,55,3,3,3,36080,Reviewed
5434,2026-03-15 11:05:34,ZMZSTW0N5TEGB2AJP,173,1,1,2,562198,Pending
5198,2026-03-15 19:39:10,XT1T36HKGDS31GXPB,108,3,7,1,113679,Reviewed
500,2026-03-16 06:33:52,416YLZJMA0TWHRJ94,51,2,3,3,16600,Reviewed
3446,2026-03-16 09:25:07,M5PVV62S0W2TSRR5L,25,1,8,2,306187,Pending
1250,2026-03-16 12:46:34,7PL93ACZUY1FN0GG8,96,1,5,1,95300,Reviewed
5440,2026-03-17 05:13:26,ZMZSTW0N5TEGB2AJP,173,1,7,1,560790,Pending
2198,2026-03-17 20:11:50,E8T3BB9S4Y1W4DY7V,114,3,2,2,27342,Pending
5338,2026-03-17 20:14:24,YWA6E753GSSDNXU3E,159,3,2,2,450221,Pending
1334,2026-03-18 03:59:36,8D3WFG0RRWJLDNGM6,161,2,4,2,40950,Reviewed
1358,2026-03-18 13:32:03,8FVAU274THG83J1NR,6,1,3,3,150827,Pending
4456,2026-03-18 16:32:35,TFG1ZWFW1E7561K4A,110,1,1,2,628277,Pending
1288,2026-03-19 05:36:44,7XESAC9E3RSK2HN20,68,3,4,2,180769,Pending
679,2026-03-19 13:50:31,507Y3TEGE3AVN3VXC,126,4,4,2,161024,Reviewed
4133,2026-03-19 22:34:29,RXJ2C9PFRT1243AN5,116,1,6,3,282512,Pending
3906,2026-03-20 22:57:30,PKXNALE5W2UYG4760,33,1,5,1,116155,Pending
5307,2026-03-21 07:24:58,YRGY3KBWUHFBHAF92,7,4,2,2,135520,Pending
3227,2026-03-21 11:50:07,L2N759HN5PLS7N93Y,156,3,6,3,136180,Pending
2667,2026-03-21 14:45:27,GE9H1GN3E90YRDTBK,120,3,1,2,249946,Pending
4870,2026-03-21 15:45:12,W3A6PF5GKU7T6BHLR,128,1,8,2,17963,Reviewed
4386,2026-03-23 06:47:19,T1YTTSLNZ0TJP7WBH,38,4,2,2,203332,Pending
2089,2026-03-23 10:27:14,D8VDUVJ83VFL6UBA6,158,1,8,2,106168,Pending
4381,2026-03-23 23:12:24,T1YTTSLNZ0TJP7WBH,38,4,4,2,200962,Pending
4810,2026-03-24 14:42:48,VV7TTPS03MW2A1S24,147,2,2,2,13711,Pending
1266,2026-03-25 03:52:11,7V2NUMJTTD9S47NPV,203,1,2,2,113919,Reviewed
2502,2026-03-25 06:47:47,FPUD3M1YP3FETZAYZ,184,2,2,2,263401,Pending
5274,2026-03-25 13:47:48,YBW0T6KFKLDF4GTA2,206,2,7,1,219515,Pending
1801,2026-03-25 14:33:27,C033UAZB6BBLJZ3N0,9,3,6,3,306499,Reviewed
2494,2026-03-26 01:56:47,FKW0U8VEY3BC3EMPS,137,2,6,3,16622,Pending
5169,2026-03-26 07:12:05,XSECJUT1M7H082KYU,51,2,3,3,391772,Reviewed
671,2026-03-26 14:26:47,5012L6TPBNRT4SU46,143,4,3,3,14041,Pending
4134,2026-03-26 15:04:05,RXJ2C9PFRT1243AN5,116,1,2,2,287199,Pending
1339,2026-03-26 22:08:34,8DBEA2V5MZ81UGG4T,127,2,8,2,75120,Reviewed
4338,2026-03-26 23:42:03,SUR685PGM6Y7R8AGV,147,2,6,3,223338,Pending
3414,2026-03-27 04:12:25,LL9T0SKBFSYLBWN7M,124,1,2,2,53630,Pending
382,2026-03-27 07:58:59,2WCZXL9711LESE5D9,62,4,3,3,289731,Reviewed
3,2026-03-27 13:32:07,030TF9WXHEB97RXDB,103,1,8,2,15936,Pending
1173,2026-03-27 20:34:31,7DLAS0SXJYLBXR896,213,1,2,2,483475,Pending
622,2026-03-28 06:56:26,4N5RR4YWKWZSFPL1X,14,3,2,2,302842,Pending
623,2026-03-28 13:37:12,4N5RR4YWKWZSFPL1X,14,3,1,2,302026,Pending
302,2026-03-28 17:15:19,2JSBDYGEWNNWB0X5A,92,1,3,3,133667,Pending
3413,2026-03-29 02:55:06,LL9T0SKBFSYLBWN7M,124,1,4,2,53579,Pending
2010,2026-03-29 03:25:50,D3RGJHNELAZ0HVLHC,139,4,8,2,110022,Pending
2210,2026-03-29 16:46:59,EADA95GYYRX3GKSSA,143,4,2,2,162606,Reviewed
1924,2026-03-31 11:23:33,CW5PJ0UP7D836KVC9,23,3,8,2,206945,Reviewed
2927,2026-03-31 13:48:41,JSZ4PDTY4NYXKDC9Y,87,3,5,1,122982,Pending
2238,2026-03-31 20:04:27,EJ32GZMCM1L3LJK5S,47,1,6,3,76074,Pending
346,2026-04-01 10:56:42,2SD52J2RAUD94D0EM,205,3,5,1,191752,Reviewed
2677,2026-04-01 16:13:19,GHE8HCDP6DHGYL9ZU,74,1,3,3,125895,Pending
612,2026-04-02 20:22:02,4N3RB6GT8F8UACZ25,156,3,1,2,280223,Pending
4511,2026-04-03 01:51:19,TLVYM61AN0JB0VUTV,89,3,4,2,467023,Pending
3265,2026-04-04 10:20:31,LBX03DT0MYKPG101C,111,1,4,2,104173,Pending
298,2026-04-04 21:57:29,2JSBDYGEWNNWB0X5A,92,1,3,3,138226,Reviewed
2143,2026-04-04 22:47:25,DX6MM7HDAP13UB35J,207,2,3,3,210760,Pending
347,2026-04-05 02:57:51,2SD52J2RAUD94D0EM,205,3,2,2,187449,Pending
5363,2026-04-05 04:17:24,Z59F1N2PJGFHZ63S0,121,1,8,2,484744,Pending
2338,2026-04-05 06:22:12,ER8HRMABTH9NA74Y3,214,4,3,3,179323,Pending
5273,2026-04-05 07:48:43,YBW0T6KFKLDF4GTA2,206,2,1,2,218586,Reviewed
4548,2026-04-05 15:04:42,TX24XJV8GDRXWA07C,206,2,3,3,213507,Reviewed
286,2026-04-06 11:49:42,28DT23XZBNX34SWCJ,218,2,5,1,174195,Pending
2500,2026-04-06 20:55:52,FPUD3M1YP3FETZAYZ,206,2,5,1,266314,Pending
3393,2026-04-07 02:32:37,LKVSL0G7A51NPPP1N,32,2,3,3,91035,Pending
5417,2026-04-07 02:32:53,ZF1C1JXE4KM3LSL1G,93,1,5,1,130349,Pending
1486,2026-04-07 08:02:41,9GKHJF4JGFJD4EY6M,145,1,1,2,332518,Pending
2177,2026-04-07 21:32:10,E6XULTJ5BDFHJ4D1J,19,3,1,2,100044,Pending
823,2026-04-08 03:11:42,5YETJ19M1G8Y85Z6R,131,2,1,2,165324,Pending
650,2026-04-08 03:12:53,4YF1VSKZ8TZN0DPRA,199,4,7,1,256238,Pending
169,2026-04-08 09:56:09,1KJAY57W0Z8JXWGRL,84,2,2,2,156279,Pending
4507,2026-04-08 16:00:02,TLVYM61AN0JB0VUTV,89,3,5,1,470243,Pending
4441,2026-04-08 16:33:50,TDT6M143HEGW2YF2T,110,1,1,2,77915,Pending
1545,2026-04-08 20:54:12,9SK7C41MM2UMD0RCB,62,1,8,2,200747,Pending
445,2026-04-09 03:36:30,3GBTBKDRWWHAA2WAS,43,1,7,1,59292,Reviewed
5407,2026-04-10 06:16:35,ZF1C1JXE4KM3LSL1G,110,1,5,1,128076,Reviewed
4592,2026-04-10 08:45:48,TZZUEAG4ARUM9Y798,102,3,1,2,53937,Pending
2489,2026-04-10 13:30:08,FEKC5RPH6GB6R8KG8,5,1,2,2,20706,Reviewed
5416,2026-04-11 01:59:11,ZF1C1JXE4KM3LSL1G,93,1,4,2,130493,Reviewed
478,2026-04-12 01:01:49,3ZC1MDHCWXW8LX2RH,121,1,2,2,279855,Pending
821,2026-04-12 02:59:05,5YETJ19M1G8Y85Z6R,131,2,1,2,168064,Pending
2487,2026-04-12 06:16:11,FEKC5RPH6GB6R8KG8,5,1,1,2,17343,Pending
1290,2026-04-12 13:08:50,7XESAC9E3RSK2HN20,68,3,2,2,182648,Reviewed
3870,2026-04-12 14:56:23,PBJHLCZ5DFUBYPTPA,89,3,2,2,168210,Pending
3295,2026-04-12 19:35:52,LDNJ7XBKSBZJX9457,166,3,5,1,273408,Pending
1022,2026-04-12 20:54:09,6SRNUWUPJTPR7T94E,217,1,2,2,59928,Pending
609,2026-04-12 22:08:02,4M55H0PLNNUYSGN74,85,4,5,1,282994,Reviewed
1318,2026-04-13 14:13:27,85GG1W5DUADFSZ58W,205,3,1,2,129985,Pending
4808,2026-04-13 14:43:53,VV7TTPS03MW2A1S24,147,2,8,2,14205,Reviewed
1872,2026-04-13 20:19:36,CF0X1LDALMJEGRVPA,103,1,1,2,462812,Pending
4793,2026-04-13 21:06:43,VLZP3RJBTHXBRH5U2,71,3,4,2,562518,Pending
4781,2026-04-14 02:32:31,VK95JX65X587LNVFB,74,1,2,2,200099,Pending
5196,2026-04-14 09:05:35,XT1T36HKGDS31GXPB,108,3,7,1,110570,Pending
4506,2026-04-14 10:20:42,TLUDKXVFF225XF89Y,168,3,4,2,208708,Pending
4623,2026-04-14 10:38:17,UJUABUD6PAHHNMK7Z,44,4,1,2,264240,Pending
1930,2026-04-14 10:43:00,CW5PJ0UP7D836KVC9,23,3,4,2,204053,Reviewed
270,2026-04-14 23:06:02,27VYGWDHFVEUYNV5W,3,4,8,2,250615,Pending
4135,2026-04-15 06:53:41,RXJ2C9PFRT1243AN5,116,1,4,2,284960,Pending
1546,2026-04-15 10:56:00,9SK7C41MM2UMD0RCB,62,1,4,2,200464,Reviewed
1711,2026-04-15 16:38:06,B9B30VFDNV5H5ZMSU,57,2,1,2,249875,Reviewed
3921,2026-04-16 10:57:42,PLEATK6P1W93M0ZYS,19,3,1,2,318104,Reviewed
1709,2026-04-16 17:59:27,B9B30VFDNV5H5ZMSU,57,2,8,2,248472,Pending
3211,2026-04-16 18:23:34,L1F3Z3V6PWJZ0YEVJ,169,3,3,3,147449,Pending
2666,2026-04-17 08:16:45,GE9H1GN3E90YRDTBK,120,3,3,3,247484,Pending
351,2026-04-17 09:19:29,2SD52J2RAUD94D0EM,205,3,2,2,186973,Reviewed
1901,2026-04-17 12:28:24,CRNU4BNWBC3WZHG6L,171,2,1,2,209110,Pending
4429,2026-04-17 21:42:27,TCHRWP16HDHHPG6CW,168,1,2,2,34532,Reviewed
72,2026-04-17 22:13:31,0LUGZ36M8KB9X4VNW,97,4,1,2,101699,Pending
4469,2026-04-18 23:03:19,TG7S0HS0GECBWSZRH,157,1,4,2,121013,Pending
3196,2026-04-19 13:15:23,KV2DLPV84G47SSBEF,160,1,5,1,255228,Pending
183,2026-04-20 09:37:09,1SYMCUHRGJ4MWVTMZ,15,2,2,2,227214,Reviewed
4385,2026-04-20 11:52:03,T1YTTSLNZ0TJP7WBH,38,4,2,2,198929,Reviewed
4625,2026-04-20 20:20:41,UJUABUD6PAHHNMK7Z,44,4,2,2,267987,Reviewed
669,2026-04-20 23:00:06,5012L6TPBNRT4SU46,143,4,4,2,13323,Reviewed
4343,2026-04-20 23:28:58,SUR685PGM6Y7R8AGV,121,2,4,2,220912,Pending
1716,2026-04-21 04:16:28,BAF5JFS6BN8THXM0A,133,2,2,2,135311,Pending
1061,2026-04-21 10:51:38,6VLM9KFZWL2JXWVYK,132,3,4,2,28668,Pending
4223,2026-04-21 12:33:52,SDD61K8LYDSLDZ02S,203,1,8,2,132535,Pending
4809,2026-04-22 06:26:56,VV7TTPS03MW2A1S24,147,2,5,1,13572,Pending
1262,2026-04-22 06:53:01,7V2NUMJTTD9S47NPV,203,1,4,2,112073,Pending
1146,2026-04-22 07:52:08,795E5J042ZTWJPRX6,118,4,2,2,208932,Reviewed
4307,2026-04-22 13:51:07,SNLY6B13B7ZJNY06Z,200,1,8,2,165055,Pending
1333,2026-04-22 17:52:56,8D3WFG0RRWJLDNGM6,161,2,4,2,42394,Pending
289,2026-04-23 10:22:23,28DT23XZBNX34SWCJ,95,2,2,2,175951,Pending
519,2026-04-24 03:58:42,47URF1T8V7YRGBGSF,138,4,1,2,103726,Pending
3846,2026-04-24 03:59:22,P0JCNT6F398CSK4LV,140,3,4,2,102634,Pending
2488,2026-04-24 11:56:26,FEKC5RPH6GB6R8KG8,5,1,7,1,21180,Reviewed
444,2026-04-24 23:35:58,3GBTBKDRWWHAA2WAS,43,1,3,3,59341,Pending
273,2026-04-25 00:04:23,27VYGWDHFVEUYNV5W,3,4,7,1,252800,Pending
499,2026-04-25 04:02:19,416YLZJMA0TWHRJ94,51,2,1,2,16851,Pending
2819,2026-04-25 04:05:12,HJHZU3N76BYD8XK1W,73,1,8,2,196620,Pending
442,2026-04-25 04:49:25,3GBTBKDRWWHAA2WAS,43,1,3,3,57514,Reviewed
908,2026-04-25 11:02:57,6C9145WVVRLVYV3ZE,110,1,4,2,176363,Reviewed
2734,2026-04-25 11:06:33,GT3ZFK8GX9C5HJKV3,61,1,2,2,167650,Pending
2200,2026-04-26 02:41:19,E8T3BB9S4Y1W4DY7V,114,3,5,1,30406,Reviewed
301,2026-04-26 09:43:04,2JSBDYGEWNNWB0X5A,92,1,1,2,137942,Pending
1264,2026-04-27 00:12:56,7V2NUMJTTD9S47NPV,203,1,1,2,113133,Pending
2459,2026-04-27 14:59:11,FC2NLB8JRT7XFTE2H,210,2,2,2,105705,Pending
907,2026-04-27 23:45:42,6C9145WVVRLVYV3ZE,110,1,7,1,174626,Reviewed
4811,2026-04-27 23:53:29,VV7TTPS03MW2A1S24,147,2,6,3,15808,Pending
3927,2026-04-28 09:03:10,PLEATK6P1W93M0ZYS,9,3,1,2,312747,Pending
443,2026-04-28 12:37:39,3GBTBKDRWWHAA2WAS,43,1,3,3,57914,Pending
2904,2026-04-29 16:17:14,JBCL88D0UGUJXF1PD,177,1,5,1,105394,Pending
5334,2026-04-29 16:31:30,YWA6E753GSSDNXU3E,159,3,5,1,452255,Reviewed
1226,2026-04-29 16:43:31,7M8KXG7VJPDCK8385,136,3,4,2,60608,Pending
3546,2026-04-29 19:51:23,MM1RRNP2P8M392A0G,173,1,3,3,177789,Pending
3230,2026-04-29 22:35:25,L2N759HN5PLS7N93Y,156,3,1,2,141481,Pending
1211,2026-04-30 04:59:31,7H6ZVJ7ZKUYF5AGE4,82,4,2,2,213443,Reviewed
1149,2026-04-30 13:07:06,795E5J042ZTWJPRX6,91,4,4,2,208749,Pending
642,2026-04-30 19:05:36,4VT3ZVRMANSZ1HV98,178,2,2,2,41983,Pending
3816,2026-04-30 23:15:07,NW6TN972K89REP01K,55,3,4,2,37657,Pending
2986,2026-05-01 03:57:03,K37FANPSMNC0K70VD,205,3,2,2,78683,Pending
1122,2026-05-01 07:35:34,71K5FRL3Y3KC2T17L,207,2,3,3,53207,Reviewed
5105,2026-05-01 10:27:17,XBYYFAEATMU4JN151,24,3,1,2,319760,Reviewed
1501,2026-05-01 15:07:22,9HRJWYCS59PHNPWCV,172,3,7,1,208784,Pending
4896,2026-05-02 01:00:16,WC9ARY6S0CM8KJ6AW,34,4,4,2,196858,Reviewed
1025,2026-05-02 01:49:21,6SRNUWUPJTPR7T94E,217,1,5,1,61208,Pending
1512,2026-05-02 09:29:30,9JRDMM2U4ZF8WFV9R,146,1,2,2,152276,Pending
383,2026-05-02 19:51:44,2WCZXL9711LESE5D9,62,4,1,2,289274,Pending
4455,2026-05-04 05:37:57,TFG1ZWFW1E7561K4A,110,1,3,3,626562,Reviewed
2730,2026-05-04 10:52:52,GT3ZFK8GX9C5HJKV3,61,1,4,2,164485,Reviewed
5209,2026-05-04 18:25:58,XUU2HN6AECZEKGD0Y,185,3,3,3,416646,Pending
4452,2026-05-05 01:25:00,TFG1ZWFW1E7561K4A,110,1,7,1,628019,Pending
4871,2026-05-05 02:25:35,W3A6PF5GKU7T6BHLR,128,1,1,2,14806,Reviewed
1710,2026-05-05 14:08:34,B9B30VFDNV5H5ZMSU,57,2,2,2,249009,Pending
2790,2026-05-05 19:50:15,HA1MWF5U3MH8UNDFX,183,4,5,1,276752,Pending
4508,2026-05-06 05:44:41,TLVYM61AN0JB0VUTV,89,3,2,2,466243,Reviewed
2818,2026-05-06 14:24:49,HJHZU3N76BYD8XK1W,73,1,2,2,195296,Reviewed
1929,2026-05-07 10:27:01,CW5PJ0UP7D836KVC9,23,3,2,2,206140,Pending
3939,2026-05-08 02:08:01,PNBRSFA6Y8500GJZ8,114,2,1,2,479668,Pending
2022,2026-05-08 08:00:00,D42W30NYEJSJLZS01,169,3,2,2,276550,Pending
4299,2026-05-08 17:21:20,SMTVNJDV0HTB5JSNE,4,2,7,1,197465,Pending
1925,2026-05-09 01:44:05,CW5PJ0UP7D836KVC9,23,3,5,1,201534,Pending
1708,2026-05-09 01:59:37,B9B30VFDNV5H5ZMSU,57,2,1,2,248629,Reviewed
5132,2026-05-10 12:19:01,XJM3C8SJ0K4C9YBPN,159,3,2,2,244866,Pending
4873,2026-05-10 13:33:35,W3A6PF5GKU7T6BHLR,128,1,1,2,17434,Reviewed
846,2026-05-10 13:55:20,5ZFZFLS8YRA96F2AM,76,3,2,2,60502,Pending
2787,2026-05-10 16:51:53,HA1MWF5U3MH8UNDFX,183,4,6,3,275143,Pending
1485,2026-05-11 00:29:05,9GKHJF4JGFJD4EY6M,145,1,3,3,337180,Reviewed
1800,2026-05-12 02:46:37,C033UAZB6BBLJZ3N0,9,3,2,2,302332,Pending
2213,2026-05-12 05:25:41,EADA95GYYRX3GKSSA,143,4,2,2,161966,Pending
2179,2026-05-12 19:08:44,E6XULTJ5BDFHJ4D1J,19,3,2,2,101699,Reviewed
716,2026-05-12 21:29:17,58B4JXRF05TKUC185,185,4,6,3,110607,Reviewed
3354,2026-05-13 00:47:13,LJ12TX2UXBDCA75LC,147,3,2,2,142696,Pending
965,2026-05-13 11:20:04,6GAYRJ7CRETTBJDY1,95,2,7,1,249795,Pending
1152,2026-05-13 14:00:37,7AE59C2JXPCLZU8X6,77,1,3,3,166170,Reviewed
3231,2026-05-13 16:07:35,L2N759HN5PLS7N93Y,156,3,1,2,139425,Pending
2925,2026-05-13 21:43:06,JSZ4PDTY4NYXKDC9Y,87,3,2,2,124499,Pending
8,2026-05-14 08:14:48,030TF9WXHEB97RXDB,134,1,7,1,14480,Pending
2461,2026-05-14 10:36:26,FC2NLB8JRT7XFTE2H,210,2,2,2,106633,Reviewed
4339,2026-05-14 22:31:24,SUR685PGM6Y7R8AGV,147,2,1,2,222249,Pending
1805,2026-05-15 01:36:29,C033UAZB6BBLJZ3N0,9,3,7,1,302879,Pending
4428,2026-05-15 07:12:03,TCHRWP16HDHHPG6CW,168,1,1,2,35536,Reviewed
647,2026-05-15 08:52:06,4YF1VSKZ8TZN0DPRA,199,4,5,1,257956,Pending
1865,2026-05-16 02:58:58,CF0X1LDALMJEGRVPA,103,1,1,2,461386,Pending
1899,2026-05-16 13:35:37,CRNU4BNWBC3WZHG6L,171,2,7,1,209389,Pending
1866,2026-05-16 20:42:33,CF0X1LDALMJEGRVPA,103,1,3,3,462480,Pending
291,2026-05-17 01:05:41,28DT23XZBNX34SWCJ,95,2,4,2,177713,Pending
2789,2026-05-17 01:18:47,HA1MWF5U3MH8UNDFX,183,4,3,3,274779,Pending
1174,2026-05-17 08:07:40,7DLAS0SXJYLBXR896,213,1,1,2,481678,Pending
1707,2026-05-17 10:05:45,B9B30VFDNV5H5ZMSU,57,2,2,2,250353,Pending
4780,2026-05-17 12:20:14,VK95JX65X587LNVFB,74,1,7,1,203974,Pending
3692,2026-05-17 14:14:57,NDA47E2J7W3A3U45C,121,1,2,2,418292,Reviewed
2486,2026-05-18 11:51:27,FEKC5RPH6GB6R8KG8,5,1,5,1,19041,Pending
626,2026-05-18 12:24:17,4N5RR4YWKWZSFPL1X,132,3,2,2,302762,Reviewed
1498,2026-05-18 13:12:15,9HRJWYCS59PHNPWCV,172,3,1,2,204508,Pending
1144,2026-05-18 17:29:54,795E5J042ZTWJPRX6,118,4,1,2,207103,Reviewed
5069,2026-05-18 19:31:04,X7XWZ9TMJS312PW68,196,2,5,1,240610,Pending
386,2026-05-19 08:58:54,2WCZXL9711LESE5D9,62,4,4,2,287767,Reviewed
3875,2026-05-19 17:33:48,PBJHLCZ5DFUBYPTPA,89,3,6,3,166035,Pending
1720,2026-05-19 17:33:55,BAF5JFS6BN8THXM0A,201,2,2,2,138331,Pending
4784,2026-05-19 19:18:53,VK95JX65X587LNVFB,74,1,4,2,202946,Reviewed
853,2026-05-20 03:21:09,6050LM46XEPY6XXRM,12,4,4,2,29322,Pending
4457,2026-05-20 17:25:25,TFG1ZWFW1E7561K4A,110,1,5,1,628352,Pending
4500,2026-05-21 00:51:08,TLUDKXVFF225XF89Y,130,3,1,2,209119,Pending
3982,2026-05-21 01:05:20,R12ZKWVBE99V37VNN,176,2,1,2,605873,Pending
349,2026-05-21 12:25:59,2SD52J2RAUD94D0EM,205,3,2,2,188588,Pending
4509,2026-05-21 13:54:57,TLVYM61AN0JB0VUTV,89,3,3,3,468831,Reviewed
849,2026-05-21 20:31:14,6050LM46XEPY6XXRM,12,4,2,2,29263,Pending
130,2026-05-21 21:57:13,19PXFMF5LN5TFUF6A,28,1,1,2,225037,Pending
2241,2026-05-22 05:25:45,EJ32GZMCM1L3LJK5S,47,1,6,3,76413,Reviewed
481,2026-05-22 06:39:56,3ZC1MDHCWXW8LX2RH,220,1,4,2,282879,Pending
3942,2026-05-22 10:05:24,PNBRSFA6Y8500GJZ8,114,2,2,2,482515,Reviewed
1228,2026-05-22 11:32:16,7M8KXG7VJPDCK8385,136,3,2,2,56754,Pending
3126,2026-05-22 19:43:43,KDKR6K7917YEG41A6,115,1,6,3,172079,Pending
287,2026-05-23 18:12:59,28DT23XZBNX34SWCJ,218,2,1,2,177655,Pending
2932,2026-05-23 20:36:08,JZ43GPG586H87YX69,140,3,2,2,94598,Pending
3818,2026-05-24 18:33:39,NW6TN972K89REP01K,55,3,4,2,36452,Pending
3448,2026-05-25 04:29:02,M5PVV62S0W2TSRR5L,25,1,4,2,308016,Pending
3263,2026-05-25 13:38:31,LBX03DT0MYKPG101C,111,1,3,3,103934,Reviewed
3944,2026-05-25 16:41:38,PNBRSFA6Y8500GJZ8,114,2,4,2,479093,Pending
1869,2026-05-26 00:12:25,CF0X1LDALMJEGRVPA,103,1,2,2,461825,Reviewed
2926,2026-05-26 14:15:16,JSZ4PDTY4NYXKDC9Y,87,3,2,2,125566,Reviewed
1289,2026-05-26 23:25:16,7XESAC9E3RSK2HN20,68,3,1,2,183336,Pending
715,2026-05-27 07:23:32,58B4JXRF05TKUC185,185,4,5,1,106741,Reviewed
2985,2026-05-27 14:32:23,K37FANPSMNC0K70VD,205,3,5,1,77910,Pending
3309,2026-05-27 15:20:18,LDTFS4MVDKHRV2XZV,122,4,2,2,249449,Pending
3129,2026-05-28 07:03:21,KDKR6K7917YEG41A6,115,1,8,2,175500,Reviewed
4589,2026-05-28 07:38:57,TZZUEAG4ARUM9Y798,102,3,2,2,52040,Reviewed
4782,2026-05-28 18:20:41,VK95JX65X587LNVFB,74,1,2,2,200555,Pending
6,2026-05-28 23:53:38,030TF9WXHEB97RXDB,134,1,3,3,13150,Pending
3229,2026-05-29 04:30:43,L2N759HN5PLS7N93Y,156,3,5,1,136223,Pending
1850,2026-05-29 04:38:56,CCDVDFT5VSYGCZ3S6,147,4,1,2,111499,Pending
4419,2026-05-29 11:53:50,TCHHUA7GE074LAW72,78,3,4,2,95253,Pending
3225,2026-05-29 19:26:38,L2N759HN5PLS7N93Y,156,3,5,1,138710,Pending
1336,2026-05-29 19:35:12,8D3WFG0RRWJLDNGM6,161,2,2,2,40326,Pending
986,2026-05-29 23:44:41,6KJ763G71ZB7SACH5,196,2,2,2,410881,Pending
1867,2026-05-29 23:44:48,CF0X1LDALMJEGRVPA,103,1,2,2,464706,Reviewed
1703,2026-05-30 07:20:59,B803W7DJYFXVYY8L3,80,2,2,2,19896,Pending
611,2026-05-30 11:30:56,4N3RB6GT8F8UACZ25,156,3,4,2,283999,Pending
2342,2026-05-30 14:31:36,ER8HRMABTH9NA74Y3,214,4,1,2,182630,Pending
1265,2026-05-30 15:49:20,7V2NUMJTTD9S47NPV,203,1,4,2,115459,Pending
4172,2026-05-31 07:54:31,S0UA7ZWCSBUYLWL6L,109,3,2,2,115973,Pending
1500,2026-05-31 08:13:29,9HRJWYCS59PHNPWCV,172,3,7,1,208539,Pending
607,2026-06-01 02:38:43,4M55H0PLNNUYSGN74,85,4,6,3,285778,Pending
2625,2026-06-01 23:51:57,G5851ACVGFPJNWYSY,67,1,2,2,269879,Reviewed
964,2026-06-02 05:13:29,6GAYRJ7CRETTBJDY1,95,2,4,2,249091,Pending
448,2026-06-02 05:40:38,3M36A6RHTKEFW3YPL,167,2,2,2,200829,Pending
498,2026-06-02 15:04:15,416YLZJMA0TWHRJ94,51,2,5,1,17804,Reviewed
517,2026-06-03 12:20:18,47URF1T8V7YRGBGSF,138,4,1,2,103769,Pending
906,2026-06-03 15:04:32,6C9145WVVRLVYV3ZE,110,1,4,2,176822,Pending
67,2026-06-03 19:40:39,0LUGZ36M8KB9X4VNW,97,4,6,3,104583,Reviewed
271,2026-06-04 09:03:16,27VYGWDHFVEUYNV5W,3,4,3,3,252216,Reviewed
50,2026-06-04 13:15:43,0FV2AFDVPHSNSJ7NL,22,1,6,3,360443,Pending
5071,2026-06-04 18:10:05,X7XWZ9TMJS312PW68,196,2,5,1,239041,Pending
2892,2026-06-05 05:58:50,JAHCP0UB69SKFEY18,188,3,3,3,155509,Pending
719,2026-06-05 08:06:55,58B4JXRF05TKUC185,185,4,1,2,111405,Pending
4382,2026-06-05 14:13:48,T1YTTSLNZ0TJP7WBH,38,4,5,1,199106,Reviewed
850,2026-06-06 00:06:30,6050LM46XEPY6XXRM,12,4,2,2,29975,Pending
3941,2026-06-06 00:18:49,PNBRSFA6Y8500GJZ8,114,2,3,3,481788,Reviewed
3598,2026-06-06 04:02:11,MXLMA6GMDTCTFETFY,32,4,5,1,107010,Reviewed
2755,2026-06-06 11:48:13,H0GHWVS3MC4R8PR5A,147,4,5,1,48877,Pending
5060,2026-06-07 00:36:44,X4PFUE3ZN72AGPN4X,8,3,2,2,512820,Pending
4453,2026-06-07 04:44:06,TFG1ZWFW1E7561K4A,110,1,1,2,627260,Pending
820,2026-06-07 07:20:21,5YETJ19M1G8Y85Z6R,131,2,2,2,167283,Reviewed
3115,2026-06-07 07:53:00,KCN4UN60ULYPWN92E,36,3,4,2,51933,Pending
1267,2026-06-07 15:24:15,7V2NUMJTTD9S47NPV,203,1,8,2,111444,Pending
1803,2026-06-07 15:42:50,C033UAZB6BBLJZ3N0,9,3,7,1,305579,Reviewed
3545,2026-06-07 19:05:38,MM1RRNP2P8M392A0G,173,1,2,2,180496,Pending
5306,2026-06-08 04:15:31,YRGY3KBWUHFBHAF92,7,4,4,2,139022,Pending
1868,2026-06-08 09:57:36,CF0X1LDALMJEGRVPA,103,1,2,2,460038,Pending
3356,2026-06-08 15:51:32,LJ12TX2UXBDCA75LC,147,3,2,2,145432,Reviewed
1263,2026-06-10 00:54:48,7V2NUMJTTD9S47NPV,203,1,2,2,111534,Reviewed
1063,2026-06-10 01:41:13,6VLM9KFZWL2JXWVYK,132,3,5,1,28327,Reviewed
1613,2026-06-10 11:54:21,AMD5ZSHC3DNKN35YZ,45,1,3,3,134947,Pending
3310,2026-06-10 17:09:45,LDTFS4MVDKHRV2XZV,122,4,6,3,250420,Reviewed
4497,2026-06-10 17:37:57,TLUDKXVFF225XF89Y,130,3,1,2,206795,Pending
990,2026-06-10 22:47:44,6KJ763G71ZB7SACH5,196,2,2,2,406512,Pending
1499,2026-06-11 07:56:48,9HRJWYCS59PHNPWCV,172,3,2,2,208471,Pending
705,2026-06-11 08:07:19,52971462H3HGJ12ZE,75,3,2,2,18220,Pending
3599,2026-06-11 14:03:11,MXLMA6GMDTCTFETFY,32,4,2,2,110907,Pending
1027,2026-06-11 15:37:16,6SRNUWUPJTPR7T94E,217,1,2,2,62398,Pending
608,2026-06-12 06:27:28,4M55H0PLNNUYSGN74,85,4,7,1,281064,Pending
736,2026-06-13 01:22:09,5GBBBMGNSP7ZHTR8S,163,1,5,1,238892,Pending
848,2026-06-13 04:09:15,5ZFZFLS8YRA96F2AM,76,3,1,2,60718,Reviewed
3920,2026-06-13 20:44:07,PLEATK6P1W93M0ZYS,19,3,2,2,316005,Pending
5068,2026-06-13 21:28:33,X7XWZ9TMJS312PW68,196,2,2,2,236543,Pending
1749,2026-06-14 05:46:36,BFV7D5DNKUDLNKAE2,113,1,1,2,32729,Pending
4505,2026-06-14 05:58:46,TLUDKXVFF225XF89Y,168,3,1,2,211156,Reviewed
5305,2026-06-14 06:31:49,YRGY3KBWUHFBHAF92,7,4,2,2,139427,Reviewed
4502,2026-06-14 07:24:54,TLUDKXVFF225XF89Y,168,3,2,2,211369,Pending
904,2026-06-14 12:31:21,6C9145WVVRLVYV3ZE,110,1,4,2,174877,Reviewed
5419,2026-06-14 17:04:49,ZF1C1JXE4KM3LSL1G,93,1,5,1,125141,Reviewed
129,2026-06-14 20:30:53,0XVGZXM7T7NBNSBNY,186,1,6,3,148947,Pending
707,2026-06-15 01:31:29,52971462H3HGJ12ZE,75,3,4,2,19560,Pending
1227,2026-06-15 05:35:05,7M8KXG7VJPDCK8385,136,3,3,3,59601,Pending
2788,2026-06-15 08:05:58,HA1MWF5U3MH8UNDFX,183,4,1,2,275737,Pending
3694,2026-06-15 19:48:30,NDA47E2J7W3A3U45C,121,1,2,2,415780,Pending
4137,2026-06-15 21:27:16,RXJ2C9PFRT1243AN5,116,1,1,2,287085,Pending
4451,2026-06-16 03:24:31,TFG1ZWFW1E7561K4A,110,1,1,2,627574,Pending
2786,2026-06-16 10:08:37,HA1MWF5U3MH8UNDFX,183,4,1,2,273255,Pending
1153,2026-06-16 13:28:02,7AE59C2JXPCLZU8X6,77,1,2,2,167716,Reviewed
706,2026-06-16 16:46:08,52971462H3HGJ12ZE,75,3,5,1,15220,Pending
1268,2026-06-17 12:18:55,7V2NUMJTTD9S47NPV,203,1,2,2,110362,Pending
629,2026-06-19 06:23:51,4N5RR4YWKWZSFPL1X,132,3,2,2,300561,Pending
2463,2026-06-19 07:03:05,FC2NLB8JRT7XFTE2H,210,2,4,2,103438,Reviewed
1212,2026-06-19 19:42:46,7H6ZVJ7ZKUYF5AGE4,82,4,5,1,211848,Pending
2501,2026-06-19 22:17:10,FPUD3M1YP3FETZAYZ,184,2,2,2,265816,Pending
1746,2026-06-19 23:30:52,BFV7D5DNKUDLNKAE2,113,1,4,2,30377,Pending
5070,2026-06-20 00:12:51,X7XWZ9TMJS312PW68,196,2,3,3,236139,Pending
3217,2026-06-20 04:59:55,L1F3Z3V6PWJZ0YEVJ,68,3,2,2,148786,Pending
518,2026-06-20 06:12:45,47URF1T8V7YRGBGSF,138,4,1,2,105285,Pending
4454,2026-06-20 12:58:24,TFG1ZWFW1E7561K4A,110,1,4,2,628259,Pending
1750,2026-06-20 19:58:18,BFV7D5DNKUDLNKAE2,113,1,1,2,31612,Pending
1851,2026-06-21 06:39:00,CCDVDFT5VSYGCZ3S6,147,4,2,2,112014,Reviewed
1337,2026-06-21 18:01:18,8D3WFG0RRWJLDNGM6,161,2,5,1,43934,Pending
185,2026-06-22 02:23:34,1SYMCUHRGJ4MWVTMZ,15,2,2,2,225479,Pending
708,2026-06-22 06:51:13,52971462H3HGJ12ZE,75,3,4,2,18808,Pending
1147,2026-06-22 08:55:38,795E5J042ZTWJPRX6,118,4,3,3,210009,Pending
294,2026-06-22 08:58:22,28DT23XZBNX34SWCJ,95,2,4,2,175283,Reviewed
1340,2026-06-22 19:42:34,8DBEA2V5MZ81UGG4T,127,2,5,1,76210,Pending
3128,2026-06-23 06:08:33,KDKR6K7917YEG41A6,115,1,3,3,170266,Reviewed
3476,2026-06-23 08:21:38,M8PP1RNMLP0GHGG5Y,203,1,6,3,161758,Pending
4430,2026-06-23 15:04:10,TCHRWP16HDHHPG6CW,168,1,8,2,33929,Reviewed
1802,2026-06-23 19:09:00,C033UAZB6BBLJZ3N0,9,3,5,1,306880,Pending
4622,2026-06-23 20:04:11,UJUABUD6PAHHNMK7Z,44,4,6,3,262663,Pending
285,2026-06-24 07:36:47,28DT23XZBNX34SWCJ,218,2,1,2,177050,Pending
1229,2026-06-24 09:19:46,7M8KXG7VJPDCK8385,136,3,8,2,61232,Pending
4383,2026-06-24 18:07:08,T1YTTSLNZ0TJP7WBH,38,4,3,3,203980,Pending
2587,2026-06-24 22:42:06,G2VD58M3S6Y2P82TJ,119,3,2,2,135944,Pending
4863,2026-06-25 00:57:29,W3A6PF5GKU7T6BHLR,92,1,5,1,16908,Pending
4136,2026-06-26 01:57:00,RXJ2C9PFRT1243AN5,116,1,2,2,287624,Pending
1143,2026-06-26 03:45:57,795E5J042ZTWJPRX6,118,4,1,2,209221,Pending
2138,2026-06-26 10:33:08,DX6MM7HDAP13UB35J,207,2,8,2,209457,Reviewed
2997,2026-06-26 11:01:59,K5299VMH6K2XYZXXT,202,4,2,2,359509,Pending
880,2026-06-26 12:14:26,65HDXLFKD3AB2SWNC,164,3,2,2,346400,Pending
628,2026-06-27 03:39:30,4N5RR4YWKWZSFPL1X,132,3,2,2,301313,Reviewed
3490,2026-06-27 05:25:43,MDPTET6GFRFP20SD5,195,1,4,2,286115,Pending
350,2026-06-27 06:04:32,2SD52J2RAUD94D0EM,205,3,8,2,191538,Reviewed
1317,2026-06-27 07:53:11,85GG1W5DUADFSZ58W,205,3,4,2,130633,Pending
1023,2026-06-27 10:29:07,6SRNUWUPJTPR7T94E,217,1,2,2,59177,Pending
1898,2026-06-27 12:32:06,CRNU4BNWBC3WZHG6L,171,2,2,2,204243,Pending
2024,2026-06-27 23:31:00,D42W30NYEJSJLZS01,181,3,5,1,271772,Pending
49,2026-06-28 04:07:31,0FV2AFDVPHSNSJ7NL,22,1,4,2,360808,Pending
1700,2026-06-28 08:09:05,B803W7DJYFXVYY8L3,80,2,3,3,20895,Reviewed
4895,2026-06-28 10:14:02,WC9ARY6S0CM8KJ6AW,34,4,2,2,193194,Pending
2939,2026-06-28 10:23:01,JZ43GPG586H87YX69,172,3,2,2,94771,Pending
2026,2026-06-28 14:53:17,D42W30NYEJSJLZS01,181,3,1,2,274979,Reviewed
3475,2026-06-28 16:49:13,M8PP1RNMLP0GHGG5Y,203,1,4,2,156919,Pending
3450,2026-06-28 20:01:32,M5PVV62S0W2TSRR5L,25,1,3,3,310775,Pending
1241,2026-06-29 01:06:10,7NS20DP74W2RY8ETU,49,4,5,1,380485,Pending
3308,2026-06-29 08:21:29,LDTFS4MVDKHRV2XZV,122,4,6,3,249735,Pending
3487,2026-06-29 08:21:33,MDPTET6GFRFP20SD5,195,1,3,3,289370,Pending
1148,2026-06-29 21:26:09,795E5J042ZTWJPRX6,91,4,4,2,211152,Pending
1060,2026-06-29 23:54:03,6VLM9KFZWL2JXWVYK,132,3,7,1,25918,Pending
4344,2026-06-30 00:30:29,SUR685PGM6Y7R8AGV,121,2,2,2,222230,Pending
3600,2026-06-30 04:03:35,MXLMA6GMDTCTFETFY,32,4,1,2,108049,Pending
3443,2026-06-30 04:36:42,LPLN4DG1WT1NDCSPS,190,1,2,2,192966,Reviewed
4,2026-06-30 06:03:23,030TF9WXHEB97RXDB,134,1,2,2,10302,Reviewed
963,2026-06-30 06:36:24,6GAYRJ7CRETTBJDY1,95,2,3,3,248522,Pending
1854,2026-06-30 08:47:07,CCDVDFT5VSYGCZ3S6,147,4,4,2,114201,Reviewed
1240,2026-06-30 20:48:13,7NS20DP74W2RY8ETU,49,4,4,2,379572,Pending
450,2026-06-30 22:58:52,3M36A6RHTKEFW3YPL,167,2,2,2,199224,Pending
4851,2026-07-01 05:28:36,W31RABYX3EPXLCFU8,121,1,2,2,133782,Pending
3943,2026-07-01 15:28:34,PNBRSFA6Y8500GJZ8,114,2,7,1,481036,Pending
1719,2026-07-02 08:57:02,BAF5JFS6BN8THXM0A,201,2,5,1,137177,Pending
1502,2026-07-02 14:00:01,9HRJWYCS59PHNPWCV,172,3,8,2,205253,Reviewed
1717,2026-07-02 14:08:34,BAF5JFS6BN8THXM0A,201,2,1,2,137920,Pending
4869,2026-07-02 22:28:46,W3A6PF5GKU7T6BHLR,128,1,2,2,13203,Pending
855,2026-07-03 03:51:30,6050LM46XEPY6XXRM,219,4,1,2,29835,Pending
5134,2026-07-03 07:26:21,XJM3C8SJ0K4C9YBPN,197,3,2,2,245833,Pending
5420,2026-07-03 11:39:40,ZF1C1JXE4KM3LSL1G,93,1,5,1,127119,Pending
2025,2026-07-03 11:53:17,D42W30NYEJSJLZS01,181,3,2,2,274957,Pending
3488,2026-07-03 14:32:26,MDPTET6GFRFP20SD5,195,1,2,2,289639,Pending
2585,2026-07-04 03:22:35,G2VD58M3S6Y2P82TJ,119,3,5,1,134653,Pending
1747,2026-07-04 10:33:48,BFV7D5DNKUDLNKAE2,113,1,8,2,31381,Pending
714,2026-07-04 12:19:32,58B4JXRF05TKUC185,185,4,7,1,108877,Pending
627,2026-07-04 17:38:52,4N5RR4YWKWZSFPL1X,132,3,5,1,299062,Pending
144,2026-07-04 18:58:18,1FKJ4ZK1B3D5151VH,94,3,2,2,151509,Pending
4393,2026-07-04 22:11:12,TA6XJYAX64DX4C3DW,12,4,2,2,78725,Pending
5061,2026-07-05 07:08:19,X4PFUE3ZN72AGPN4X,8,3,4,2,508787,Reviewed
822,2026-07-05 08:20:45,5YETJ19M1G8Y85Z6R,131,2,2,2,162967,Reviewed
1487,2026-07-05 14:58:59,9GKHJF4JGFJD4EY6M,145,1,2,2,337010,Pending
5418,2026-07-05 20:50:16,ZF1C1JXE4KM3LSL1G,93,1,2,2,124904,Pending
2462,2026-07-05 21:13:38,FC2NLB8JRT7XFTE2H,210,2,5,1,105056,Pending
296,2026-07-05 22:40:26,28DT23XZBNX34SWCJ,95,2,1,2,179082,Pending
1870,2026-07-06 02:14:24,CF0X1LDALMJEGRVPA,103,1,1,2,462958,Reviewed
3357,2026-07-06 05:06:22,LJ12TX2UXBDCA75LC,147,3,1,2,145914,Pending
1718,2026-07-06 12:13:41,BAF5JFS6BN8THXM0A,201,2,1,2,138216,Pending
68,2026-07-06 19:30:20,0LUGZ36M8KB9X4VNW,97,4,2,2,101772,Pending
613,2026-07-06 19:32:23,4N3RB6GT8F8UACZ25,156,3,1,2,284267,Pending
2007,2026-07-06 19:57:41,D3RGJHNELAZ0HVLHC,139,4,2,2,108522,Pending
352,2026-07-06 20:50:46,2SD52J2RAUD94D0EM,205,3,2,2,188211,Pending
1150,2026-07-06 21:04:50,7AE59C2JXPCLZU8X6,77,1,2,2,164466,Pending
1712,2026-07-06 22:29:15,B9B30VFDNV5H5ZMSU,57,2,2,2,248564,Reviewed
1214,2026-07-06 23:35:09,7H6ZVJ7ZKUYF5AGE4,82,4,7,1,213866,Reviewed
905,2026-07-07 07:47:31,6C9145WVVRLVYV3ZE,110,1,2,2,175912,Pending
3117,2026-07-07 08:13:09,KCN4UN60ULYPWN92E,36,3,2,2,52077,Reviewed
4296,2026-07-07 15:08:46,SMTVNJDV0HTB5JSNE,4,2,8,2,198338,Reviewed
2021,2026-07-08 07:36:16,D42W30NYEJSJLZS01,169,3,4,2,272548,Pending
290,2026-07-08 11:43:59,28DT23XZBNX34SWCJ,95,2,2,2,173823,Reviewed
5308,2026-07-08 17:24:24,YRGY3KBWUHFBHAF92,7,4,1,2,140575,Pending
3486,2026-07-08 23:20:18,MDPTET6GFRFP20SD5,195,1,7,1,284544,Reviewed
3266,2026-07-09 00:55:27,LBX03DT0MYKPG101C,111,1,3,3,103611,Pending
3130,2026-07-09 11:41:53,KDKR6K7917YEG41A6,115,1,2,2,170860,Reviewed
4221,2026-07-09 14:31:45,SDD61K8LYDSLDZ02S,203,1,2,2,131501,Pending
4613,2026-07-09 16:02:03,UHC0U23HCMG5MSED7,102,3,4,2,284755,Pending
3355,2026-07-09 19:33:38,LJ12TX2UXBDCA75LC,147,3,4,2,145197,Pending
857,2026-07-09 20:50:17,6050LM46XEPY6XXRM,219,4,1,2,26812,Reviewed
3358,2026-07-09 22:26:03,LJ12TX2UXBDCA75LC,147,3,7,1,142786,Pending
1701,2026-07-10 00:02:13,B803W7DJYFXVYY8L3,80,2,2,2,18952,Pending
4392,2026-07-10 09:17:15,TA6XJYAX64DX4C3DW,12,4,1,2,77672,Pending
3696,2026-07-10 14:28:38,NDA47E2J7W3A3U45C,121,1,3,3,416869,Pending
2589,2026-07-10 21:21:50,G2VD58M3S6Y2P82TJ,119,3,3,3,136516,Pending
852,2026-07-11 08:03:05,6050LM46XEPY6XXRM,12,4,2,2,29260,Reviewed
4616,2026-07-11 17:42:26,UHC0U23HCMG5MSED7,102,3,2,2,285059,Pending
749,2026-07-11 18:15:39,5GTDV4YU0JNWC7GT6,130,1,1,2,119547,Pending
1503,2026-07-11 20:18:30,9HRJWYCS59PHNPWCV,172,3,7,1,208473,Pending
5309,2026-07-11 23:26:36,YRGY3KBWUHFBHAF92,7,4,5,1,136355,Pending
4443,2026-07-12 02:31:49,TDT6M143HEGW2YF2T,110,1,2,2,79566,Reviewed
2799,2026-07-12 10:28:07,HBE67J3YJ4UAMWNC0,45,1,7,1,94993,Pending
1435,2026-07-12 13:10:59,93TKR863L58PLCC18,7,3,1,2,123148,Reviewed
4611,2026-07-12 14:14:32,UHC0U23HCMG5MSED7,102,3,1,2,282017,Reviewed
3485,2026-07-12 14:29:47,MDPTET6GFRFP20SD5,195,1,5,1,289325,Pending
3394,2026-07-12 15:55:07,LKVSL0G7A51NPPP1N,32,2,2,2,90084,Pending
1176,2026-07-12 18:31:25,7DLAS0SXJYLBXR896,213,1,8,2,485987,Pending
1484,2026-07-12 19:14:16,9GKHJF4JGFJD4EY6M,145,1,4,2,337170,Pending
4624,2026-07-13 09:20:59,UJUABUD6PAHHNMK7Z,44,4,4,2,264177,Pending
3203,2026-07-13 09:43:32,L18KF68A2ATT3XTHY,183,4,3,3,258726,Pending
4420,2026-07-13 09:52:13,TCHHUA7GE074LAW72,78,3,2,2,92883,Pending
5271,2026-07-13 14:31:43,YBW0T6KFKLDF4GTA2,206,2,2,2,219768,Reviewed
737,2026-07-14 06:25:11,5GBBBMGNSP7ZHTR8S,163,1,6,3,239557,Reviewed
3294,2026-07-14 07:03:19,LDNJ7XBKSBZJX9457,166,3,4,2,273320,Pending
851,2026-07-14 14:16:01,6050LM46XEPY6XXRM,12,4,8,2,27096,Pending
131,2026-07-14 15:45:38,19PXFMF5LN5TFUF6A,28,1,4,2,224445,Pending
563,2026-07-15 03:19:44,4BE80NA8N0YC45ANC,197,3,7,1,177118,Reviewed
2495,2026-07-15 06:36:32,FKW0U8VEY3BC3EMPS,137,2,1,2,19888,Reviewed
2339,2026-07-15 11:26:58,ER8HRMABTH9NA74Y3,214,4,4,2,184810,Reviewed
2485,2026-07-15 21:36:57,FEKC5RPH6GB6R8KG8,5,1,1,2,17123,Pending
3127,2026-07-16 03:55:26,KDKR6K7917YEG41A6,115,1,2,2,174058,Pending
4614,2026-07-16 07:54:29,UHC0U23HCMG5MSED7,102,3,3,3,285716,Pending
738,2026-07-16 08:31:13,5GBBBMGNSP7ZHTR8S,163,1,5,1,234842,Reviewed
1145,2026-07-16 14:48:07,795E5J042ZTWJPRX6,118,4,2,2,207926,Pending
550,2026-07-16 17:30:27,4BDREJ0GZAPDUX0P6,186,1,2,2,145626,Pending
5101,2026-07-16 19:11:01,XBYYFAEATMU4JN151,24,3,7,1,320045,Pending
2239,2026-07-16 19:11:50,EJ32GZMCM1L3LJK5S,47,1,2,2,76739,Pending
2998,2026-07-16 21:28:16,K5299VMH6K2XYZXXT,202,4,4,2,354293,Pending
2733,2026-07-17 01:38:23,GT3ZFK8GX9C5HJKV3,61,1,5,1,167698,Reviewed
2173,2026-07-17 04:06:10,E6A9HL2847TVVDSFJ,95,2,3,3,436516,Reviewed
4615,2026-07-17 11:19:09,UHC0U23HCMG5MSED7,102,3,1,2,281602,Pending
2931,2026-07-17 11:54:57,JZ43GPG586H87YX69,140,3,3,3,89367,Pending
3926,2026-07-17 19:12:52,PLEATK6P1W93M0ZYS,9,3,2,2,316510,Pending
2586,2026-07-17 21:24:38,G2VD58M3S6Y2P82TJ,119,3,2,2,136898,Reviewed
143,2026-07-17 23:54:47,1FKJ4ZK1B3D5151VH,94,3,1,2,153690,Pending
1436,2026-07-18 02:07:47,93TKR863L58PLCC18,7,3,4,2,126601,Pending
2994,2026-07-18 02:44:21,K5299VMH6K2XYZXXT,97,4,4,2,358802,Pending
718,2026-07-18 14:27:22,58B4JXRF05TKUC185,185,4,1,2,109096,Pending
5137,2026-07-18 17:52:22,XJM3C8SJ0K4C9YBPN,197,3,3,3,247450,Reviewed
854,2026-07-18 19:17:23,6050LM46XEPY6XXRM,219,4,2,2,30684,Reviewed
447,2026-07-19 10:56:57,3M36A6RHTKEFW3YPL,167,2,4,2,196405,Pending
4504,2026-07-20 05:57:49,TLUDKXVFF225XF89Y,168,3,8,2,209551,Pending
295,2026-07-20 11:53:32,28DT23XZBNX34SWCJ,95,2,3,3,176877,Pending
4898,2026-07-21 06:32:51,WC9ARY6S0CM8KJ6AW,34,4,5,1,192819,Reviewed
4297,2026-07-21 15:23:17,SMTVNJDV0HTB5JSNE,4,2,3,3,195061,Reviewed
3986,2026-07-21 21:21:52,R12ZKWVBE99V37VNN,176,2,2,2,604378,Pending
3817,2026-07-21 21:50:36,NW6TN972K89REP01K,55,3,7,1,38429,Pending
4298,2026-07-22 01:30:42,SMTVNJDV0HTB5JSNE,4,2,7,1,194842,Reviewed
1434,2026-07-22 06:46:41,93TKR863L58PLCC18,7,3,6,3,124641,Pending
717,2026-07-22 08:24:58,58B4JXRF05TKUC185,185,4,5,1,110021,Pending
1804,2026-07-22 09:47:09,C033UAZB6BBLJZ3N0,9,3,4,2,303041,Pending
646,2026-07-23 04:39:47,4YF1VSKZ8TZN0DPRA,199,4,4,2,259556,Pending
2665,2026-07-24 05:16:11,GBMEBWWLCD9FKY0VV,26,3,5,1,323871,Reviewed
2816,2026-07-24 07:33:10,HJHZU3N76BYD8XK1W,73,1,6,3,196640,Reviewed
3928,2026-07-24 08:29:58,PLEATK6P1W93M0ZYS,9,3,2,2,314654,Pending
3204,2026-07-24 10:06:25,L18KF68A2ATT3XTHY,183,4,3,3,257580,Pending
739,2026-07-24 13:44:41,5GBBBMGNSP7ZHTR8S,163,1,7,1,238071,Pending
1230,2026-07-24 14:17:31,7M8KXG7VJPDCK8385,136,3,2,2,57803,Pending
4088,2026-07-24 15:34:31,RRSAU1861UAA1H5LD,182,1,3,3,124995,Pending
4090,2026-07-25 01:09:23,RRSAU1861UAA1H5LD,182,1,2,2,121458,Pending
5197,2026-07-25 02:28:26,XT1T36HKGDS31GXPB,108,3,1,2,111571,Pending
1225,2026-07-25 14:14:18,7M8KXG7VJPDCK8385,136,3,2,2,56594,Pending
2458,2026-07-25 14:47:28,FC2NLB8JRT7XFTE2H,210,2,3,3,108976,Reviewed
4092,2026-07-25 21:49:12,RRSAU1861UAA1H5LD,182,1,3,3,124222,Pending
4783,2026-07-26 00:14:40,VK95JX65X587LNVFB,74,1,1,2,201187,Reviewed
856,2026-07-26 04:08:02,6050LM46XEPY6XXRM,219,4,7,1,31622,Pending
2240,2026-07-26 10:02:40,EJ32GZMCM1L3LJK5S,47,1,2,2,75038,Pending
5460,2026-07-26 13:13:39,ZT8LNNDMSFZ37WZLH,2,4,5,1,194221,Pending
5459,2026-07-26 16:47:06,ZT8LNNDMSFZ37WZLH,2,4,4,2,190059,Reviewed
3489,2026-07-26 17:19:05,MDPTET6GFRFP20SD5,195,1,1,2,286518,Reviewed
5458,2026-07-26 22:51:56,ZT8LNNDMSFZ37WZLH,2,4,5,1,194562,Reviewed
2937,2026-07-27 07:37:37,JZ43GPG586H87YX69,172,3,2,2,90803,Pending
2664,2026-07-27 15:53:27,GBMEBWWLCD9FKY0VV,26,3,6,3,322166,Pending
1748,2026-07-27 18:13:15,BFV7D5DNKUDLNKAE2,113,1,3,3,32936,Reviewed
2094,2026-07-27 19:16:48,D8VDUVJ83VFL6UBA6,158,1,3,3,106767,Pending
1702,2026-07-28 05:09:21,B803W7DJYFXVYY8L3,80,2,1,2,22615,Reviewed
605,2026-07-28 12:06:50,4M55H0PLNNUYSGN74,85,4,7,1,286392,Pending
2890,2026-07-28 15:45:29,JAHCP0UB69SKFEY18,188,3,1,2,155547,Reviewed
3392,2026-07-28 15:59:02,LKVSL0G7A51NPPP1N,32,2,7,1,94642,Pending
2588,2026-07-28 17:50:25,G2VD58M3S6Y2P82TJ,119,3,2,2,135242,Pending
3474,2026-07-28 18:28:46,M8PP1RNMLP0GHGG5Y,203,1,4,2,157546,Reviewed
1251,2026-07-28 19:59:40,7PL93ACZUY1FN0GG8,96,1,5,1,95650,Reviewed
704,2026-07-28 23:12:44,52971462H3HGJ12ZE,75,3,3,3,17662,Pending
4612,2026-07-28 23:56:29,UHC0U23HCMG5MSED7,102,3,4,2,284157,Pending
2460,2026-07-29 04:39:34,FC2NLB8JRT7XFTE2H,210,2,2,2,104986,Pending
5461,2026-07-29 07:17:01,ZT8LNNDMSFZ37WZLH,2,4,4,2,191653,Pending
5462,2026-07-29 07:55:02,ZT8LNNDMSFZ37WZLH,2,4,3,3,190133,Pending
3447,2026-07-29 07:55:57,M5PVV62S0W2TSRR5L,25,1,2,2,305750,Pending
1213,2026-07-29 12:29:42,7H6ZVJ7ZKUYF5AGE4,82,4,2,2,214912,Pending
2023,2026-07-29 22:55:40,D42W30NYEJSJLZS01,169,3,1,2,276236,Pending
3390,2026-07-30 01:52:36,LKVSL0G7A51NPPP1N,32,2,2,2,95876,Pending
3940,2026-07-30 05:56:35,PNBRSFA6Y8500GJZ8,114,2,1,2,483182,Pending
4091,2026-07-30 06:51:56,RRSAU1861UAA1H5LD,182,1,4,2,121323,Pending
4089,2026-07-30 06:59:28,RRSAU1861UAA1H5LD,182,1,2,2,120522,Pending
4503,2026-07-30 09:28:58,TLUDKXVFF225XF89Y,168,3,6,3,205778,Pending
2996,2026-07-30 09:33:37,K5299VMH6K2XYZXXT,202,4,1,2,355271,Reviewed
3872,2026-07-30 10:01:04,PBJHLCZ5DFUBYPTPA,89,3,2,2,165316,Pending
1721,2026-07-30 11:03:52,BAF5JFS6BN8THXM0A,201,2,2,2,133448,Pending
847,2026-07-30 16:10:37,5ZFZFLS8YRA96F2AM,76,3,6,3,63248,Pending
687,2026-07-31 17:50:58,507Y3TEGE3AVN3VXC,38,4,2,2,162282,Reviewed
2139,2026-08-01 10:28:20,DX6MM7HDAP13UB35J,207,2,1,2,211229,Pending
681,2026-08-03 04:56:43,507Y3TEGE3AVN3VXC,38,4,6,3,163892,Reviewed
879,2026-08-03 11:51:10,65HDXLFKD3AB2SWNC,164,3,3,3,349451,Pending
2987,2026-08-03 17:56:54,K37FANPSMNC0K70VD,205,3,4,2,79445,Pending
877,2026-08-05 10:36:01,65HDXLFKD3AB2SWNC,164,3,6,3,347884,Pending
2992,2026-08-05 16:01:46,K5299VMH6K2XYZXXT,97,4,1,2,359127,Pending
1313,2026-08-05 20:40:07,85GG1W5DUADFSZ58W,205,3,1,2,128390,Pending
520,2026-08-06 18:31:14,47URF1T8V7YRGBGSF,5,4,1,2,104135,Pending
2756,2026-08-08 01:59:46,H0GHWVS3MC4R8PR5A,147,4,3,3,52794,Reviewed
293,2026-08-08 05:24:39,28DT23XZBNX34SWCJ,95,2,3,3,178662,Reviewed
4389,2026-08-10 20:14:35,TA6XJYAX64DX4C3DW,12,4,2,2,83255,Pending
3202,2026-08-11 05:41:14,L18KF68A2ATT3XTHY,183,4,4,2,255848,Pending
3199,2026-08-11 15:01:56,L18KF68A2ATT3XTHY,183,4,2,2,257146,Pending
5289,2026-08-13 01:53:46,YHYGTRLVH899A45UB,69,1,4,2,383713,Reviewed
3200,2026-08-13 01:54:13,L18KF68A2ATT3XTHY,183,4,2,2,257301,Pending
2732,2026-08-15 04:51:46,GT3ZFK8GX9C5HJKV3,61,1,7,1,168271,Pending
2995,2026-08-15 11:52:24,K5299VMH6K2XYZXXT,97,4,2,2,357244,Pending
3155,2026-08-15 12:49:19,KH2JJE2YE1JCC02PA,36,3,3,3,224128,Reviewed
878,2026-08-15 15:37:04,65HDXLFKD3AB2SWNC,164,3,2,2,344822,Pending
1871,2026-08-16 23:54:11,CF0X1LDALMJEGRVPA,103,1,1,2,460617,Pending
3201,2026-08-19 07:24:38,L18KF68A2ATT3XTHY,183,4,1,2,257026,Pending
4336,2026-08-19 15:23:00,SUR685PGM6Y7R8AGV,147,2,4,2,221010,Pending
9,2026-08-23 17:07:46,030TF9WXHEB97RXDB,134,1,4,2,11394,Pending
5408,2026-08-24 09:48:16,ZF1C1JXE4KM3LSL1G,116,1,2,2,126556,Pending
685,2026-08-24 20:36:59,507Y3TEGE3AVN3VXC,38,4,4,2,164936,Pending
3153,2026-08-25 06:55:19,KH2JJE2YE1JCC02PA,36,3,5,1,224968,Pending
1316,2026-08-25 15:05:12,85GG1W5DUADFSZ58W,205,3,6,3,129455,Reviewed
4744,2026-08-26 04:46:59,VH7KZGTBPFKAG2YKS,147,3,1,2,260539,Reviewed
1330,2026-08-26 14:30:38,88K696SE7AJVL7X8B,86,3,2,2,208790,Pending
3232,2026-08-28 00:01:19,L2N759HN5PLS7N93Y,156,3,3,3,137954,Pending
2802,2026-08-29 07:20:58,HBE67J3YJ4UAMWNC0,45,1,5,1,94645,Pending
670,2026-08-29 20:42:01,5012L6TPBNRT4SU46,143,4,4,2,9854,Reviewed
686,2026-08-29 23:17:55,507Y3TEGE3AVN3VXC,38,4,2,2,161199,Reviewed
1292,2026-08-30 01:25:08,7XESAC9E3RSK2HN20,68,3,1,2,179156,Pending
5414,2026-08-30 08:20:53,ZF1C1JXE4KM3LSL1G,116,1,5,1,125536,Pending
5223,2026-09-01 18:42:49,XX5FKNKMWSZDC1AW9,173,1,7,1,74886,Pending
2731,2026-09-01 20:07:56,GT3ZFK8GX9C5HJKV3,61,1,2,2,166163,Pending
4468,2026-09-01 20:45:56,TG7S0HS0GECBWSZRH,157,1,2,2,119787,Reviewed
1114,2026-09-04 14:30:17,70SRPPAV8P1XKJTEU,189,4,1,2,437416,Pending
747,2026-09-06 11:31:54,5GTDV4YU0JNWC7GT6,130,1,2,2,116216,Pending
1423,2026-09-09 02:25:49,920DFKALBMRJPZFFX,132,3,1,2,106959,Pending
1285,2026-09-09 03:21:36,7XESAC9E3RSK2HN20,68,3,4,2,177720,Reviewed
4915,2026-09-10 15:00:27,WE8TWUFG81M9PGCTS,45,1,2,2,205763,Pending
2758,2026-09-11 14:33:05,H0GHWVS3MC4R8PR5A,147,4,6,3,53199,Pending
1026,2026-09-12 02:57:03,6SRNUWUPJTPR7T94E,217,1,4,2,60582,Pending
4792,2026-09-12 15:36:11,VLZP3RJBTHXBRH5U2,71,3,7,1,562789,Pending
1611,2026-09-13 19:17:40,AMD5ZSHC3DNKN35YZ,45,1,4,2,136351,Pending
5219,2026-09-13 22:57:31,XX5FKNKMWSZDC1AW9,173,1,3,3,74560,Pending
1852,2026-09-15 13:27:16,CCDVDFT5VSYGCZ3S6,147,4,7,1,114690,Pending
3228,2026-09-16 19:56:53,L2N759HN5PLS7N93Y,156,3,1,2,139246,Pending
2140,2026-09-17 22:14:41,DX6MM7HDAP13UB35J,207,2,1,2,213213,Pending
1900,2026-09-18 02:30:53,CRNU4BNWBC3WZHG6L,171,2,4,2,209387,Reviewed
5222,2026-09-18 04:28:32,XX5FKNKMWSZDC1AW9,173,1,6,3,74739,Pending
4621,2026-09-20 23:10:41,UJUABUD6PAHHNMK7Z,44,4,2,2,264232,Reviewed
684,2026-09-23 07:29:32,507Y3TEGE3AVN3VXC,38,4,1,2,165345,Reviewed
322,2026-09-24 22:56:57,2P6GC4GUBSDBNCZCR,174,3,1,2,214828,Reviewed
4173,2026-09-25 09:00:40,S0UA7ZWCSBUYLWL6L,109,3,2,2,117356,Pending
1902,2026-09-25 19:14:06,CRNU4BNWBC3WZHG6L,171,2,8,2,208040,Reviewed
682,2026-09-28 12:23:33,507Y3TEGE3AVN3VXC,38,4,4,2,160949,Reviewed
1856,2026-09-29 07:04:16,CCDVDFT5VSYGCZ3S6,147,4,2,2,116240,Pending
683,2026-09-29 18:49:28,507Y3TEGE3AVN3VXC,38,4,2,2,161148,Pending
3212,2026-09-30 13:15:54,L1F3Z3V6PWJZ0YEVJ,169,3,3,3,150718,Pending
2800,2026-09-30 23:36:29,HBE67J3YJ4UAMWNC0,45,1,4,2,89941,Pending
4554,2026-10-02 09:11:12,TX24XJV8GDRXWA07C,206,2,2,2,216680,Pending
4797,2026-10-03 08:46:17,VP13XRRBMSHZFTXUK,59,3,6,3,299415,Pending
2801,2026-10-03 20:18:55,HBE67J3YJ4UAMWNC0,45,1,7,1,95107,Reviewed
5220,2026-10-04 23:35:55,XX5FKNKMWSZDC1AW9,173,1,1,2,77064,Pending
1028,2026-10-05 04:34:03,6SRNUWUPJTPR7T94E,217,1,2,2,62178,Pending
1111,2026-10-06 11:55:04,70SRPPAV8P1XKJTEU,189,4,2,2,435301,Pending
3154,2026-10-06 13:41:21,KH2JJE2YE1JCC02PA,36,3,2,2,224481,Pending
1927,2026-10-07 18:02:46,CW5PJ0UP7D836KVC9,23,3,2,2,202887,Pending
988,2026-10-09 11:42:29,6KJ763G71ZB7SACH5,196,2,2,2,410986,Reviewed
4020,2026-10-09 13:14:52,R3EK85SRV9GGUPV6N,207,2,2,2,536236,Pending
5218,2026-10-10 17:20:39,XX5FKNKMWSZDC1AW9,173,1,2,2,72261,Pending
4398,2026-10-13 08:13:11,TAC8CZNL63FAFVXB9,186,1,3,3,193338,Reviewed
3845,2026-10-13 08:37:35,P0JCNT6F398CSK4LV,140,3,7,1,105202,Pending
562,2026-10-13 13:27:39,4BE80NA8N0YC45ANC,197,3,8,2,178598,Pending
3389,2026-10-13 13:55:22,LKVSL0G7A51NPPP1N,32,2,2,2,91438,Pending
1614,2026-10-15 23:23:18,AMD5ZSHC3DNKN35YZ,45,1,7,1,135125,Pending
1291,2026-10-18 08:24:36,7XESAC9E3RSK2HN20,68,3,3,3,178521,Pending
5224,2026-10-18 20:29:39,XX5FKNKMWSZDC1AW9,173,1,4,2,73579,Pending
5136,2026-10-20 08:53:55,XJM3C8SJ0K4C9YBPN,197,3,2,2,247346,Pending
4553,2026-10-21 12:30:34,TX24XJV8GDRXWA07C,206,2,1,2,217133,Reviewed
4395,2026-10-23 00:15:32,TAC8CZNL63FAFVXB9,186,1,5,1,195386,Pending
4176,2026-10-24 10:02:38,S0UA7ZWCSBUYLWL6L,109,3,4,2,117722,Pending
673,2026-10-26 19:19:16,5012L6TPBNRT4SU46,143,4,2,2,14672,Pending
5294,2026-10-27 11:29:32,YHYGTRLVH899A45UB,69,1,8,2,384065,Reviewed
989,2026-10-29 13:29:37,6KJ763G71ZB7SACH5,196,2,2,2,409632,Pending
2757,2026-10-30 20:26:43,H0GHWVS3MC4R8PR5A,147,4,2,2,52886,Pending
1903,2026-10-31 04:43:05,CRNU4BNWBC3WZHG6L,171,2,1,2,205960,Pending
2933,2026-11-04 23:11:32,JZ43GPG586H87YX69,172,3,2,2,94005,Reviewed
4225,2026-11-08 08:03:26,SDD61K8LYDSLDZ02S,203,1,4,2,132291,Pending
4551,2026-11-12 14:18:22,TX24XJV8GDRXWA07C,206,2,1,2,212458,Reviewed
1853,2026-11-12 15:19:27,CCDVDFT5VSYGCZ3S6,147,4,2,2,117105,Pending
5221,2026-11-12 15:47:17,XX5FKNKMWSZDC1AW9,173,1,5,1,74743,Pending
3226,2026-11-13 09:09:13,L2N759HN5PLS7N93Y,156,3,2,2,140801,Pending
69,2026-11-14 15:11:10,0LUGZ36M8KB9X4VNW,97,4,1,2,104324,Pending
4794,2026-11-14 22:24:57,VLZP3RJBTHXBRH5U2,71,3,1,2,562896,Pending
1612,2026-11-15 07:02:20,AMD5ZSHC3DNKN35YZ,45,1,2,2,134088,Pending
1923,2026-11-16 16:35:06,CW5PJ0UP7D836KVC9,23,3,5,1,205139,Reviewed
1979,2026-11-19 21:28:16,D0YLTGNJ0M3618LDW,44,4,3,3,279459,Reviewed
384,2026-11-22 22:25:36,2WCZXL9711LESE5D9,62,4,2,2,292237,Pending
4913,2026-11-23 15:23:41,WE8TWUFG81M9PGCTS,45,1,5,1,206101,Pending
325,2026-11-23 16:47:34,2P6GC4GUBSDBNCZCR,174,3,7,1,215359,Reviewed
4796,2026-11-23 21:02:25,VP13XRRBMSHZFTXUK,59,3,8,2,293787,Reviewed
4021,2026-11-24 09:43:35,R3EK85SRV9GGUPV6N,207,2,7,1,539371,Pending
1928,2026-11-26 08:35:12,CW5PJ0UP7D836KVC9,23,3,2,2,203639,Pending
4177,2026-11-26 17:10:26,S0UA7ZWCSBUYLWL6L,109,3,2,2,118587,Reviewed
1008,2026-11-27 18:53:28,6RMFL3F6FD7PVX0K4,59,3,5,1,155684,Pending
4014,2026-11-28 19:45:15,R3EK85SRV9GGUPV6N,207,2,5,1,540322,Reviewed
3847,2026-12-03 00:46:53,P0JCNT6F398CSK4LV,140,3,7,1,106616,Reviewed
5135,2026-12-03 01:50:42,XJM3C8SJ0K4C9YBPN,197,3,4,2,245078,Pending
3215,2026-12-05 15:22:51,L1F3Z3V6PWJZ0YEVJ,169,3,1,2,152192,Pending
4397,2026-12-05 17:39:42,TAC8CZNL63FAFVXB9,186,1,6,3,193413,Pending
1062,2026-12-05 21:42:15,6VLM9KFZWL2JXWVYK,132,3,1,2,27152,Pending
4914,2026-12-09 17:03:03,WE8TWUFG81M9PGCTS,45,1,2,2,206393,Pending
2972,2026-12-11 11:45:03,K154BLTZK4VXHK8B3,130,1,1,2,117944,Reviewed
4498,2026-12-12 16:02:23,TLUDKXVFF225XF89Y,130,3,1,2,208222,Pending
2984,2026-12-13 03:04:56,K37FANPSMNC0K70VD,205,3,2,2,77377,Reviewed
1110,2026-12-14 16:35:03,70SRPPAV8P1XKJTEU,189,4,3,3,436740,Pending
2506,2026-12-15 03:57:15,FPUD3M1YP3FETZAYZ,184,2,2,2,266334,Reviewed
2012,2026-12-17 13:47:24,D3RGJHNELAZ0HVLHC,97,4,4,2,111078,Reviewed
3849,2026-12-25 17:51:08,P0JCNT6F398CSK4LV,140,3,6,3,106716,Reviewed
1113,2026-12-26 06:08:07,70SRPPAV8P1XKJTEU,189,4,3,3,438300,Pending
320,2026-12-26 22:52:37,2P6GC4GUBSDBNCZCR,174,3,3,3,212303,Pending
4798,2026-12-27 04:20:42,VP13XRRBMSHZFTXUK,59,3,6,3,297819,Pending
2993,2026-12-30 03:45:05,K5299VMH6K2XYZXXT,97,4,5,1,356304,Reviewed
2504,2026-12-30 06:16:07,FPUD3M1YP3FETZAYZ,184,2,2,2,263845,Pending
548,2027-01-01 17:21:33,4BDREJ0GZAPDUX0P6,186,1,6,3,145215,Pending
2503,2027-01-01 19:37:41,FPUD3M1YP3FETZAYZ,184,2,6,3,267250,Pending
4549,2027-01-04 19:52:23,TX24XJV8GDRXWA07C,206,2,3,3,213444,Pending
4226,2027-01-06 22:31:32,SDD61K8LYDSLDZ02S,203,1,3,3,136060,Reviewed
3848,2027-01-10 00:41:05,P0JCNT6F398CSK4LV,140,3,1,2,106538,Reviewed
3213,2027-01-10 09:14:32,L1F3Z3V6PWJZ0YEVJ,169,3,7,1,149930,Pending
4017,2027-01-10 11:04:27,R3EK85SRV9GGUPV6N,207,2,3,3,534887,Pending
3216,2027-01-11 09:59:19,L1F3Z3V6PWJZ0YEVJ,68,3,2,2,148983,Pending
4799,2027-01-13 11:16:44,VP13XRRBMSHZFTXUK,59,3,4,2,297008,Pending
4555,2027-01-15 02:30:00,TX24XJV8GDRXWA07C,206,2,5,1,213691,Pending
10,2027-01-15 11:46:21,030TF9WXHEB97RXDB,134,1,4,2,13235,Pending
4220,2027-01-17 05:03:46,SDD61K8LYDSLDZ02S,203,1,1,2,134303,Pending
66,2027-01-17 16:42:24,0LUGZ36M8KB9X4VNW,97,4,1,2,104934,Pending
992,2027-01-18 06:42:59,6KJ763G71ZB7SACH5,196,2,5,1,411534,Reviewed
1714,2027-01-22 05:09:45,BAF5JFS6BN8THXM0A,133,2,4,2,136344,Pending
1904,2027-01-22 12:35:31,CRNU4BNWBC3WZHG6L,100,2,8,2,205833,Pending
4745,2027-01-22 17:04:27,VH7KZGTBPFKAG2YKS,147,3,1,2,258395,Pending
1978,2027-01-24 21:53:13,D0YLTGNJ0M3618LDW,44,4,1,2,282117,Pending
5295,2027-01-27 00:24:04,YHYGTRLVH899A45UB,69,1,1,2,388110,Pending
4656,2027-01-28 19:36:11,UTHT8XMLXXWUMNZEV,27,4,6,3,17944,Pending
4919,2027-01-29 01:49:52,WE8TWUFG81M9PGCTS,45,1,6,3,205351,Reviewed
4224,2027-01-30 02:12:03,SDD61K8LYDSLDZ02S,203,1,5,1,134518,Pending
4396,2027-01-31 15:33:30,TAC8CZNL63FAFVXB9,186,1,4,2,194199,Pending
1906,2027-02-02 19:10:11,CRNU4BNWBC3WZHG6L,100,2,4,2,208886,Pending
2507,2027-02-03 09:02:19,FPUD3M1YP3FETZAYZ,184,2,6,3,263617,Pending
4918,2027-02-03 18:16:47,WE8TWUFG81M9PGCTS,45,1,5,1,203728,Pending
4917,2027-02-04 14:22:06,WE8TWUFG81M9PGCTS,45,1,3,3,206873,Pending
2853,2027-02-04 19:30:26,J2MS1DH16MMT7YWRP,185,3,2,2,333084,Pending
748,2027-02-06 00:58:33,5GTDV4YU0JNWC7GT6,130,1,5,1,119499,Pending
4016,2027-02-06 21:48:35,R3EK85SRV9GGUPV6N,207,2,8,2,540611,Pending
2505,2027-02-08 14:59:54,FPUD3M1YP3FETZAYZ,184,2,7,1,263109,Pending
4399,2027-02-16 03:00:28,TAC8CZNL63FAFVXB9,186,1,6,3,196913,Reviewed
1331,2027-02-19 06:52:19,88K696SE7AJVL7X8B,86,3,4,2,213551,Pending
387,2027-03-01 04:48:58,2WCZXL9711LESE5D9,62,4,1,2,289685,Reviewed
1905,2027-03-02 18:33:04,CRNU4BNWBC3WZHG6L,100,2,2,2,203878,Pending
2936,2027-03-05 01:27:03,JZ43GPG586H87YX69,172,3,2,2,91935,Pending
521,2027-03-07 20:49:57,47URF1T8V7YRGBGSF,5,4,7,1,103938,Pending
746,2027-03-11 15:27:54,5GTDV4YU0JNWC7GT6,130,1,2,2,115202,Reviewed
4659,2027-03-14 15:48:13,UTHT8XMLXXWUMNZEV,27,4,7,1,23487,Pending
549,2027-03-18 00:19:02,4BDREJ0GZAPDUX0P6,186,1,1,2,147781,Reviewed
4550,2027-03-18 10:47:05,TX24XJV8GDRXWA07C,206,2,1,2,213011,Pending
1907,2027-03-19 13:38:19,CRNU4BNWBC3WZHG6L,100,2,4,2,209808,Reviewed
1981,2027-03-22 05:53:18,D0YLTGNJ0M3618LDW,44,4,2,2,283777,Pending
1424,2027-04-02 02:56:02,920DFKALBMRJPZFFX,132,3,2,2,110041,Reviewed
5293,2027-04-03 10:20:05,YHYGTRLVH899A45UB,69,1,2,2,385108,Reviewed
1418,2027-04-06 06:53:34,920DFKALBMRJPZFFX,132,3,1,2,107879,Pending
1287,2027-04-09 23:11:12,7XESAC9E3RSK2HN20,68,3,2,2,178519,Pending
4552,2027-04-15 23:39:02,TX24XJV8GDRXWA07C,206,2,4,2,213592,Reviewed
4658,2027-04-17 11:42:13,UTHT8XMLXXWUMNZEV,27,4,7,1,20293,Pending
4018,2027-04-20 14:44:19,R3EK85SRV9GGUPV6N,207,2,2,2,536972,Pending
1542,2027-04-27 07:05:11,9SK7C41MM2UMD0RCB,62,1,1,2,199803,Pending
991,2027-05-01 06:54:13,6KJ763G71ZB7SACH5,196,2,7,1,410711,Pending
1543,2027-05-01 17:16:03,9SK7C41MM2UMD0RCB,62,1,2,2,204410,Pending
4795,2027-05-08 01:43:24,VLZP3RJBTHXBRH5U2,71,3,1,2,560172,Pending
2934,2027-05-15 14:29:51,JZ43GPG586H87YX69,172,3,3,3,94122,Pending
4501,2027-05-15 15:32:59,TLUDKXVFF225XF89Y,130,3,1,2,211437,Pending
4660,2027-05-16 09:23:25,UTHT8XMLXXWUMNZEV,27,4,4,2,18137,Pending
4015,2027-05-16 11:19:44,R3EK85SRV9GGUPV6N,207,2,4,2,538476,Pending
1623,2027-05-21 19:37:44,AMJM2EV17Y5HC8602,132,3,5,1,129505,Pending
1624,2027-05-28 00:55:13,AMJM2EV17Y5HC8602,132,3,1,2,132021,Pending
3218,2027-05-29 10:13:27,L1F3Z3V6PWJZ0YEVJ,68,3,7,1,149665,Pending
3152,2027-05-29 23:17:32,KH2JJE2YE1JCC02PA,36,3,5,1,225858,Pending
1422,2027-06-02 13:44:02,920DFKALBMRJPZFFX,132,3,1,2,110132,Pending
1009,2027-06-04 07:56:56,6RMFL3F6FD7PVX0K4,59,3,1,2,156524,Reviewed
4746,2027-06-08 10:35:46,VH7KZGTBPFKAG2YKS,147,3,2,2,258696,Reviewed
522,2027-06-19 14:59:18,47URF1T8V7YRGBGSF,5,4,1,2,106302,Pending
7,2027-06-24 12:40:27,030TF9WXHEB97RXDB,134,1,7,1,15712,Pending
3391,2027-06-24 13:30:00,LKVSL0G7A51NPPP1N,32,2,2,2,94322,Reviewed
5291,2027-07-04 17:27:53,YHYGTRLVH899A45UB,69,1,5,1,386891,Pending
288,2027-07-05 02:12:24,28DT23XZBNX34SWCJ,95,2,5,1,178188,Pending
4019,2027-07-06 18:54:12,R3EK85SRV9GGUPV6N,207,2,4,2,540379,Reviewed
2935,2027-07-07 17:07:15,JZ43GPG586H87YX69,172,3,6,3,93199,Pending
1541,2027-07-13 22:42:15,9SK7C41MM2UMD0RCB,62,1,1,2,200564,Reviewed
70,2027-07-17 20:48:27,0LUGZ36M8KB9X4VNW,97,4,8,2,104871,Pending
987,2027-07-18 20:34:07,6KJ763G71ZB7SACH5,196,2,1,2,409373,Pending
4499,2027-07-21 22:57:44,TLUDKXVFF225XF89Y,130,3,5,1,208375,Pending
2938,2027-07-26 03:26:06,JZ43GPG586H87YX69,172,3,8,2,94610,Pending
5,2027-07-29 03:40:19,030TF9WXHEB97RXDB,134,1,5,1,11418,Pending
993,2027-07-31 01:08:38,6KJ763G71ZB7SACH5,196,2,2,2,411860,Pending
1544,2027-08-01 13:21:57,9SK7C41MM2UMD0RCB,62,1,3,3,204690,Reviewed
4657,2027-08-04 06:29:40,UTHT8XMLXXWUMNZEV,27,4,4,2,22960,Pending
318,2027-08-04 13:20:34,2P6GC4GUBSDBNCZCR,174,3,1,2,217325,Reviewed
3219,2027-08-13 09:22:57,L1F3Z3V6PWJZ0YEVJ,68,3,2,2,150419,Pending
5292,2027-08-19 17:23:19,YHYGTRLVH899A45UB,69,1,2,2,384111,Reviewed
71,2027-08-21 18:33:29,0LUGZ36M8KB9X4VNW,97,4,2,2,101995,Pending
4496,2027-08-21 23:51:14,TLUDKXVFF225XF89Y,130,3,5,1,206706,Pending
1857,2027-08-23 18:50:53,CCDVDFT5VSYGCZ3S6,147,4,7,1,115712,Pending
1010,2027-09-01 23:16:43,6RMFL3F6FD7PVX0K4,59,3,2,2,159985,Pending
1421,2027-09-30 21:20:56,920DFKALBMRJPZFFX,132,3,1,2,109232,Pending
5290,2027-10-07 22:16:50,YHYGTRLVH899A45UB,69,1,1,2,385043,Pending
1425,2027-10-23 00:45:10,920DFKALBMRJPZFFX,132,3,6,3,108394,Reviewed
319,2027-10-23 07:05:15,2P6GC4GUBSDBNCZCR,174,3,2,2,214240,Pending
1420,2027-10-25 17:31:10,920DFKALBMRJPZFFX,132,3,5,1,106625,Pending
4222,2027-11-06 22:45:26,SDD61K8LYDSLDZ02S,203,1,1,2,134247,Pending
323,2027-11-25 22:13:32,2P6GC4GUBSDBNCZCR,174,3,1,2,213794,Reviewed
292,2027-12-12 21:17:41,28DT23XZBNX34SWCJ,95,2,2,2,174003,Reviewed
4742,2028-01-03 00:30:38,VH7KZGTBPFKAG2YKS,147,3,2,2,257701,Pending
324,2028-01-06 05:43:18,2P6GC4GUBSDBNCZCR,174,3,6,3,214451,Reviewed
321,2028-01-14 19:06:06,2P6GC4GUBSDBNCZCR,174,3,2,2,216573,Reviewed
1622,2028-04-01 17:04:29,AMJM2EV17Y5HC8602,132,3,5,1,127329,Pending
1419,2028-04-12 11:40:29,920DFKALBMRJPZFFX,132,3,2,2,109865,Pending
4743,2028-06-20 01:55:27,VH7KZGTBPFKAG2YKS,147,3,2,2,259684,Pending
