ReviewID,EventID,StaffID,ReviewDate,Comment,Recommendation,Outcome
1,3432,20,2016-08-26,Supervisor notified.,Driver assessment,Under Review
2,3431,16,2016-08-29,Requires monitoring.,Extra monitoring,Warning Issued
3,1722,40,2016-09-08,Supervisor notified.,Formal coaching,Under Review
4,1764,20,2016-09-22,Driver notified.,Safety coaching,Warning Issued
5,3162,28,2016-10-03,Serious safety concern.,Driver assessment,Coaching Required
6,985,38,2016-10-15,Minor issue observed.,Continue monitoring,Closed
7,984,20,2016-10-20,Supervisor notified.,Driver assessment,Under Review
8,3338,5,2016-10-26,Minor issue observed.,Driver reminder,Closed
9,3337,17,2016-10-31,Minor issue observed.,Continue monitoring,Closed
10,3480,28,2016-11-22,Unsafe behaviour identified.,Extra monitoring,Warning Issued
11,3340,40,2016-12-02,Minor issue observed.,Continue monitoring,Closed
12,2693,40,2016-12-19,Requires monitoring.,Extra monitoring,Warning Issued
13,829,5,2016-12-19,Driver notified.,Safety coaching,Warning Issued
14,3532,7,2016-12-23,Unsafe behaviour identified.,Extra monitoring,Closed
15,3040,38,2017-01-16,Supervisor notified.,Driver assessment,Coaching Required
16,825,40,2017-01-14,Minor issue observed.,Continue monitoring,Closed
17,3482,40,2017-01-23,Driver notified.,Extra monitoring,Closed
18,2956,16,2017-01-20,Supervisor notified.,Formal coaching,Coaching Required
19,593,17,2017-01-17,Minor issue observed.,Driver reminder,Closed
20,595,28,2017-02-09,Unsafe behaviour identified.,Extra monitoring,Warning Issued
21,2912,20,2017-02-09,Requires monitoring.,Safety coaching,Warning Issued
22,4847,17,2017-02-10,Unsafe behaviour identified.,Safety coaching,Closed
23,3160,20,2017-02-21,Unsafe behaviour identified.,Safety coaching,Warning Issued
24,591,16,2017-02-23,Unsafe behaviour identified.,Extra monitoring,Warning Issued
25,567,17,2017-02-28,Low risk behaviour.,Driver reminder,Closed
26,2955,38,2017-03-05,Requires monitoring.,Safety coaching,Closed
27,2333,38,2017-03-09,Unsafe behaviour identified.,Safety coaching,Closed
28,3069,38,2017-03-24,Requires monitoring.,Safety coaching,Warning Issued
29,3747,13,2017-03-28,Minor issue observed.,Continue monitoring,Closed
30,3745,17,2017-03-29,Driver reminded.,Continue monitoring,Closed
31,2532,27,2017-03-31,Unsafe behaviour identified.,Safety coaching,Warning Issued
32,5033,40,2017-04-02,Low risk behaviour.,Continue monitoring,Closed
33,2954,28,2017-04-05,Serious safety concern.,Formal coaching,Coaching Required
34,3749,7,2017-04-16,Driver notified.,Safety coaching,Closed
35,5036,17,2017-04-13,Driver reminded.,Driver reminder,Closed
36,3751,27,2017-04-29,Driver reminded.,Continue monitoring,Closed
37,2337,16,2017-05-06,Immediate action required.,Formal coaching,Coaching Required
38,4945,5,2017-05-09,Unsafe behaviour identified.,Safety coaching,Warning Issued
39,1521,27,2017-05-08,Low risk behaviour.,Driver reminder,Closed
40,2244,27,2017-05-11,Driver reminded.,Continue monitoring,Closed
41,4545,16,2017-05-16,Driver reminded.,Continue monitoring,Closed
42,4248,20,2017-05-16,Unsafe behaviour identified.,Extra monitoring,Closed
43,2594,28,2017-05-17,Requires monitoring.,Safety coaching,Closed
44,3345,17,2017-05-25,Driver notified.,Extra monitoring,Warning Issued
45,435,27,2017-05-30,Driver notified.,Safety coaching,Warning Issued
46,1057,38,2017-06-03,Unsafe behaviour identified.,Safety coaching,Warning Issued
47,2652,7,2017-06-08,Requires monitoring.,Extra monitoring,Warning Issued
48,2467,5,2017-06-07,Serious safety concern.,Formal coaching,Under Review
49,424,38,2017-06-17,Driver reminded.,Driver reminder,Closed
50,2245,7,2017-06-18,Minor issue observed.,Continue monitoring,Closed
51,4539,40,2017-06-24,Unsafe behaviour identified.,Extra monitoring,Closed
52,831,27,2017-06-29,Supervisor notified.,Formal coaching,Under Review
53,2242,40,2017-07-05,Minor issue observed.,Continue monitoring,Closed
54,2272,40,2017-07-06,Unsafe behaviour identified.,Safety coaching,Closed
55,2270,38,2017-07-05,Unsafe behaviour identified.,Extra monitoring,Warning Issued
56,5038,5,2017-07-04,Unsafe behaviour identified.,Safety coaching,Warning Issued
57,1533,38,2017-07-07,Immediate action required.,Formal coaching,Coaching Required
58,1071,7,2017-07-07,Immediate action required.,Driver assessment,Under Review
59,1072,5,2017-07-20,Unsafe behaviour identified.,Extra monitoring,Warning Issued
60,2695,17,2017-07-18,Driver notified.,Safety coaching,Warning Issued
61,1936,27,2017-07-21,Requires monitoring.,Safety coaching,Warning Issued
62,2766,13,2017-07-26,Requires monitoring.,Safety coaching,Closed
63,278,20,2017-08-05,Supervisor notified.,Formal coaching,Under Review
64,5171,13,2017-08-07,Requires monitoring.,Extra monitoring,Closed
65,3855,7,2017-08-05,Requires monitoring.,Extra monitoring,Closed
66,432,13,2017-08-09,Minor issue observed.,Driver reminder,Closed
67,1470,38,2017-08-09,Driver notified.,Safety coaching,Warning Issued
68,2534,40,2017-08-15,Low risk behaviour.,Driver reminder,Closed
69,2464,7,2017-08-15,Driver notified.,Extra monitoring,Closed
70,2803,40,2017-08-19,Driver notified.,Extra monitoring,Warning Issued
71,3237,16,2017-08-24,Minor issue observed.,Driver reminder,Closed
72,4944,20,2017-08-28,Minor issue observed.,Driver reminder,Closed
73,133,5,2017-09-06,Unsafe behaviour identified.,Extra monitoring,Closed
74,2765,5,2017-09-05,Immediate action required.,Formal coaching,Under Review
75,2593,7,2017-09-06,Unsafe behaviour identified.,Extra monitoring,Closed
76,2805,17,2017-09-07,Driver reminded.,Driver reminder,Closed
77,3234,20,2017-09-13,Low risk behaviour.,Continue monitoring,Closed
78,3091,7,2017-09-13,Requires monitoring.,Extra monitoring,Closed
79,134,28,2017-09-16,Requires monitoring.,Extra monitoring,Closed
80,2292,16,2017-09-18,Unsafe behaviour identified.,Safety coaching,Closed
81,5107,38,2017-09-20,Supervisor notified.,Formal coaching,Coaching Required
82,588,7,2017-09-26,Requires monitoring.,Safety coaching,Closed
83,3851,20,2017-09-24,Low risk behaviour.,Continue monitoring,Closed
84,2530,38,2017-10-06,Driver notified.,Extra monitoring,Closed
85,1938,16,2017-10-02,Serious safety concern.,Driver assessment,Coaching Required
86,1934,5,2017-10-05,Minor issue observed.,Driver reminder,Closed
87,5108,38,2017-10-09,Serious safety concern.,Formal coaching,Coaching Required
88,3090,16,2017-10-08,Driver reminded.,Driver reminder,Closed
89,2296,17,2017-10-12,Requires monitoring.,Extra monitoring,Warning Issued
90,4093,38,2017-10-10,Requires monitoring.,Safety coaching,Warning Issued
91,2115,13,2017-10-17,Driver reminded.,Continue monitoring,Closed
92,3174,5,2017-10-19,Low risk behaviour.,Continue monitoring,Closed
93,3949,27,2017-10-21,Unsafe behaviour identified.,Safety coaching,Closed
94,1408,40,2017-10-25,Unsafe behaviour identified.,Safety coaching,Warning Issued
95,132,27,2017-10-26,Driver notified.,Safety coaching,Warning Issued
96,1465,7,2017-11-03,Supervisor notified.,Driver assessment,Coaching Required
97,3170,40,2017-10-28,Requires monitoring.,Extra monitoring,Closed
98,2297,17,2017-11-01,Requires monitoring.,Safety coaching,Closed
99,3239,38,2017-10-31,Unsafe behaviour identified.,Extra monitoring,Closed
100,3347,5,2017-11-06,Unsafe behaviour identified.,Extra monitoring,Closed
101,1137,13,2017-11-11,Requires monitoring.,Extra monitoring,Closed
102,5030,17,2017-11-12,Low risk behaviour.,Driver reminder,Closed
103,1755,7,2017-11-23,Driver notified.,Safety coaching,Closed
104,2226,20,2017-11-20,Supervisor notified.,Formal coaching,Under Review
105,2303,20,2017-11-17,Requires monitoring.,Extra monitoring,Closed
106,2761,17,2017-11-24,Unsafe behaviour identified.,Safety coaching,Warning Issued
107,4687,13,2017-11-21,Serious safety concern.,Formal coaching,Coaching Required
108,1084,40,2017-11-21,Driver reminded.,Driver reminder,Closed
109,916,17,2017-11-25,Driver notified.,Safety coaching,Closed
110,5109,40,2017-11-26,Minor issue observed.,Continue monitoring,Closed
111,5043,20,2017-11-27,Immediate action required.,Driver assessment,Coaching Required
112,584,40,2017-11-26,Serious safety concern.,Formal coaching,Coaching Required
113,4951,40,2017-12-01,Unsafe behaviour identified.,Safety coaching,Warning Issued
114,2306,38,2017-12-08,Driver notified.,Extra monitoring,Closed
115,1537,38,2017-12-10,Driver notified.,Safety coaching,Warning Issued
116,164,17,2017-12-08,Driver notified.,Safety coaching,Closed
117,5026,28,2017-12-08,Minor issue observed.,Driver reminder,Closed
118,5041,13,2017-12-13,Immediate action required.,Driver assessment,Under Review
119,4639,5,2017-12-13,Serious safety concern.,Driver assessment,Coaching Required
120,2302,27,2017-12-15,Driver notified.,Extra monitoring,Closed
121,4055,27,2017-12-27,Driver notified.,Extra monitoring,Warning Issued
122,2308,13,2017-12-26,Driver notified.,Extra monitoring,Closed
123,3623,38,2017-12-29,Driver notified.,Extra monitoring,Closed
124,5443,16,2017-12-30,Low risk behaviour.,Driver reminder,Closed
125,4721,38,2018-01-08,Requires monitoring.,Safety coaching,Closed
126,4401,16,2018-01-05,Unsafe behaviour identified.,Safety coaching,Closed
127,1136,20,2018-01-11,Minor issue observed.,Continue monitoring,Closed
128,4139,38,2018-01-08,Unsafe behaviour identified.,Extra monitoring,Warning Issued
129,5009,17,2018-01-08,Driver notified.,Safety coaching,Closed
130,1157,20,2018-01-07,Immediate action required.,Driver assessment,Coaching Required
131,5029,7,2018-01-07,Low risk behaviour.,Driver reminder,Closed
132,996,40,2018-01-15,Requires monitoring.,Extra monitoring,Warning Issued
133,4947,17,2018-01-13,Driver notified.,Safety coaching,Closed
134,3297,20,2018-01-17,Minor issue observed.,Driver reminder,Closed
135,3554,27,2018-01-18,Unsafe behaviour identified.,Safety coaching,Closed
136,3192,27,2018-01-14,Immediate action required.,Formal coaching,Coaching Required
137,2309,27,2018-01-15,Minor issue observed.,Driver reminder,Closed
138,887,17,2018-01-27,Requires monitoring.,Extra monitoring,Closed
139,3974,17,2018-02-05,Unsafe behaviour identified.,Safety coaching,Closed
140,2877,17,2018-02-09,Requires monitoring.,Extra monitoring,Closed
141,2305,16,2018-02-13,Requires monitoring.,Extra monitoring,Warning Issued
142,2944,28,2018-02-12,Low risk behaviour.,Driver reminder,Closed
143,1932,13,2018-02-21,Driver reminded.,Continue monitoring,Closed
144,3981,13,2018-02-26,Immediate action required.,Driver assessment,Under Review
145,3360,27,2018-02-26,Requires monitoring.,Safety coaching,Closed
146,2879,40,2018-02-27,Driver reminded.,Continue monitoring,Closed
147,406,27,2018-03-01,Unsafe behaviour identified.,Safety coaching,Warning Issued
148,1155,40,2018-03-03,Driver notified.,Extra monitoring,Warning Issued
149,409,27,2018-03-04,Minor issue observed.,Continue monitoring,Closed
150,3491,13,2018-03-09,Unsafe behaviour identified.,Safety coaching,Closed
151,1610,38,2018-03-07,Serious safety concern.,Formal coaching,Under Review
152,4722,40,2018-03-09,Driver notified.,Safety coaching,Warning Issued
153,4642,5,2018-03-13,Unsafe behaviour identified.,Safety coaching,Warning Issued
154,2001,17,2018-03-17,Unsafe behaviour identified.,Safety coaching,Closed
155,4001,38,2018-03-26,Serious safety concern.,Driver assessment,Coaching Required
156,1754,38,2018-03-29,Minor issue observed.,Continue monitoring,Closed
157,5211,27,2018-04-05,Driver notified.,Safety coaching,Warning Issued
158,2883,28,2018-04-05,Minor issue observed.,Continue monitoring,Closed
159,405,20,2018-04-21,Driver reminded.,Driver reminder,Closed
160,2450,27,2018-04-25,Requires monitoring.,Safety coaching,Closed
161,1609,17,2018-04-24,Driver notified.,Safety coaching,Closed
162,5471,28,2018-04-30,Driver reminded.,Driver reminder,Closed
163,4937,28,2018-05-06,Requires monitoring.,Extra monitoring,Warning Issued
164,2121,27,2018-05-07,Driver notified.,Extra monitoring,Warning Issued
165,5423,16,2018-05-16,Supervisor notified.,Driver assessment,Coaching Required
166,4936,17,2018-05-15,Immediate action required.,Driver assessment,Coaching Required
167,2223,7,2018-05-18,Serious safety concern.,Driver assessment,Coaching Required
168,4219,16,2018-05-26,Serious safety concern.,Formal coaching,Under Review
169,3498,17,2018-06-04,Immediate action required.,Formal coaching,Coaching Required
170,1815,40,2018-06-02,Immediate action required.,Formal coaching,Under Review
171,2546,40,2018-06-10,Unsafe behaviour identified.,Extra monitoring,Warning Issued
172,433,40,2018-06-14,Unsafe behaviour identified.,Extra monitoring,Warning Issued
173,3089,16,2018-06-16,Driver reminded.,Driver reminder,Closed
174,1172,13,2018-06-17,Driver notified.,Safety coaching,Warning Issued
175,468,17,2018-06-25,Unsafe behaviour identified.,Extra monitoring,Warning Issued
176,4749,40,2018-06-23,Supervisor notified.,Formal coaching,Under Review
177,2313,27,2018-07-02,Driver notified.,Extra monitoring,Warning Issued
178,4002,20,2018-07-04,Driver notified.,Safety coaching,Warning Issued
179,2719,28,2018-07-09,Driver notified.,Safety coaching,Closed
180,1477,7,2018-07-11,Unsafe behaviour identified.,Safety coaching,Closed
181,5256,38,2018-07-10,Low risk behaviour.,Continue monitoring,Closed
182,1813,16,2018-07-18,Requires monitoring.,Extra monitoring,Warning Issued
183,3251,5,2018-07-18,Driver notified.,Extra monitoring,Warning Issued
184,4731,17,2018-07-21,Unsafe behaviour identified.,Extra monitoring,Warning Issued
185,5253,20,2018-07-16,Driver notified.,Extra monitoring,Closed
186,4011,20,2018-07-25,Serious safety concern.,Driver assessment,Under Review
187,4043,20,2018-07-25,Requires monitoring.,Extra monitoring,Warning Issued
188,1167,16,2018-07-29,Driver notified.,Safety coaching,Closed
189,1998,28,2018-07-27,Minor issue observed.,Continue monitoring,Closed
190,791,27,2018-07-30,Driver reminded.,Continue monitoring,Closed
191,3250,28,2018-08-01,Unsafe behaviour identified.,Extra monitoring,Closed
192,3249,27,2018-08-03,Unsafe behaviour identified.,Extra monitoring,Warning Issued
193,2547,27,2018-08-13,Requires monitoring.,Extra monitoring,Closed
194,5175,20,2018-08-14,Supervisor notified.,Driver assessment,Coaching Required
195,146,13,2018-08-18,Driver notified.,Safety coaching,Warning Issued
196,4042,40,2018-08-20,Driver notified.,Safety coaching,Closed
197,5482,28,2018-08-25,Immediate action required.,Formal coaching,Under Review
198,1102,40,2018-08-28,Unsafe behaviour identified.,Safety coaching,Closed
199,5421,27,2018-08-29,Supervisor notified.,Formal coaching,Under Review
200,5039,13,2018-09-02,Driver reminded.,Continue monitoring,Closed
201,76,27,2018-09-03,Unsafe behaviour identified.,Extra monitoring,Closed
202,2229,28,2018-09-04,Driver notified.,Extra monitoring,Warning Issued
203,2119,7,2018-09-07,Unsafe behaviour identified.,Extra monitoring,Warning Issued
204,2694,17,2018-09-06,Driver notified.,Safety coaching,Closed
205,3679,5,2018-09-09,Low risk behaviour.,Continue monitoring,Closed
206,457,7,2018-09-15,Immediate action required.,Formal coaching,Under Review
207,3854,5,2018-09-20,Unsafe behaviour identified.,Extra monitoring,Warning Issued
208,2856,13,2018-09-25,Unsafe behaviour identified.,Extra monitoring,Warning Issued
209,4257,17,2018-09-27,Unsafe behaviour identified.,Safety coaching,Closed
210,3367,7,2018-10-02,Driver notified.,Safety coaching,Closed
211,2483,17,2018-10-05,Driver notified.,Safety coaching,Warning Issued
212,3223,38,2018-10-02,Requires monitoring.,Safety coaching,Closed
213,3697,27,2018-10-02,Driver notified.,Safety coaching,Closed
214,942,28,2018-10-05,Driver reminded.,Continue monitoring,Closed
215,4618,7,2018-10-13,Low risk behaviour.,Continue monitoring,Closed
216,4593,13,2018-10-17,Requires monitoring.,Safety coaching,Closed
217,4256,17,2018-10-23,Driver notified.,Extra monitoring,Warning Issued
218,1252,28,2018-10-23,Driver notified.,Safety coaching,Warning Issued
219,1052,17,2018-10-25,Requires monitoring.,Safety coaching,Closed
220,4232,16,2018-10-21,Supervisor notified.,Driver assessment,Under Review
221,2378,5,2018-10-27,Serious safety concern.,Driver assessment,Coaching Required
222,943,38,2018-10-30,Unsafe behaviour identified.,Extra monitoring,Closed
223,3277,13,2018-11-02,Driver reminded.,Driver reminder,Closed
224,4802,16,2018-11-01,Low risk behaviour.,Continue monitoring,Closed
225,4012,28,2018-11-07,Driver notified.,Safety coaching,Closed
226,3493,20,2018-11-05,Immediate action required.,Driver assessment,Under Review
227,2975,40,2018-11-03,Driver notified.,Extra monitoring,Warning Issued
228,3606,7,2018-11-04,Unsafe behaviour identified.,Safety coaching,Warning Issued
229,4671,38,2018-11-11,Unsafe behaviour identified.,Safety coaching,Closed
230,3577,17,2018-11-15,Driver notified.,Extra monitoring,Warning Issued
231,147,28,2018-11-09,Driver reminded.,Driver reminder,Closed
232,3655,16,2018-11-17,Driver reminded.,Driver reminder,Closed
233,2973,7,2018-11-18,Immediate action required.,Formal coaching,Coaching Required
234,5331,27,2018-11-17,Requires monitoring.,Extra monitoring,Closed
235,3363,28,2018-11-20,Unsafe behaviour identified.,Extra monitoring,Closed
236,3674,20,2018-12-03,Unsafe behaviour identified.,Safety coaching,Closed
237,3222,16,2018-12-07,Immediate action required.,Formal coaching,Under Review
238,2379,27,2018-12-04,Low risk behaviour.,Continue monitoring,Closed
239,1232,7,2018-12-10,Unsafe behaviour identified.,Extra monitoring,Closed
240,2921,20,2018-12-11,Driver notified.,Safety coaching,Closed
241,5333,13,2018-12-15,Driver notified.,Safety coaching,Closed
242,326,5,2018-12-11,Driver notified.,Safety coaching,Warning Issued
243,1233,27,2018-12-16,Immediate action required.,Driver assessment,Under Review
244,3582,17,2018-12-15,Requires monitoring.,Extra monitoring,Warning Issued
245,2701,27,2018-12-18,Immediate action required.,Formal coaching,Coaching Required
246,1667,7,2018-12-18,Requires monitoring.,Safety coaching,Closed
247,4981,27,2018-12-22,Requires monitoring.,Safety coaching,Warning Issued
248,771,27,2018-12-26,Unsafe behaviour identified.,Extra monitoring,Closed
249,1099,28,2018-12-31,Low risk behaviour.,Continue monitoring,Closed
250,4689,16,2019-01-02,Unsafe behaviour identified.,Extra monitoring,Closed
251,3555,40,2019-01-06,Unsafe behaviour identified.,Safety coaching,Warning Issued
252,5479,38,2018-12-31,Low risk behaviour.,Continue monitoring,Closed
253,809,28,2019-01-04,Driver notified.,Safety coaching,Closed
254,4991,17,2019-01-07,Supervisor notified.,Driver assessment,Coaching Required
255,2771,20,2019-01-09,Driver reminded.,Continue monitoring,Closed
256,5120,28,2019-01-10,Driver reminded.,Driver reminder,Closed
257,4672,7,2019-01-12,Unsafe behaviour identified.,Safety coaching,Warning Issued
258,3781,16,2019-01-18,Unsafe behaviour identified.,Extra monitoring,Closed
259,4670,28,2019-01-16,Requires monitoring.,Extra monitoring,Closed
260,4751,13,2019-01-17,Driver reminded.,Continue monitoring,Closed
261,174,7,2019-01-17,Unsafe behaviour identified.,Extra monitoring,Closed
262,1169,20,2019-01-22,Requires monitoring.,Extra monitoring,Closed
263,329,40,2019-01-19,Driver notified.,Safety coaching,Closed
264,2277,7,2019-01-27,Driver reminded.,Driver reminder,Closed
265,459,27,2019-01-26,Driver notified.,Extra monitoring,Closed
266,3588,5,2019-01-30,Driver notified.,Extra monitoring,Closed
267,558,20,2019-02-01,Supervisor notified.,Driver assessment,Under Review
268,3991,7,2019-01-31,Requires monitoring.,Extra monitoring,Warning Issued
269,5398,27,2019-02-04,Unsafe behaviour identified.,Safety coaching,Closed
270,881,20,2019-02-09,Driver notified.,Extra monitoring,Closed
271,1911,28,2019-02-09,Driver reminded.,Continue monitoring,Closed
272,664,28,2019-02-09,Requires monitoring.,Extra monitoring,Closed
273,4691,13,2019-02-11,Driver notified.,Safety coaching,Closed
274,3711,38,2019-02-20,Requires monitoring.,Safety coaching,Closed
275,2478,28,2019-02-19,Low risk behaviour.,Continue monitoring,Closed
276,145,20,2019-02-22,Driver reminded.,Driver reminder,Closed
277,4268,7,2019-02-26,Requires monitoring.,Safety coaching,Closed
278,4992,20,2019-02-23,Serious safety concern.,Driver assessment,Coaching Required
279,810,20,2019-02-27,Requires monitoring.,Extra monitoring,Closed
280,3301,7,2019-03-02,Driver notified.,Safety coaching,Warning Issued
281,2477,13,2019-03-04,Driver notified.,Extra monitoring,Closed
282,3374,20,2019-03-06,Supervisor notified.,Driver assessment,Under Review
283,4022,17,2019-03-03,Requires monitoring.,Safety coaching,Warning Issued
284,5215,38,2019-03-05,Unsafe behaviour identified.,Extra monitoring,Closed
285,2548,38,2019-03-11,Minor issue observed.,Continue monitoring,Closed
286,4025,28,2019-03-13,Minor issue observed.,Driver reminder,Closed
287,3709,38,2019-03-10,Driver notified.,Extra monitoring,Closed
288,95,38,2019-03-10,Serious safety concern.,Formal coaching,Under Review
289,703,40,2019-03-16,Requires monitoring.,Safety coaching,Warning Issued
290,2603,16,2019-03-17,Driver notified.,Extra monitoring,Warning Issued
291,4023,7,2019-03-21,Driver notified.,Extra monitoring,Closed
292,2124,7,2019-03-21,Unsafe behaviour identified.,Extra monitoring,Closed
293,4154,5,2019-03-23,Driver notified.,Extra monitoring,Closed
294,4619,13,2019-03-22,Requires monitoring.,Extra monitoring,Closed
295,2168,27,2019-03-24,Unsafe behaviour identified.,Extra monitoring,Closed
296,5213,16,2019-03-23,Requires monitoring.,Extra monitoring,Closed
297,97,20,2019-03-26,Driver notified.,Safety coaching,Warning Issued
298,1203,16,2019-03-31,Supervisor notified.,Formal coaching,Under Review
299,4270,16,2019-04-01,Driver notified.,Safety coaching,Warning Issued
300,1913,7,2019-04-03,Minor issue observed.,Continue monitoring,Closed
301,3654,38,2019-03-29,Driver reminded.,Continue monitoring,Closed
302,3557,13,2019-04-03,Driver reminded.,Driver reminder,Closed
303,25,20,2019-04-03,Serious safety concern.,Formal coaching,Coaching Required
304,3784,27,2019-04-03,Serious safety concern.,Driver assessment,Coaching Required
305,4988,5,2019-04-09,Serious safety concern.,Driver assessment,Coaching Required
306,4986,28,2019-04-06,Driver reminded.,Driver reminder,Closed
307,5217,38,2019-04-07,Driver notified.,Extra monitoring,Warning Issued
308,3370,16,2019-04-09,Unsafe behaviour identified.,Extra monitoring,Warning Issued
309,560,27,2019-04-13,Requires monitoring.,Safety coaching,Closed
310,663,7,2019-04-11,Unsafe behaviour identified.,Safety coaching,Warning Issued
311,3006,40,2019-04-15,Immediate action required.,Driver assessment,Under Review
312,4829,38,2019-04-21,Unsafe behaviour identified.,Safety coaching,Closed
313,3009,16,2019-04-30,Driver notified.,Extra monitoring,Warning Issued
314,2344,38,2019-05-01,Unsafe behaviour identified.,Safety coaching,Warning Issued
315,2577,17,2019-04-30,Driver notified.,Extra monitoring,Warning Issued
316,667,28,2019-05-05,Requires monitoring.,Safety coaching,Closed
317,1564,16,2019-05-04,Requires monitoring.,Extra monitoring,Closed
318,1166,13,2019-05-05,Unsafe behaviour identified.,Extra monitoring,Warning Issued
319,4804,20,2019-05-05,Requires monitoring.,Extra monitoring,Closed
320,5119,16,2019-05-09,Unsafe behaviour identified.,Extra monitoring,Closed
321,559,20,2019-05-11,Minor issue observed.,Continue monitoring,Closed
322,3590,27,2019-05-08,Unsafe behaviour identified.,Safety coaching,Closed
323,3753,5,2019-05-15,Serious safety concern.,Driver assessment,Under Review
324,3445,40,2019-05-11,Supervisor notified.,Driver assessment,Coaching Required
325,1725,40,2019-05-13,Requires monitoring.,Safety coaching,Closed
326,1625,28,2019-05-16,Driver reminded.,Continue monitoring,Closed
327,3614,5,2019-05-21,Requires monitoring.,Extra monitoring,Closed
328,4724,17,2019-05-22,Driver notified.,Extra monitoring,Warning Issued
329,1566,40,2019-05-21,Requires monitoring.,Extra monitoring,Warning Issued
330,308,13,2019-05-27,Driver notified.,Extra monitoring,Closed
331,4564,13,2019-05-25,Requires monitoring.,Safety coaching,Warning Issued
332,3504,7,2019-05-26,Requires monitoring.,Extra monitoring,Warning Issued
333,1478,7,2019-05-24,Driver notified.,Extra monitoring,Closed
334,3760,28,2019-05-26,Requires monitoring.,Extra monitoring,Warning Issued
335,305,20,2019-05-31,Requires monitoring.,Safety coaching,Closed
336,228,5,2019-06-03,Unsafe behaviour identified.,Extra monitoring,Warning Issued
337,2770,7,2019-06-07,Unsafe behaviour identified.,Extra monitoring,Warning Issued
338,2105,20,2019-06-13,Driver notified.,Extra monitoring,Closed
339,835,20,2019-06-14,Serious safety concern.,Formal coaching,Coaching Required
340,2164,7,2019-06-11,Driver reminded.,Continue monitoring,Closed
341,4827,28,2019-06-18,Requires monitoring.,Safety coaching,Closed
342,4838,27,2019-06-21,Driver notified.,Safety coaching,Warning Issued
343,2314,5,2019-06-19,Driver notified.,Safety coaching,Warning Issued
344,3004,7,2019-06-29,Requires monitoring.,Extra monitoring,Warning Issued
345,4875,13,2019-06-27,Driver notified.,Extra monitoring,Closed
346,2299,13,2019-07-09,Low risk behaviour.,Driver reminder,Closed
347,2582,5,2019-07-08,Supervisor notified.,Driver assessment,Under Review
348,4309,13,2019-07-09,Low risk behaviour.,Driver reminder,Closed
349,1350,27,2019-07-14,Low risk behaviour.,Continue monitoring,Closed
350,5225,17,2019-07-10,Requires monitoring.,Extra monitoring,Warning Issued
351,1656,40,2019-07-17,Low risk behaviour.,Driver reminder,Closed
352,1567,28,2019-07-20,Supervisor notified.,Formal coaching,Coaching Required
353,3762,7,2019-07-23,Immediate action required.,Driver assessment,Coaching Required
354,5065,40,2019-07-25,Requires monitoring.,Extra monitoring,Warning Issued
355,1088,17,2019-07-20,Driver notified.,Extra monitoring,Closed
356,3303,7,2019-07-28,Low risk behaviour.,Driver reminder,Closed
357,4839,20,2019-08-02,Unsafe behaviour identified.,Extra monitoring,Closed
358,3759,38,2019-08-09,Requires monitoring.,Extra monitoring,Closed
359,665,28,2019-08-10,Requires monitoring.,Safety coaching,Warning Issued
360,1218,17,2019-08-11,Supervisor notified.,Driver assessment,Under Review
361,5394,28,2019-08-20,Unsafe behaviour identified.,Safety coaching,Warning Issued
362,2493,16,2019-08-24,Minor issue observed.,Driver reminder,Closed
363,1888,16,2019-08-27,Serious safety concern.,Driver assessment,Under Review
364,2246,7,2019-08-31,Requires monitoring.,Extra monitoring,Closed
365,4359,7,2019-08-28,Minor issue observed.,Driver reminder,Closed
366,2538,5,2019-09-08,Immediate action required.,Driver assessment,Coaching Required
367,4569,16,2019-09-08,Minor issue observed.,Continue monitoring,Closed
368,4649,5,2019-09-10,Driver reminded.,Continue monitoring,Closed
369,1405,17,2019-09-11,Driver notified.,Extra monitoring,Warning Issued
370,689,7,2019-09-14,Driver notified.,Safety coaching,Warning Issued
371,2599,16,2019-09-13,Minor issue observed.,Continue monitoring,Closed
372,3376,16,2019-09-16,Driver notified.,Safety coaching,Closed
373,3764,5,2019-09-20,Serious safety concern.,Driver assessment,Coaching Required
374,187,38,2019-09-21,Immediate action required.,Driver assessment,Under Review
375,691,17,2019-09-21,Serious safety concern.,Driver assessment,Coaching Required
376,1217,16,2019-09-20,Unsafe behaviour identified.,Extra monitoring,Closed
377,1090,16,2019-09-21,Driver notified.,Safety coaching,Warning Issued
378,690,27,2019-09-20,Serious safety concern.,Formal coaching,Coaching Required
379,4824,38,2019-09-29,Requires monitoring.,Safety coaching,Warning Issued
380,5301,13,2019-09-25,Serious safety concern.,Formal coaching,Coaching Required
381,4828,28,2019-10-02,Unsafe behaviour identified.,Safety coaching,Closed
382,1912,5,2019-10-01,Requires monitoring.,Safety coaching,Closed
383,2107,5,2019-09-29,Minor issue observed.,Continue monitoring,Closed
384,1951,28,2019-10-16,Requires monitoring.,Safety coaching,Warning Issued
385,2368,5,2019-10-20,Unsafe behaviour identified.,Extra monitoring,Closed
386,727,17,2019-10-21,Requires monitoring.,Extra monitoring,Warning Issued
387,745,38,2019-10-24,Serious safety concern.,Driver assessment,Under Review
388,3669,27,2019-10-25,Unsafe behaviour identified.,Extra monitoring,Warning Issued
389,463,5,2019-10-23,Requires monitoring.,Safety coaching,Warning Issued
390,5231,28,2019-11-01,Requires monitoring.,Safety coaching,Closed
391,4953,7,2019-11-06,Supervisor notified.,Formal coaching,Coaching Required
392,2129,17,2019-11-12,Unsafe behaviour identified.,Safety coaching,Closed
393,1646,38,2019-11-14,Unsafe behaviour identified.,Extra monitoring,Closed
394,438,13,2019-11-14,Driver notified.,Extra monitoring,Closed
395,4574,13,2019-11-16,Immediate action required.,Formal coaching,Coaching Required
396,5230,27,2019-11-19,Unsafe behaviour identified.,Extra monitoring,Closed
397,3001,7,2019-11-19,Low risk behaviour.,Driver reminder,Closed
398,2275,17,2019-11-24,Requires monitoring.,Safety coaching,Closed
399,903,5,2019-11-29,Supervisor notified.,Driver assessment,Under Review
400,3761,27,2019-11-30,Requires monitoring.,Safety coaching,Closed
401,3660,27,2019-12-05,Requires monitoring.,Extra monitoring,Warning Issued
402,3664,5,2019-12-06,Driver notified.,Safety coaching,Warning Issued
403,314,28,2019-12-14,Serious safety concern.,Formal coaching,Coaching Required
404,2273,38,2019-12-12,Immediate action required.,Driver assessment,Under Review
405,1031,28,2019-12-19,Unsafe behaviour identified.,Safety coaching,Closed
406,2556,5,2019-12-23,Low risk behaviour.,Continue monitoring,Closed
407,310,40,2019-12-22,Minor issue observed.,Driver reminder,Closed
408,1269,28,2019-12-22,Serious safety concern.,Formal coaching,Coaching Required
409,4822,13,2019-12-29,Driver notified.,Safety coaching,Warning Issued
410,633,16,2019-12-31,Unsafe behaviour identified.,Safety coaching,Warning Issued
411,2130,20,2020-01-04,Supervisor notified.,Formal coaching,Under Review
412,313,20,2020-01-06,Driver notified.,Extra monitoring,Warning Issued
413,630,16,2020-01-08,Unsafe behaviour identified.,Safety coaching,Closed
414,4061,27,2020-01-14,Serious safety concern.,Driver assessment,Under Review
415,2131,28,2020-01-18,Unsafe behaviour identified.,Safety coaching,Warning Issued
416,1960,16,2020-01-16,Driver reminded.,Continue monitoring,Closed
417,3662,17,2020-01-22,Requires monitoring.,Safety coaching,Closed
418,4461,38,2020-01-22,Requires monitoring.,Extra monitoring,Warning Issued
419,3373,13,2020-01-20,Requires monitoring.,Extra monitoring,Closed
420,5296,28,2020-01-22,Minor issue observed.,Continue monitoring,Closed
421,2128,20,2020-01-24,Unsafe behaviour identified.,Extra monitoring,Closed
422,3782,38,2020-01-25,Low risk behaviour.,Driver reminder,Closed
423,3047,28,2020-02-07,Requires monitoring.,Extra monitoring,Closed
424,148,40,2020-02-09,Driver notified.,Extra monitoring,Warning Issued
425,358,28,2020-02-12,Unsafe behaviour identified.,Safety coaching,Closed
426,2364,13,2020-02-09,Unsafe behaviour identified.,Extra monitoring,Closed
427,3592,7,2020-02-13,Driver notified.,Extra monitoring,Closed
428,2919,27,2020-02-19,Supervisor notified.,Driver assessment,Coaching Required
429,1030,38,2020-02-17,Serious safety concern.,Formal coaching,Coaching Required
430,1886,27,2020-02-22,Driver notified.,Extra monitoring,Warning Issued
431,5491,5,2020-02-18,Driver notified.,Safety coaching,Closed
432,3583,20,2020-02-24,Supervisor notified.,Driver assessment,Coaching Required
433,950,17,2020-02-22,Driver notified.,Extra monitoring,Warning Issued
434,1413,27,2020-02-21,Minor issue observed.,Driver reminder,Closed
435,1727,16,2020-02-26,Unsafe behaviour identified.,Extra monitoring,Warning Issued
436,1724,17,2020-02-28,Unsafe behaviour identified.,Extra monitoring,Warning Issued
437,4156,40,2020-02-29,Immediate action required.,Formal coaching,Under Review
438,5116,7,2020-03-01,Driver notified.,Safety coaching,Closed
439,4153,40,2020-03-02,Driver notified.,Safety coaching,Closed
440,3771,38,2020-03-06,Unsafe behaviour identified.,Safety coaching,Warning Issued
441,1806,7,2020-03-02,Low risk behaviour.,Continue monitoring,Closed
442,1779,40,2020-03-14,Serious safety concern.,Driver assessment,Coaching Required
443,4878,7,2020-03-17,Requires monitoring.,Extra monitoring,Warning Issued
444,3822,38,2020-03-18,Driver notified.,Safety coaching,Closed
445,637,7,2020-03-22,Supervisor notified.,Formal coaching,Under Review
446,191,16,2020-03-26,Immediate action required.,Driver assessment,Coaching Required
447,2373,38,2020-03-29,Driver reminded.,Driver reminder,Closed
448,3823,40,2020-03-26,Driver reminded.,Driver reminder,Closed
449,1706,7,2020-03-31,Unsafe behaviour identified.,Extra monitoring,Closed
450,5369,16,2020-04-03,Driver notified.,Safety coaching,Warning Issued
451,1208,40,2020-04-04,Requires monitoring.,Extra monitoring,Closed
452,1705,7,2020-04-02,Low risk behaviour.,Continue monitoring,Closed
453,1658,38,2020-04-02,Driver notified.,Safety coaching,Warning Issued
454,4060,5,2020-04-16,Immediate action required.,Driver assessment,Coaching Required
455,5279,16,2020-04-15,Driver reminded.,Driver reminder,Closed
456,4881,17,2020-04-15,Requires monitoring.,Extra monitoring,Warning Issued
457,3706,40,2020-04-20,Unsafe behaviour identified.,Extra monitoring,Closed
458,740,5,2020-04-22,Requires monitoring.,Extra monitoring,Warning Issued
459,1808,28,2020-04-25,Driver notified.,Extra monitoring,Closed
460,2108,38,2020-05-01,Unsafe behaviour identified.,Safety coaching,Warning Issued
461,2699,38,2020-05-05,Low risk behaviour.,Driver reminder,Closed
462,1584,17,2020-05-14,Unsafe behaviour identified.,Safety coaching,Warning Issued
463,4652,13,2020-05-19,Requires monitoring.,Extra monitoring,Warning Issued
464,3248,13,2020-05-26,Driver notified.,Safety coaching,Closed
465,3708,5,2020-05-29,Supervisor notified.,Driver assessment,Coaching Required
466,3775,13,2020-06-07,Requires monitoring.,Safety coaching,Closed
467,2281,28,2020-06-08,Unsafe behaviour identified.,Extra monitoring,Warning Issued
468,701,38,2020-06-06,Unsafe behaviour identified.,Extra monitoring,Closed
469,1955,5,2020-06-12,Requires monitoring.,Safety coaching,Warning Issued
470,1777,16,2020-06-10,Immediate action required.,Driver assessment,Coaching Required
471,1014,40,2020-06-16,Requires monitoring.,Safety coaching,Closed
472,2192,5,2020-06-18,Driver notified.,Safety coaching,Warning Issued
473,1986,13,2020-06-16,Requires monitoring.,Extra monitoring,Warning Issued
474,186,20,2020-06-17,Driver notified.,Safety coaching,Closed
475,5275,27,2020-06-25,Unsafe behaviour identified.,Safety coaching,Closed
476,2511,13,2020-06-24,Unsafe behaviour identified.,Extra monitoring,Warning Issued
477,5280,5,2020-07-01,Requires monitoring.,Safety coaching,Warning Issued
478,192,17,2020-07-03,Unsafe behaviour identified.,Extra monitoring,Warning Issued
479,2030,17,2020-07-14,Supervisor notified.,Formal coaching,Coaching Required
480,3095,13,2020-07-17,Driver notified.,Extra monitoring,Closed
481,5141,20,2020-07-16,Low risk behaviour.,Continue monitoring,Closed
482,743,28,2020-07-15,Requires monitoring.,Safety coaching,Closed
483,3913,17,2020-07-17,Driver reminded.,Driver reminder,Closed
484,2196,7,2020-07-21,Requires monitoring.,Safety coaching,Closed
485,1723,5,2020-07-23,Driver reminded.,Driver reminder,Closed
486,3179,20,2020-07-27,Supervisor notified.,Formal coaching,Coaching Required
487,2069,40,2020-07-31,Low risk behaviour.,Continue monitoring,Closed
488,1308,20,2020-07-29,Unsafe behaviour identified.,Extra monitoring,Warning Issued
489,4576,7,2020-07-29,Driver reminded.,Driver reminder,Closed
490,1206,16,2020-08-02,Driver notified.,Safety coaching,Closed
491,5315,5,2020-08-13,Driver reminded.,Continue monitoring,Closed
492,5277,13,2020-08-16,Driver notified.,Extra monitoring,Warning Issued
493,859,20,2020-08-16,Serious safety concern.,Formal coaching,Under Review
494,1527,38,2020-08-15,Requires monitoring.,Extra monitoring,Warning Issued
495,865,40,2020-08-14,Requires monitoring.,Extra monitoring,Warning Issued
496,5281,17,2020-09-02,Driver notified.,Safety coaching,Warning Issued
497,3911,27,2020-09-04,Serious safety concern.,Formal coaching,Under Review
498,4524,28,2020-09-05,Driver notified.,Safety coaching,Closed
499,1526,40,2020-09-12,Driver notified.,Extra monitoring,Warning Issued
500,3434,16,2020-09-23,Minor issue observed.,Continue monitoring,Closed
501,149,17,2020-09-20,Requires monitoring.,Safety coaching,Closed
502,1985,16,2020-09-22,Requires monitoring.,Safety coaching,Closed
503,4906,38,2020-09-26,Requires monitoring.,Safety coaching,Closed
504,860,17,2020-09-26,Unsafe behaviour identified.,Safety coaching,Warning Issued
505,4513,20,2020-09-29,Driver notified.,Safety coaching,Closed
506,141,16,2020-10-02,Driver notified.,Safety coaching,Closed
507,744,16,2020-10-12,Driver notified.,Extra monitoring,Warning Issued
508,81,40,2020-10-09,Requires monitoring.,Extra monitoring,Warning Issued
509,3878,38,2020-10-13,Requires monitoring.,Extra monitoring,Closed
510,3900,13,2020-10-17,Driver reminded.,Continue monitoring,Closed
511,3891,16,2020-10-27,Supervisor notified.,Formal coaching,Coaching Required
512,2194,13,2020-10-30,Supervisor notified.,Driver assessment,Under Review
513,1650,16,2020-11-06,Supervisor notified.,Formal coaching,Under Review
514,930,27,2020-11-03,Driver notified.,Safety coaching,Closed
515,86,7,2020-11-01,Minor issue observed.,Driver reminder,Closed
516,4790,28,2020-11-09,Driver reminded.,Continue monitoring,Closed
517,2071,16,2020-11-21,Driver notified.,Extra monitoring,Warning Issued
518,4182,7,2020-11-19,Low risk behaviour.,Continue monitoring,Closed
519,927,38,2020-11-17,Unsafe behaviour identified.,Extra monitoring,Warning Issued
520,4278,20,2020-11-24,Serious safety concern.,Driver assessment,Coaching Required
521,2029,13,2020-11-22,Unsafe behaviour identified.,Safety coaching,Warning Issued
522,2432,7,2020-11-28,Serious safety concern.,Driver assessment,Coaching Required
523,2318,5,2020-12-02,Unsafe behaviour identified.,Extra monitoring,Closed
524,4279,7,2020-12-04,Unsafe behaviour identified.,Safety coaching,Warning Issued
525,4078,16,2020-12-13,Unsafe behaviour identified.,Safety coaching,Closed
526,140,40,2020-12-16,Requires monitoring.,Extra monitoring,Warning Issued
527,5201,20,2020-12-19,Low risk behaviour.,Continue monitoring,Closed
528,3464,20,2020-12-26,Requires monitoring.,Extra monitoring,Closed
529,2076,27,2021-01-02,Driver notified.,Extra monitoring,Closed
530,2928,16,2020-12-29,Driver notified.,Safety coaching,Closed
531,5241,13,2021-01-01,Driver notified.,Extra monitoring,Warning Issued
532,1948,40,2021-01-13,Driver reminded.,Driver reminder,Closed
533,4903,17,2021-01-16,Unsafe behaviour identified.,Safety coaching,Warning Issued
534,2468,27,2021-01-25,Unsafe behaviour identified.,Safety coaching,Closed
535,2832,16,2021-01-27,Immediate action required.,Driver assessment,Under Review
536,1237,20,2021-02-01,Requires monitoring.,Safety coaching,Closed
537,752,7,2021-01-28,Driver notified.,Safety coaching,Closed
538,136,28,2021-02-02,Serious safety concern.,Driver assessment,Under Review
539,5242,38,2021-02-03,Serious safety concern.,Driver assessment,Under Review
540,2407,28,2021-02-03,Requires monitoring.,Extra monitoring,Closed
541,4627,5,2021-02-04,Unsafe behaviour identified.,Extra monitoring,Warning Issued
542,2831,40,2021-02-02,Requires monitoring.,Extra monitoring,Closed
543,3124,40,2021-02-05,Supervisor notified.,Formal coaching,Coaching Required
544,2824,20,2021-02-11,Minor issue observed.,Driver reminder,Closed
545,2285,28,2021-02-07,Unsafe behaviour identified.,Safety coaching,Warning Issued
546,437,5,2021-02-12,Requires monitoring.,Safety coaching,Warning Issued
547,2983,27,2021-02-13,Requires monitoring.,Extra monitoring,Closed
548,1836,28,2021-02-16,Minor issue observed.,Continue monitoring,Closed
549,721,16,2021-02-24,Supervisor notified.,Driver assessment,Under Review
550,4632,28,2021-02-28,Immediate action required.,Driver assessment,Under Review
551,2288,13,2021-03-03,Driver notified.,Extra monitoring,Closed
552,3869,40,2021-03-07,Unsafe behaviour identified.,Safety coaching,Closed
553,1592,38,2021-03-13,Driver reminded.,Driver reminder,Closed
554,2072,38,2021-03-12,Immediate action required.,Driver assessment,Coaching Required
555,4378,20,2021-03-11,Requires monitoring.,Safety coaching,Warning Issued
556,3120,13,2021-03-17,Driver reminded.,Driver reminder,Closed
557,1412,27,2021-03-17,Requires monitoring.,Extra monitoring,Closed
558,2545,40,2021-03-19,Unsafe behaviour identified.,Safety coaching,Closed
559,1973,40,2021-03-20,Unsafe behaviour identified.,Extra monitoring,Closed
560,4924,5,2021-03-16,Requires monitoring.,Extra monitoring,Closed
561,2387,13,2021-03-17,Driver notified.,Extra monitoring,Warning Issued
562,2361,27,2021-03-26,Unsafe behaviour identified.,Safety coaching,Closed
563,4379,13,2021-03-24,Driver notified.,Safety coaching,Warning Issued
564,2834,17,2021-03-26,Driver notified.,Extra monitoring,Warning Issued
565,2830,40,2021-03-24,Driver notified.,Extra monitoring,Closed
566,3467,7,2021-03-28,Driver reminded.,Driver reminder,Closed
567,1593,16,2021-04-01,Low risk behaviour.,Continue monitoring,Closed
568,4375,16,2021-04-05,Unsafe behaviour identified.,Safety coaching,Closed
569,634,28,2021-04-12,Low risk behaviour.,Continue monitoring,Closed
570,1549,20,2021-04-11,Requires monitoring.,Extra monitoring,Closed
571,4181,28,2021-04-14,Unsafe behaviour identified.,Safety coaching,Closed
572,3377,5,2021-04-11,Driver notified.,Safety coaching,Closed
573,1949,16,2021-04-17,Driver reminded.,Continue monitoring,Closed
574,3965,38,2021-04-17,Supervisor notified.,Driver assessment,Under Review
575,3967,7,2021-04-21,Minor issue observed.,Driver reminder,Closed
576,5377,40,2021-04-24,Driver notified.,Safety coaching,Closed
577,1975,38,2021-04-26,Driver notified.,Safety coaching,Closed
578,2541,28,2021-05-05,Unsafe behaviour identified.,Extra monitoring,Closed
579,2320,20,2021-05-05,Driver notified.,Extra monitoring,Warning Issued
580,2543,7,2021-05-02,Unsafe behaviour identified.,Extra monitoring,Warning Issued
581,3462,17,2021-05-08,Supervisor notified.,Driver assessment,Coaching Required
582,3305,20,2021-05-08,Unsafe behaviour identified.,Safety coaching,Warning Issued
583,1586,38,2021-05-06,Serious safety concern.,Driver assessment,Under Review
584,3585,28,2021-05-13,Unsafe behaviour identified.,Safety coaching,Warning Issued
585,1971,40,2021-05-14,Unsafe behaviour identified.,Extra monitoring,Closed
586,3382,28,2021-05-15,Immediate action required.,Driver assessment,Under Review
587,2859,17,2021-05-18,Driver notified.,Safety coaching,Closed
588,861,17,2021-05-21,Minor issue observed.,Continue monitoring,Closed
589,1551,27,2021-05-21,Immediate action required.,Formal coaching,Coaching Required
590,206,40,2021-05-24,Supervisor notified.,Formal coaching,Under Review
591,3964,5,2021-05-27,Requires monitoring.,Safety coaching,Warning Issued
592,1180,5,2021-06-01,Unsafe behaviour identified.,Safety coaching,Warning Issued
593,3380,13,2021-06-11,Driver notified.,Safety coaching,Warning Issued
594,1591,13,2021-06-12,Immediate action required.,Driver assessment,Coaching Required
595,5072,38,2021-06-10,Requires monitoring.,Extra monitoring,Closed
596,114,27,2021-06-19,Driver reminded.,Continue monitoring,Closed
597,337,16,2021-06-18,Driver notified.,Extra monitoring,Warning Issued
598,619,28,2021-06-24,Driver notified.,Safety coaching,Warning Issued
599,5379,17,2021-06-27,Unsafe behaviour identified.,Extra monitoring,Warning Issued
600,4147,40,2021-06-28,Driver notified.,Safety coaching,Warning Issued
601,1588,20,2021-07-04,Driver notified.,Extra monitoring,Closed
602,4149,5,2021-07-11,Immediate action required.,Formal coaching,Coaching Required
603,333,38,2021-07-13,Requires monitoring.,Safety coaching,Closed
604,4145,27,2021-07-15,Supervisor notified.,Driver assessment,Under Review
605,142,17,2021-07-19,Low risk behaviour.,Driver reminder,Closed
606,261,40,2021-07-24,Driver notified.,Extra monitoring,Warning Issued
607,3893,16,2021-08-03,Unsafe behaviour identified.,Safety coaching,Warning Issued
608,3719,17,2021-07-30,Driver reminded.,Continue monitoring,Closed
609,3145,17,2021-08-05,Unsafe behaviour identified.,Safety coaching,Warning Issued
610,339,38,2021-08-05,Driver notified.,Extra monitoring,Warning Issued
611,475,5,2021-08-16,Driver notified.,Extra monitoring,Warning Issued
612,1838,20,2021-08-20,Driver notified.,Safety coaching,Warning Issued
613,3029,5,2021-08-21,Driver notified.,Extra monitoring,Warning Issued
614,3151,5,2021-08-20,Requires monitoring.,Extra monitoring,Closed
615,3912,27,2021-08-28,Minor issue observed.,Driver reminder,Closed
616,245,27,2021-08-22,Driver notified.,Safety coaching,Warning Issued
617,3353,13,2021-08-27,Low risk behaviour.,Continue monitoring,Closed
618,4942,16,2021-09-02,Requires monitoring.,Extra monitoring,Warning Issued
619,1921,28,2021-09-06,Requires monitoring.,Extra monitoring,Closed
620,5263,27,2021-09-06,Minor issue observed.,Driver reminder,Closed
621,137,38,2021-09-06,Serious safety concern.,Driver assessment,Coaching Required
622,2844,16,2021-09-09,Supervisor notified.,Driver assessment,Coaching Required
623,1919,7,2021-09-10,Unsafe behaviour identified.,Extra monitoring,Closed
624,774,40,2021-09-14,Requires monitoring.,Safety coaching,Closed
625,4179,13,2021-09-17,Unsafe behaviour identified.,Safety coaching,Warning Issued
626,1178,20,2021-09-16,Unsafe behaviour identified.,Safety coaching,Closed
627,4943,38,2021-09-19,Requires monitoring.,Extra monitoring,Warning Issued
628,1970,5,2021-09-16,Driver reminded.,Driver reminder,Closed
629,3030,28,2021-09-16,Unsafe behaviour identified.,Safety coaching,Closed
630,212,38,2021-09-25,Immediate action required.,Driver assessment,Coaching Required
631,4941,38,2021-09-29,Unsafe behaviour identified.,Extra monitoring,Closed
632,4180,16,2021-10-01,Requires monitoring.,Safety coaching,Warning Issued
633,2713,16,2021-09-27,Serious safety concern.,Driver assessment,Coaching Required
634,3931,20,2021-09-27,Unsafe behaviour identified.,Safety coaching,Warning Issued
635,4065,17,2021-10-01,Requires monitoring.,Extra monitoring,Closed
636,3914,17,2021-10-03,Low risk behaviour.,Continue monitoring,Closed
637,87,27,2021-10-06,Unsafe behaviour identified.,Safety coaching,Warning Issued
638,455,5,2021-10-06,Driver notified.,Safety coaching,Warning Issued
639,3246,16,2021-10-12,Driver notified.,Extra monitoring,Warning Issued
640,3027,16,2021-10-07,Requires monitoring.,Safety coaching,Closed
641,4215,17,2021-10-11,Driver reminded.,Continue monitoring,Closed
642,5386,5,2021-10-14,Unsafe behaviour identified.,Extra monitoring,Warning Issued
643,4280,5,2021-10-14,Driver notified.,Safety coaching,Warning Issued
644,2610,27,2021-10-15,Serious safety concern.,Formal coaching,Coaching Required
645,4514,16,2021-10-19,Driver notified.,Safety coaching,Warning Issued
646,2321,17,2021-10-14,Requires monitoring.,Safety coaching,Closed
647,1589,7,2021-10-20,Requires monitoring.,Safety coaching,Closed
648,2157,27,2021-10-23,Driver reminded.,Continue monitoring,Closed
649,4277,17,2021-10-25,Supervisor notified.,Formal coaching,Under Review
650,1426,16,2021-10-25,Low risk behaviour.,Driver reminder,Closed
651,5448,28,2021-10-25,Unsafe behaviour identified.,Safety coaching,Closed
652,4960,40,2021-10-31,Unsafe behaviour identified.,Extra monitoring,Closed
653,1432,38,2021-11-08,Unsafe behaviour identified.,Safety coaching,Closed
654,4157,7,2021-11-09,Unsafe behaviour identified.,Safety coaching,Closed
655,3868,5,2021-11-07,Requires monitoring.,Safety coaching,Warning Issued
656,4188,28,2021-11-14,Requires monitoring.,Safety coaching,Closed
657,4515,27,2021-11-12,Unsafe behaviour identified.,Safety coaching,Warning Issued
658,210,27,2021-11-17,Requires monitoring.,Extra monitoring,Closed
659,3477,16,2021-11-18,Unsafe behaviour identified.,Safety coaching,Closed
660,2627,27,2021-11-22,Unsafe behaviour identified.,Safety coaching,Warning Issued
661,3831,13,2021-11-21,Driver notified.,Extra monitoring,Closed
662,3410,28,2021-11-28,Requires monitoring.,Safety coaching,Closed
663,2823,40,2021-11-23,Requires monitoring.,Safety coaching,Closed
664,2006,16,2021-12-05,Driver notified.,Safety coaching,Warning Issued
665,4068,16,2021-12-04,Supervisor notified.,Formal coaching,Coaching Required
666,3932,17,2021-12-09,Serious safety concern.,Driver assessment,Coaching Required
667,2434,16,2021-12-14,Serious safety concern.,Driver assessment,Coaching Required
668,5159,16,2021-12-17,Unsafe behaviour identified.,Safety coaching,Closed
669,1430,20,2021-12-21,Low risk behaviour.,Continue monitoring,Closed
670,3406,17,2021-12-17,Requires monitoring.,Extra monitoring,Closed
671,2559,16,2021-12-18,Driver notified.,Safety coaching,Closed
672,3558,13,2021-12-23,Unsafe behaviour identified.,Extra monitoring,Warning Issued
673,582,7,2021-12-22,Requires monitoring.,Safety coaching,Closed
674,344,5,2021-12-19,Unsafe behaviour identified.,Safety coaching,Warning Issued
675,5056,28,2021-12-21,Unsafe behaviour identified.,Safety coaching,Closed
676,4413,13,2021-12-22,Driver notified.,Safety coaching,Warning Issued
677,42,40,2021-12-28,Unsafe behaviour identified.,Extra monitoring,Warning Issued
678,5012,7,2021-12-31,Requires monitoring.,Extra monitoring,Warning Issued
679,775,20,2022-01-03,Driver notified.,Extra monitoring,Closed
680,4909,28,2022-01-04,Immediate action required.,Driver assessment,Coaching Required
681,4028,16,2022-01-04,Unsafe behaviour identified.,Extra monitoring,Warning Issued
682,4183,16,2022-01-01,Driver notified.,Safety coaching,Warning Issued
683,1972,28,2022-01-01,Requires monitoring.,Extra monitoring,Warning Issued
684,3150,38,2022-01-06,Driver notified.,Extra monitoring,Closed
685,4971,28,2022-01-08,Unsafe behaviour identified.,Extra monitoring,Closed
686,2864,7,2022-01-08,Requires monitoring.,Extra monitoring,Warning Issued
687,4159,13,2022-01-17,Driver notified.,Extra monitoring,Closed
688,4958,40,2022-01-13,Driver notified.,Extra monitoring,Warning Issued
689,4236,16,2022-01-19,Immediate action required.,Formal coaching,Coaching Required
690,2982,16,2022-01-16,Driver notified.,Extra monitoring,Closed
691,4038,17,2022-01-20,Requires monitoring.,Safety coaching,Closed
692,4740,38,2022-01-19,Serious safety concern.,Driver assessment,Coaching Required
693,5146,38,2022-01-19,Driver notified.,Extra monitoring,Closed
694,2862,40,2022-01-21,Serious safety concern.,Driver assessment,Coaching Required
695,1433,13,2022-01-28,Driver notified.,Extra monitoring,Closed
696,1429,20,2022-01-30,Serious safety concern.,Formal coaching,Under Review
697,1461,5,2022-02-04,Requires monitoring.,Extra monitoring,Closed
698,3134,27,2022-02-07,Supervisor notified.,Formal coaching,Coaching Required
699,1786,13,2022-02-04,Unsafe behaviour identified.,Safety coaching,Warning Issued
700,3080,17,2022-02-06,Immediate action required.,Formal coaching,Under Review
701,4081,20,2022-02-10,Driver notified.,Safety coaching,Closed
702,620,13,2022-02-06,Requires monitoring.,Extra monitoring,Warning Issued
703,4087,17,2022-02-14,Requires monitoring.,Safety coaching,Closed
704,35,38,2022-02-13,Supervisor notified.,Formal coaching,Coaching Required
705,3081,13,2022-02-13,Minor issue observed.,Continue monitoring,Closed
706,112,13,2022-02-10,Requires monitoring.,Extra monitoring,Closed
707,1665,28,2022-02-15,Unsafe behaviour identified.,Extra monitoring,Closed
708,814,38,2022-02-12,Unsafe behaviour identified.,Extra monitoring,Closed
709,2214,16,2022-02-16,Driver notified.,Extra monitoring,Warning Issued
710,794,28,2022-02-14,Low risk behaviour.,Continue monitoring,Closed
711,514,17,2022-02-20,Driver notified.,Safety coaching,Warning Issued
712,812,20,2022-02-27,Requires monitoring.,Safety coaching,Closed
713,377,5,2022-03-03,Driver notified.,Safety coaching,Closed
714,1621,7,2022-03-02,Driver notified.,Extra monitoring,Warning Issued
715,2004,17,2022-03-01,Driver notified.,Extra monitoring,Closed
716,3838,7,2022-03-16,Low risk behaviour.,Continue monitoring,Closed
717,1571,5,2022-03-15,Driver notified.,Safety coaching,Warning Issued
718,1258,20,2022-03-19,Driver reminded.,Continue monitoring,Closed
719,544,17,2022-03-20,Driver notified.,Extra monitoring,Warning Issued
720,38,5,2022-03-15,Driver notified.,Safety coaching,Warning Issued
721,207,38,2022-03-22,Immediate action required.,Formal coaching,Under Review
722,817,16,2022-03-18,Requires monitoring.,Safety coaching,Closed
723,5266,5,2022-03-20,Driver notified.,Safety coaching,Warning Issued
724,4844,13,2022-03-22,Immediate action required.,Formal coaching,Coaching Required
725,3834,13,2022-03-22,Low risk behaviour.,Driver reminder,Closed
726,1260,38,2022-03-24,Immediate action required.,Formal coaching,Under Review
727,4911,13,2022-03-28,Low risk behaviour.,Continue monitoring,Closed
728,4907,5,2022-03-30,Low risk behaviour.,Continue monitoring,Closed
729,1940,13,2022-04-04,Unsafe behaviour identified.,Safety coaching,Closed
730,1570,5,2022-04-04,Driver notified.,Safety coaching,Closed
731,1618,20,2022-04-09,Driver notified.,Safety coaching,Warning Issued
732,660,27,2022-04-09,Driver notified.,Extra monitoring,Warning Issued
733,800,13,2022-04-07,Requires monitoring.,Safety coaching,Warning Issued
734,1616,38,2022-04-13,Requires monitoring.,Extra monitoring,Warning Issued
735,4082,27,2022-04-12,Unsafe behaviour identified.,Safety coaching,Closed
736,4282,20,2022-04-11,Immediate action required.,Formal coaching,Under Review
737,2868,20,2022-04-15,Driver notified.,Extra monitoring,Closed
738,1515,13,2022-04-14,Unsafe behaviour identified.,Safety coaching,Warning Issued
739,1620,20,2022-04-20,Unsafe behaviour identified.,Safety coaching,Closed
740,4735,16,2022-04-15,Minor issue observed.,Continue monitoring,Closed
741,1826,13,2022-04-17,Supervisor notified.,Formal coaching,Under Review
742,801,16,2022-04-18,Unsafe behaviour identified.,Safety coaching,Closed
743,4845,20,2022-04-24,Driver notified.,Extra monitoring,Warning Issued
744,4700,27,2022-04-24,Serious safety concern.,Driver assessment,Coaching Required
745,3909,20,2022-04-25,Driver notified.,Safety coaching,Warning Issued
746,5057,7,2022-05-01,Serious safety concern.,Driver assessment,Coaching Required
747,1074,7,2022-04-25,Driver notified.,Safety coaching,Warning Issued
748,2216,7,2022-05-01,Unsafe behaviour identified.,Safety coaching,Warning Issued
749,3829,16,2022-05-03,Supervisor notified.,Driver assessment,Under Review
750,1790,17,2022-05-03,Unsafe behaviour identified.,Extra monitoring,Warning Issued
751,4034,13,2022-05-06,Unsafe behaviour identified.,Safety coaching,Closed
752,376,13,2022-05-08,Serious safety concern.,Formal coaching,Under Review
753,4696,5,2022-05-08,Low risk behaviour.,Continue monitoring,Closed
754,4187,40,2022-05-06,Driver notified.,Extra monitoring,Closed
755,4910,38,2022-05-16,Immediate action required.,Formal coaching,Coaching Required
756,4779,13,2022-05-10,Serious safety concern.,Formal coaching,Coaching Required
757,336,28,2022-05-18,Requires monitoring.,Extra monitoring,Warning Issued
758,2858,38,2022-05-14,Driver reminded.,Driver reminder,Closed
759,1460,40,2022-05-23,Requires monitoring.,Extra monitoring,Closed
760,262,40,2022-05-24,Minor issue observed.,Continue monitoring,Closed
761,3012,40,2022-05-23,Driver notified.,Safety coaching,Closed
762,4775,40,2022-05-27,Low risk behaviour.,Continue monitoring,Closed
763,3835,27,2022-05-27,Minor issue observed.,Continue monitoring,Closed
764,1518,7,2022-05-31,Requires monitoring.,Safety coaching,Warning Issued
765,658,27,2022-06-03,Unsafe behaviour identified.,Extra monitoring,Warning Issued
766,361,38,2022-06-04,Low risk behaviour.,Continue monitoring,Closed
767,2112,28,2022-05-29,Requires monitoring.,Extra monitoring,Warning Issued
768,12,16,2022-06-06,Driver reminded.,Driver reminder,Closed
769,48,40,2022-06-06,Unsafe behaviour identified.,Extra monitoring,Warning Issued
770,4665,20,2022-06-04,Driver notified.,Extra monitoring,Warning Issued
771,2671,27,2022-06-13,Driver notified.,Safety coaching,Warning Issued
772,3026,28,2022-06-13,Unsafe behaviour identified.,Extra monitoring,Warning Issued
773,2843,38,2022-06-16,Requires monitoring.,Extra monitoring,Warning Issued
774,368,27,2022-06-16,Requires monitoring.,Extra monitoring,Warning Issued
775,1942,38,2022-06-19,Driver notified.,Extra monitoring,Closed
776,3034,20,2022-06-19,Driver notified.,Extra monitoring,Closed
777,2616,40,2022-06-21,Driver notified.,Safety coaching,Warning Issued
778,3479,20,2022-06-27,Driver notified.,Safety coaching,Warning Issued
779,1992,38,2022-06-25,Driver notified.,Safety coaching,Closed
780,2895,7,2022-06-26,Driver notified.,Safety coaching,Closed
781,1191,38,2022-07-02,Unsafe behaviour identified.,Extra monitoring,Warning Issued
782,4666,7,2022-07-05,Driver notified.,Extra monitoring,Warning Issued
783,1185,16,2022-07-07,Driver reminded.,Continue monitoring,Closed
784,366,38,2022-07-06,Requires monitoring.,Extra monitoring,Warning Issued
785,5074,16,2022-07-15,Low risk behaviour.,Continue monitoring,Closed
786,711,17,2022-07-15,Driver notified.,Safety coaching,Warning Issued
787,2675,5,2022-07-22,Driver notified.,Safety coaching,Closed
788,3840,40,2022-07-24,Unsafe behaviour identified.,Safety coaching,Warning Issued
789,2215,17,2022-07-25,Unsafe behaviour identified.,Extra monitoring,Closed
790,795,17,2022-07-29,Serious safety concern.,Driver assessment,Under Review
791,2637,13,2022-07-29,Unsafe behaviour identified.,Safety coaching,Warning Issued
792,778,27,2022-07-29,Unsafe behaviour identified.,Extra monitoring,Warning Issued
793,1437,17,2022-08-02,Immediate action required.,Driver assessment,Under Review
794,3032,16,2022-08-02,Requires monitoring.,Extra monitoring,Warning Issued
795,2110,40,2022-08-03,Requires monitoring.,Extra monitoring,Warning Issued
796,4033,7,2022-08-02,Requires monitoring.,Safety coaching,Closed
797,1994,5,2022-08-06,Driver notified.,Extra monitoring,Closed
798,5206,13,2022-08-10,Immediate action required.,Driver assessment,Under Review
799,1661,27,2022-08-10,Unsafe behaviour identified.,Safety coaching,Closed
800,2352,5,2022-08-07,Driver notified.,Extra monitoring,Closed
801,3285,7,2022-08-08,Requires monitoring.,Extra monitoring,Warning Issued
802,3037,17,2022-08-15,Minor issue observed.,Continue monitoring,Closed
803,3728,20,2022-08-18,Driver notified.,Safety coaching,Warning Issued
804,3282,40,2022-08-17,Minor issue observed.,Continue monitoring,Closed
805,583,27,2022-08-14,Driver notified.,Safety coaching,Warning Issued
806,427,16,2022-08-18,Requires monitoring.,Extra monitoring,Warning Issued
807,5473,38,2022-08-22,Requires monitoring.,Safety coaching,Closed
808,431,28,2022-08-19,Low risk behaviour.,Driver reminder,Closed
809,1189,38,2022-08-20,Requires monitoring.,Safety coaching,Closed
810,3919,5,2022-08-20,Unsafe behaviour identified.,Extra monitoring,Warning Issued
811,1073,27,2022-08-21,Driver notified.,Extra monitoring,Closed
812,4521,17,2022-08-29,Unsafe behaviour identified.,Safety coaching,Warning Issued
813,1359,16,2022-08-30,Unsafe behaviour identified.,Extra monitoring,Warning Issued
814,1517,17,2022-08-29,Requires monitoring.,Extra monitoring,Closed
815,5321,20,2022-09-03,Requires monitoring.,Extra monitoring,Warning Issued
816,4733,16,2022-09-03,Driver notified.,Extra monitoring,Closed
817,197,13,2022-09-01,Low risk behaviour.,Continue monitoring,Closed
818,709,40,2022-09-05,Driver notified.,Extra monitoring,Closed
819,1277,40,2022-09-10,Unsafe behaviour identified.,Extra monitoring,Warning Issued
820,1278,27,2022-09-13,Driver notified.,Extra monitoring,Closed
821,2612,27,2022-09-09,Supervisor notified.,Formal coaching,Coaching Required
822,3102,27,2022-09-08,Driver notified.,Extra monitoring,Closed
823,4715,17,2022-09-13,Driver notified.,Extra monitoring,Closed
824,1828,27,2022-09-13,Low risk behaviour.,Continue monitoring,Closed
825,1685,38,2022-09-12,Driver notified.,Safety coaching,Warning Issued
826,1767,13,2022-09-16,Unsafe behaviour identified.,Extra monitoring,Warning Issued
827,3938,28,2022-09-23,Low risk behaviour.,Driver reminder,Closed
828,4908,27,2022-09-21,Minor issue observed.,Continue monitoring,Closed
829,1079,7,2022-09-19,Requires monitoring.,Safety coaching,Warning Issued
830,92,7,2022-09-20,Minor issue observed.,Driver reminder,Closed
831,104,27,2022-09-21,Unsafe behaviour identified.,Extra monitoring,Warning Issued
832,1279,17,2022-09-22,Serious safety concern.,Formal coaching,Under Review
833,3313,38,2022-09-25,Driver notified.,Safety coaching,Closed
834,3839,17,2022-09-22,Requires monitoring.,Extra monitoring,Closed
835,4778,13,2022-09-30,Driver notified.,Extra monitoring,Warning Issued
836,1351,5,2022-09-30,Serious safety concern.,Driver assessment,Under Review
837,1076,40,2022-09-28,Requires monitoring.,Safety coaching,Closed
838,3935,20,2022-09-29,Driver notified.,Extra monitoring,Closed
839,1824,13,2022-10-04,Requires monitoring.,Safety coaching,Closed
840,4777,40,2022-10-06,Requires monitoring.,Extra monitoring,Closed
841,3916,7,2022-10-09,Requires monitoring.,Safety coaching,Closed
842,3135,7,2022-10-11,Low risk behaviour.,Driver reminder,Closed
843,2081,7,2022-10-12,Driver notified.,Extra monitoring,Closed
844,4717,16,2022-10-13,Driver notified.,Safety coaching,Warning Issued
845,1021,27,2022-10-15,Minor issue observed.,Driver reminder,Closed
846,3311,7,2022-10-20,Requires monitoring.,Safety coaching,Closed
847,454,40,2022-10-23,Driver notified.,Extra monitoring,Closed
848,3132,17,2022-10-18,Immediate action required.,Formal coaching,Coaching Required
849,1354,5,2022-10-20,Unsafe behaviour identified.,Safety coaching,Warning Issued
850,3209,40,2022-10-25,Minor issue observed.,Driver reminder,Closed
851,2086,17,2022-10-24,Driver notified.,Safety coaching,Warning Issued
852,268,28,2022-10-29,Driver notified.,Safety coaching,Closed
853,5123,28,2022-10-29,Driver notified.,Extra monitoring,Warning Issued
854,3516,20,2022-10-27,Immediate action required.,Driver assessment,Coaching Required
855,1514,16,2022-10-30,Requires monitoring.,Safety coaching,Closed
856,5125,20,2022-11-02,Supervisor notified.,Formal coaching,Under Review
857,5428,38,2022-10-31,Driver reminded.,Driver reminder,Closed
858,3208,20,2022-11-02,Requires monitoring.,Extra monitoring,Warning Issued
859,2560,13,2022-11-06,Immediate action required.,Driver assessment,Coaching Required
860,4718,27,2022-11-06,Unsafe behaviour identified.,Extra monitoring,Warning Issued
861,5390,38,2022-11-03,Serious safety concern.,Driver assessment,Coaching Required
862,5475,28,2022-11-05,Unsafe behaviour identified.,Safety coaching,Closed
863,1193,17,2022-11-11,Unsafe behaviour identified.,Safety coaching,Warning Issued
864,3317,13,2022-11-09,Immediate action required.,Driver assessment,Coaching Required
865,1556,5,2022-11-11,Driver notified.,Safety coaching,Closed
866,2736,27,2022-11-11,Unsafe behaviour identified.,Extra monitoring,Closed
867,263,28,2022-11-08,Driver notified.,Safety coaching,Closed
868,1446,13,2022-11-13,Supervisor notified.,Driver assessment,Under Review
869,5455,20,2022-11-14,Immediate action required.,Formal coaching,Under Review
870,5372,38,2022-11-21,Minor issue observed.,Continue monitoring,Closed
871,3325,5,2022-11-20,Requires monitoring.,Extra monitoring,Closed
872,1364,20,2022-11-16,Requires monitoring.,Safety coaching,Closed
873,2562,40,2022-11-20,Requires monitoring.,Extra monitoring,Closed
874,5374,16,2022-11-25,Immediate action required.,Formal coaching,Under Review
875,3890,28,2022-11-23,Driver reminded.,Driver reminder,Closed
876,4716,16,2022-11-20,Requires monitoring.,Extra monitoring,Closed
877,2219,17,2022-11-26,Unsafe behaviour identified.,Extra monitoring,Warning Issued
878,2037,28,2022-11-24,Unsafe behaviour identified.,Safety coaching,Warning Issued
879,4677,16,2022-12-01,Driver reminded.,Driver reminder,Closed
880,1770,16,2022-11-30,Driver notified.,Safety coaching,Closed
881,106,13,2022-12-01,Immediate action required.,Formal coaching,Under Review
882,123,5,2022-11-30,Immediate action required.,Driver assessment,Coaching Required
883,1771,5,2022-12-01,Supervisor notified.,Formal coaching,Under Review
884,3685,7,2022-12-03,Unsafe behaviour identified.,Extra monitoring,Warning Issued
885,2035,5,2022-12-06,Driver notified.,Safety coaching,Warning Issued
886,2630,20,2022-12-11,Driver notified.,Extra monitoring,Closed
887,1398,13,2022-12-07,Unsafe behaviour identified.,Extra monitoring,Closed
888,3721,38,2022-12-14,Immediate action required.,Formal coaching,Coaching Required
889,2082,40,2022-12-11,Driver notified.,Extra monitoring,Closed
890,4294,7,2022-12-17,Requires monitoring.,Extra monitoring,Warning Issued
891,2749,27,2022-12-13,Driver notified.,Extra monitoring,Warning Issued
892,4695,40,2022-12-17,Unsafe behaviour identified.,Safety coaching,Closed
893,2632,40,2022-12-20,Requires monitoring.,Extra monitoring,Closed
894,1863,20,2022-12-20,Requires monitoring.,Extra monitoring,Warning Issued
895,1342,13,2022-12-29,Unsafe behaviour identified.,Extra monitoring,Warning Issued
896,2436,5,2023-01-01,Requires monitoring.,Safety coaching,Closed
897,785,40,2023-01-06,Minor issue observed.,Driver reminder,Closed
898,2670,40,2023-01-04,Unsafe behaviour identified.,Safety coaching,Closed
899,1343,27,2023-01-05,Immediate action required.,Formal coaching,Under Review
900,505,5,2023-01-05,Unsafe behaviour identified.,Extra monitoring,Warning Issued
901,2946,13,2023-01-05,Driver reminded.,Driver reminder,Closed
902,5127,40,2023-01-09,Requires monitoring.,Extra monitoring,Closed
903,2684,38,2023-01-09,Minor issue observed.,Continue monitoring,Closed
904,4295,38,2023-01-18,Unsafe behaviour identified.,Safety coaching,Warning Issued
905,4531,40,2023-01-23,Driver notified.,Extra monitoring,Warning Issued
906,3687,5,2023-01-20,Requires monitoring.,Safety coaching,Warning Issued
907,1847,17,2023-01-25,Unsafe behaviour identified.,Extra monitoring,Closed
908,2685,17,2023-01-29,Driver reminded.,Continue monitoring,Closed
909,2056,38,2023-01-28,Driver notified.,Extra monitoring,Closed
910,2751,16,2023-01-27,Driver notified.,Safety coaching,Warning Issued
911,5152,5,2023-01-26,Driver reminded.,Continue monitoring,Closed
912,5388,28,2023-01-28,Unsafe behaviour identified.,Extra monitoring,Closed
913,2948,28,2023-01-26,Requires monitoring.,Extra monitoring,Closed
914,1845,5,2023-01-28,Driver notified.,Extra monitoring,Closed
915,3684,16,2023-02-03,Unsafe behaviour identified.,Extra monitoring,Closed
916,1246,16,2023-02-07,Minor issue observed.,Driver reminder,Closed
917,1555,40,2023-02-08,Minor issue observed.,Continue monitoring,Closed
918,266,17,2023-02-08,Requires monitoring.,Extra monitoring,Warning Issued
919,3383,13,2023-02-12,Immediate action required.,Formal coaching,Under Review
920,3559,17,2023-02-14,Minor issue observed.,Driver reminder,Closed
921,5246,16,2023-02-17,Requires monitoring.,Safety coaching,Warning Issued
922,239,7,2023-02-23,Immediate action required.,Formal coaching,Under Review
923,4533,7,2023-02-18,Requires monitoring.,Extra monitoring,Warning Issued
924,1047,28,2023-02-21,Unsafe behaviour identified.,Extra monitoring,Warning Issued
925,3018,17,2023-02-24,Requires monitoring.,Safety coaching,Closed
926,2036,5,2023-02-28,Unsafe behaviour identified.,Safety coaching,Warning Issued
927,109,38,2023-02-24,Unsafe behaviour identified.,Safety coaching,Closed
928,502,20,2023-02-26,Serious safety concern.,Driver assessment,Coaching Required
929,415,16,2023-02-25,Low risk behaviour.,Continue monitoring,Closed
930,3731,16,2023-02-26,Immediate action required.,Driver assessment,Under Review
931,2618,13,2023-03-04,Driver notified.,Safety coaching,Closed
932,1873,7,2023-03-05,Driver notified.,Extra monitoring,Closed
933,4758,20,2023-03-07,Requires monitoring.,Safety coaching,Closed
934,2454,13,2023-03-07,Unsafe behaviour identified.,Safety coaching,Closed
935,1039,27,2023-03-14,Requires monitoring.,Safety coaching,Warning Issued
936,972,27,2023-03-14,Unsafe behaviour identified.,Extra monitoring,Closed
937,1447,27,2023-03-24,Driver reminded.,Driver reminder,Closed
938,1396,40,2023-03-29,Unsafe behaviour identified.,Safety coaching,Closed
939,2906,5,2023-04-02,Driver notified.,Extra monitoring,Closed
940,4235,40,2023-04-04,Requires monitoring.,Safety coaching,Closed
941,5091,16,2023-04-02,Unsafe behaviour identified.,Extra monitoring,Warning Issued
942,5391,16,2023-04-08,Supervisor notified.,Formal coaching,Under Review
943,4129,20,2023-04-13,Unsafe behaviour identified.,Safety coaching,Closed
944,5126,7,2023-04-09,Low risk behaviour.,Continue monitoring,Closed
945,3514,7,2023-04-08,Requires monitoring.,Extra monitoring,Closed
946,5245,27,2023-04-11,Supervisor notified.,Driver assessment,Coaching Required
947,780,7,2023-04-15,Low risk behaviour.,Driver reminder,Closed
948,1397,7,2023-04-21,Driver notified.,Safety coaching,Closed
949,15,17,2023-04-23,Minor issue observed.,Continue monitoring,Closed
950,1326,40,2023-04-24,Minor issue observed.,Continue monitoring,Closed
951,3405,13,2023-04-24,Minor issue observed.,Driver reminder,Closed
952,2517,28,2023-04-29,Driver reminded.,Continue monitoring,Closed
953,110,20,2023-05-02,Driver notified.,Extra monitoring,Warning Issued
954,3723,20,2023-05-03,Unsafe behaviour identified.,Safety coaching,Warning Issued
955,1043,13,2023-05-09,Low risk behaviour.,Driver reminder,Closed
956,1361,20,2023-05-08,Requires monitoring.,Safety coaching,Warning Issued
957,221,5,2023-05-13,Requires monitoring.,Safety coaching,Closed
958,2233,13,2023-05-09,Unsafe behaviour identified.,Extra monitoring,Warning Issued
959,1006,17,2023-05-13,Low risk behaviour.,Continue monitoring,Closed
960,5352,5,2023-05-17,Driver notified.,Extra monitoring,Warning Issued
961,2236,17,2023-05-21,Driver notified.,Extra monitoring,Warning Issued
962,4961,38,2023-05-22,Driver notified.,Safety coaching,Warning Issued
963,2744,38,2023-05-19,Unsafe behaviour identified.,Safety coaching,Closed
964,4676,38,2023-05-24,Immediate action required.,Formal coaching,Coaching Required
965,1946,13,2023-05-25,Driver notified.,Extra monitoring,Warning Issued
966,4408,38,2023-05-29,Requires monitoring.,Safety coaching,Warning Issued
967,4527,40,2023-05-26,Serious safety concern.,Formal coaching,Coaching Required
968,3917,27,2023-05-28,Low risk behaviour.,Driver reminder,Closed
969,1160,38,2023-05-31,Unsafe behaviour identified.,Safety coaching,Closed
970,160,27,2023-06-01,Driver notified.,Extra monitoring,Closed
971,3280,16,2023-06-05,Minor issue observed.,Continue monitoring,Closed
972,1597,17,2023-06-04,Immediate action required.,Formal coaching,Under Review
973,3401,20,2023-06-06,Unsafe behaviour identified.,Safety coaching,Warning Issued
974,2183,13,2023-06-16,Immediate action required.,Formal coaching,Under Review
975,65,40,2023-06-16,Driver notified.,Safety coaching,Closed
976,4599,28,2023-06-15,Requires monitoring.,Extra monitoring,Closed
977,3136,40,2023-06-14,Driver notified.,Extra monitoring,Closed
978,178,17,2023-06-15,Driver notified.,Extra monitoring,Warning Issued
979,3402,5,2023-06-16,Minor issue observed.,Driver reminder,Closed
980,2356,5,2023-06-21,Serious safety concern.,Formal coaching,Coaching Required
981,94,27,2023-06-17,Driver notified.,Safety coaching,Warning Issued
982,3321,40,2023-06-16,Driver notified.,Safety coaching,Closed
983,2409,38,2023-06-24,Unsafe behaviour identified.,Extra monitoring,Warning Issued
984,2624,13,2023-06-22,Requires monitoring.,Safety coaching,Closed
985,3455,40,2023-06-25,Driver reminded.,Continue monitoring,Closed
986,2924,27,2023-06-26,Driver notified.,Extra monitoring,Warning Issued
987,154,20,2023-07-01,Requires monitoring.,Safety coaching,Closed
988,181,40,2023-07-09,Driver notified.,Extra monitoring,Closed
989,1848,27,2023-07-09,Driver notified.,Safety coaching,Warning Issued
990,3291,20,2023-07-09,Requires monitoring.,Extra monitoring,Closed
991,4831,17,2023-07-08,Minor issue observed.,Continue monitoring,Closed
992,4836,40,2023-07-11,Unsafe behaviour identified.,Extra monitoring,Closed
993,5089,20,2023-07-11,Unsafe behaviour identified.,Extra monitoring,Closed
994,4841,17,2023-07-14,Requires monitoring.,Extra monitoring,Warning Issued
995,3626,7,2023-07-17,Unsafe behaviour identified.,Safety coaching,Closed
996,3279,13,2023-07-14,Requires monitoring.,Safety coaching,Warning Issued
997,1132,38,2023-07-15,Minor issue observed.,Driver reminder,Closed
998,54,20,2023-07-15,Driver reminded.,Driver reminder,Closed
999,1375,17,2023-07-22,Driver notified.,Safety coaching,Warning Issued
1000,1320,5,2023-07-30,Low risk behaviour.,Continue monitoring,Closed
1001,1163,7,2023-08-04,Unsafe behaviour identified.,Extra monitoring,Warning Issued
1002,4763,13,2023-08-04,Requires monitoring.,Extra monitoring,Warning Issued
1003,1042,13,2023-08-04,Unsafe behaviour identified.,Safety coaching,Closed
1004,4486,17,2023-08-12,Requires monitoring.,Extra monitoring,Warning Issued
1005,3260,20,2023-08-12,Supervisor notified.,Formal coaching,Coaching Required
1006,3644,13,2023-08-14,Requires monitoring.,Extra monitoring,Warning Issued
1007,4411,38,2023-08-18,Requires monitoring.,Safety coaching,Warning Issued
1008,2327,5,2023-08-26,Low risk behaviour.,Continue monitoring,Closed
1009,2041,20,2023-08-23,Supervisor notified.,Driver assessment,Under Review
1010,1991,16,2023-08-28,Driver notified.,Extra monitoring,Warning Issued
1011,1400,17,2023-08-23,Driver reminded.,Driver reminder,Closed
1012,4127,17,2023-08-26,Driver notified.,Safety coaching,Warning Issued
1013,1793,17,2023-09-03,Requires monitoring.,Safety coaching,Warning Issued
1014,4101,20,2023-09-14,Requires monitoring.,Extra monitoring,Closed
1015,1159,38,2023-09-17,Unsafe behaviour identified.,Extra monitoring,Closed
1016,2748,28,2023-09-18,Minor issue observed.,Continue monitoring,Closed
1017,3323,27,2023-09-19,Unsafe behaviour identified.,Extra monitoring,Warning Issued
1018,1221,27,2023-09-17,Driver reminded.,Driver reminder,Closed
1019,3385,16,2023-09-20,Driver notified.,Safety coaching,Closed
1020,504,7,2023-09-22,Driver notified.,Safety coaching,Closed
1021,3815,40,2023-09-26,Driver notified.,Safety coaching,Closed
1022,2839,7,2023-10-04,Unsafe behaviour identified.,Safety coaching,Closed
1023,3322,40,2023-09-30,Driver notified.,Safety coaching,Closed
1024,2838,27,2023-10-05,Immediate action required.,Formal coaching,Under Review
1025,2152,28,2023-10-05,Requires monitoring.,Safety coaching,Warning Issued
1026,4764,40,2023-10-07,Unsafe behaviour identified.,Safety coaching,Closed
1027,2797,17,2023-10-05,Minor issue observed.,Driver reminder,Closed
1028,2040,28,2023-10-05,Driver notified.,Safety coaching,Closed
1029,1378,13,2023-10-07,Minor issue observed.,Driver reminder,Closed
1030,1321,13,2023-10-12,Requires monitoring.,Extra monitoring,Closed
1031,4556,13,2023-10-10,Requires monitoring.,Safety coaching,Warning Issued
1032,4241,27,2023-10-15,Minor issue observed.,Driver reminder,Closed
1033,2945,40,2023-10-16,Unsafe behaviour identified.,Safety coaching,Warning Issued
1034,4333,16,2023-10-19,Requires monitoring.,Safety coaching,Warning Issued
1035,390,28,2023-10-20,Minor issue observed.,Driver reminder,Closed
1036,1223,17,2023-10-23,Driver notified.,Safety coaching,Closed
1037,4168,20,2023-10-28,Unsafe behaviour identified.,Extra monitoring,Closed
1038,2725,17,2023-11-01,Requires monitoring.,Safety coaching,Closed
1039,3630,38,2023-10-31,Serious safety concern.,Driver assessment,Coaching Required
1040,4598,27,2023-10-31,Requires monitoring.,Safety coaching,Closed
1041,4104,17,2023-11-07,Requires monitoring.,Safety coaching,Warning Issued
1042,2793,17,2023-11-01,Requires monitoring.,Safety coaching,Closed
1043,1045,5,2023-11-05,Unsafe behaviour identified.,Safety coaching,Warning Issued
1044,4714,27,2023-11-10,Unsafe behaviour identified.,Extra monitoring,Warning Issued
1045,4600,13,2023-11-20,Driver reminded.,Continue monitoring,Closed
1046,1576,28,2023-11-17,Requires monitoring.,Safety coaching,Closed
1047,1874,5,2023-11-20,Driver notified.,Extra monitoring,Closed
1048,1882,28,2023-11-30,Driver notified.,Extra monitoring,Warning Issued
1049,156,38,2023-11-28,Driver notified.,Extra monitoring,Closed
1050,4560,17,2023-11-27,Requires monitoring.,Extra monitoring,Warning Issued
1051,2659,28,2023-12-03,Low risk behaviour.,Driver reminder,Closed
1052,2237,7,2023-12-03,Unsafe behaviour identified.,Extra monitoring,Warning Issued
1053,1140,28,2023-12-16,Driver notified.,Extra monitoring,Warning Issued
1054,1003,7,2023-12-13,Driver reminded.,Continue monitoring,Closed
1055,1044,17,2023-12-16,Requires monitoring.,Extra monitoring,Closed
1056,2524,20,2023-12-20,Low risk behaviour.,Driver reminder,Closed
1057,2646,20,2023-12-22,Requires monitoring.,Safety coaching,Warning Issued
1058,5350,28,2023-12-28,Requires monitoring.,Extra monitoring,Warning Issued
1059,1676,13,2023-12-29,Driver notified.,Safety coaching,Warning Issued
1060,2154,16,2024-01-02,Minor issue observed.,Continue monitoring,Closed
1061,2726,27,2024-01-03,Serious safety concern.,Driver assessment,Coaching Required
1062,956,38,2024-01-09,Supervisor notified.,Driver assessment,Under Review
1063,4558,5,2024-01-13,Unsafe behaviour identified.,Extra monitoring,Warning Issued
1064,3812,17,2024-01-12,Minor issue observed.,Driver reminder,Closed
1065,547,17,2024-01-16,Requires monitoring.,Extra monitoring,Closed
1066,4684,28,2024-01-18,Requires monitoring.,Safety coaching,Warning Issued
1067,225,28,2024-01-17,Requires monitoring.,Extra monitoring,Closed
1068,1878,38,2024-01-23,Requires monitoring.,Safety coaching,Closed
1069,2724,16,2024-01-24,Minor issue observed.,Driver reminder,Closed
1070,4634,5,2024-01-27,Unsafe behaviour identified.,Extra monitoring,Closed
1071,1560,7,2024-01-30,Requires monitoring.,Extra monitoring,Warning Issued
1072,4099,5,2024-02-08,Unsafe behaviour identified.,Extra monitoring,Closed
1073,2649,20,2024-02-09,Supervisor notified.,Formal coaching,Under Review
1074,1673,28,2024-02-14,Driver notified.,Safety coaching,Warning Issued
1075,4098,28,2024-02-15,Driver notified.,Extra monitoring,Closed
1076,5325,20,2024-02-14,Requires monitoring.,Safety coaching,Closed
1077,840,5,2024-02-21,Supervisor notified.,Driver assessment,Coaching Required
1078,5468,5,2024-02-24,Requires monitoring.,Extra monitoring,Warning Issued
1079,4636,38,2024-02-26,Unsafe behaviour identified.,Safety coaching,Closed
1080,2648,40,2024-03-03,Immediate action required.,Driver assessment,Coaching Required
1081,2162,40,2024-03-02,Driver notified.,Safety coaching,Closed
1082,1280,40,2024-03-09,Minor issue observed.,Driver reminder,Closed
1083,3461,27,2024-03-14,Unsafe behaviour identified.,Extra monitoring,Closed
1084,2474,7,2024-03-12,Unsafe behaviour identified.,Extra monitoring,Closed
1085,4597,16,2024-03-17,Immediate action required.,Formal coaching,Coaching Required
1086,1697,17,2024-03-20,Driver notified.,Safety coaching,Closed
1087,2185,28,2024-03-19,Unsafe behaviour identified.,Extra monitoring,Warning Issued
1088,5181,27,2024-03-24,Immediate action required.,Driver assessment,Under Review
1089,2747,28,2024-03-21,Driver notified.,Extra monitoring,Warning Issued
1090,4709,28,2024-03-25,Driver notified.,Safety coaching,Closed
1091,3638,20,2024-03-26,Driver reminded.,Driver reminder,Closed
1092,2052,20,2024-03-25,Requires monitoring.,Safety coaching,Closed
1093,116,17,2024-03-29,Immediate action required.,Formal coaching,Coaching Required
1094,2053,16,2024-04-07,Unsafe behaviour identified.,Safety coaching,Warning Issued
1095,962,16,2024-04-10,Driver notified.,Extra monitoring,Closed
1096,120,16,2024-04-11,Driver reminded.,Continue monitoring,Closed
1097,2044,13,2024-04-16,Driver notified.,Safety coaching,Closed
1098,1455,17,2024-04-22,Unsafe behaviour identified.,Extra monitoring,Closed
1099,5113,40,2024-04-21,Unsafe behaviour identified.,Extra monitoring,Closed
1100,60,38,2024-04-19,Unsafe behaviour identified.,Safety coaching,Closed
1101,2870,28,2024-04-19,Unsafe behaviour identified.,Safety coaching,Warning Issued
1102,3420,16,2024-04-25,Minor issue observed.,Continue monitoring,Closed
1103,1450,5,2024-04-19,Serious safety concern.,Formal coaching,Under Review
1104,421,7,2024-04-23,Unsafe behaviour identified.,Safety coaching,Closed
1105,4432,38,2024-04-23,Immediate action required.,Formal coaching,Coaching Required
1106,4559,17,2024-04-28,Driver notified.,Extra monitoring,Closed
1107,3735,20,2024-04-30,Driver notified.,Extra monitoring,Closed
1108,1798,28,2024-05-01,Requires monitoring.,Extra monitoring,Warning Issued
1109,1895,7,2024-05-01,Requires monitoring.,Safety coaching,Warning Issued
1110,1557,7,2024-05-07,Unsafe behaviour identified.,Extra monitoring,Warning Issued
1111,3086,16,2024-05-08,Minor issue observed.,Driver reminder,Closed
1112,2399,13,2024-05-06,Requires monitoring.,Extra monitoring,Closed
1113,2412,17,2024-05-09,Driver notified.,Extra monitoring,Closed
1114,1818,13,2024-05-08,Requires monitoring.,Safety coaching,Closed
1115,4261,7,2024-05-08,Unsafe behaviour identified.,Safety coaching,Warning Issued
1116,4761,20,2024-05-11,Requires monitoring.,Safety coaching,Warning Issued
1117,2355,7,2024-05-12,Immediate action required.,Driver assessment,Under Review
1118,2416,20,2024-05-14,Immediate action required.,Formal coaching,Under Review
1119,3166,27,2024-05-11,Minor issue observed.,Continue monitoring,Closed
1120,3520,28,2024-05-10,Unsafe behaviour identified.,Safety coaching,Closed
1121,4557,7,2024-05-13,Requires monitoring.,Extra monitoring,Warning Issued
1122,2394,40,2024-05-18,Unsafe behaviour identified.,Extra monitoring,Warning Issued
1123,1001,5,2024-05-16,Driver notified.,Safety coaching,Closed
1124,3634,16,2024-05-18,Minor issue observed.,Driver reminder,Closed
1125,3800,27,2024-05-20,Requires monitoring.,Safety coaching,Closed
1126,419,16,2024-05-24,Requires monitoring.,Safety coaching,Closed
1127,2775,7,2024-05-23,Supervisor notified.,Driver assessment,Coaching Required
1128,4685,38,2024-05-28,Unsafe behaviour identified.,Extra monitoring,Warning Issued
1129,5114,38,2024-05-28,Requires monitoring.,Safety coaching,Closed
1130,3087,38,2024-06-01,Driver notified.,Extra monitoring,Closed
1131,253,40,2024-05-27,Driver notified.,Safety coaching,Warning Issued
1132,5095,17,2024-05-27,Requires monitoring.,Safety coaching,Closed
1133,177,7,2024-05-29,Serious safety concern.,Formal coaching,Coaching Required
1134,4711,16,2024-05-31,Requires monitoring.,Safety coaching,Closed
1135,2396,13,2024-06-02,Requires monitoring.,Extra monitoring,Closed
1136,935,40,2024-06-05,Requires monitoring.,Extra monitoring,Warning Issued
1137,1680,16,2024-06-09,Unsafe behaviour identified.,Extra monitoring,Closed
1138,959,5,2024-06-09,Driver reminded.,Continue monitoring,Closed
1139,420,17,2024-06-16,Driver notified.,Safety coaching,Closed
1140,5262,38,2024-06-12,Driver notified.,Extra monitoring,Closed
1141,4683,5,2024-06-17,Serious safety concern.,Driver assessment,Coaching Required
1142,5094,7,2024-06-15,Driver notified.,Extra monitoring,Warning Issued
1143,2526,17,2024-06-17,Unsafe behaviour identified.,Extra monitoring,Warning Issued
1144,4422,38,2024-06-22,Supervisor notified.,Formal coaching,Under Review
1145,4207,38,2024-06-21,Serious safety concern.,Formal coaching,Coaching Required
1146,2264,38,2024-06-22,Driver notified.,Extra monitoring,Closed
1147,5234,17,2024-06-23,Driver notified.,Safety coaching,Closed
1148,1490,28,2024-06-23,Driver reminded.,Continue monitoring,Closed
1149,1130,38,2024-06-28,Unsafe behaviour identified.,Safety coaching,Closed
1150,2383,27,2024-06-28,Driver reminded.,Driver reminder,Closed
1151,119,28,2024-06-29,Requires monitoring.,Extra monitoring,Closed
1152,1736,5,2024-07-04,Unsafe behaviour identified.,Extra monitoring,Warning Issued
1153,3995,40,2024-07-02,Immediate action required.,Formal coaching,Coaching Required
1154,3518,7,2024-07-04,Minor issue observed.,Driver reminder,Closed
1155,5083,38,2024-07-07,Driver notified.,Safety coaching,Warning Issued
1156,5085,16,2024-07-08,Driver notified.,Extra monitoring,Closed
1157,2262,17,2024-07-11,Requires monitoring.,Safety coaching,Closed
1158,5082,13,2024-07-12,Requires monitoring.,Safety coaching,Closed
1159,4646,16,2024-07-15,Driver notified.,Extra monitoring,Warning Issued
1160,4707,7,2024-07-24,Minor issue observed.,Driver reminder,Closed
1161,5163,16,2024-07-20,Requires monitoring.,Safety coaching,Closed
1162,2777,40,2024-07-22,Immediate action required.,Formal coaching,Under Review
1163,4254,28,2024-07-24,Immediate action required.,Formal coaching,Under Review
1164,1452,13,2024-07-26,Driver notified.,Extra monitoring,Warning Issued
1165,2567,5,2024-07-25,Unsafe behaviour identified.,Safety coaching,Closed
1166,5161,20,2024-08-03,Unsafe behaviour identified.,Safety coaching,Warning Issued
1167,2848,5,2024-08-12,Minor issue observed.,Continue monitoring,Closed
1168,924,40,2024-08-17,Requires monitoring.,Extra monitoring,Warning Issued
1169,2265,7,2024-08-17,Serious safety concern.,Driver assessment,Under Review
1170,3059,38,2024-08-19,Unsafe behaviour identified.,Safety coaching,Warning Issued
1171,4262,7,2024-08-21,Unsafe behaviour identified.,Extra monitoring,Closed
1172,4679,20,2024-08-23,Serious safety concern.,Formal coaching,Coaching Required
1173,4993,16,2024-08-31,Driver reminded.,Driver reminder,Closed
1174,4102,27,2024-08-31,Low risk behaviour.,Driver reminder,Closed
1175,4069,28,2024-08-30,Requires monitoring.,Safety coaching,Warning Issued
1176,4109,27,2024-08-31,Unsafe behaviour identified.,Safety coaching,Closed
1177,251,17,2024-08-31,Serious safety concern.,Driver assessment,Under Review
1178,5112,16,2024-09-07,Immediate action required.,Formal coaching,Coaching Required
1179,1162,16,2024-09-10,Driver notified.,Extra monitoring,Closed
1180,4773,7,2024-09-14,Unsafe behaviour identified.,Extra monitoring,Warning Issued
1181,488,38,2024-09-13,Driver notified.,Safety coaching,Warning Issued
1182,2741,27,2024-09-17,Unsafe behaviour identified.,Safety coaching,Warning Issued
1183,1372,5,2024-09-21,Requires monitoring.,Extra monitoring,Warning Issued
1184,5469,40,2024-09-21,Minor issue observed.,Driver reminder,Closed
1185,5001,38,2024-09-20,Serious safety concern.,Formal coaching,Coaching Required
1186,17,40,2024-09-19,Driver notified.,Safety coaching,Closed
1187,2047,7,2024-09-16,Requires monitoring.,Safety coaching,Closed
1188,1735,16,2024-09-23,Unsafe behaviour identified.,Safety coaching,Closed
1189,921,5,2024-09-25,Unsafe behaviour identified.,Safety coaching,Warning Issued
1190,3164,13,2024-09-24,Driver notified.,Extra monitoring,Warning Issued
1191,5237,28,2024-09-25,Requires monitoring.,Safety coaching,Closed
1192,2740,16,2024-09-24,Requires monitoring.,Safety coaching,Closed
1193,4770,27,2024-09-27,Requires monitoring.,Extra monitoring,Warning Issued
1194,2849,17,2024-10-02,Immediate action required.,Formal coaching,Coaching Required
1195,1491,28,2024-10-02,Driver reminded.,Driver reminder,Closed
1196,1897,38,2024-09-29,Unsafe behaviour identified.,Safety coaching,Closed
1197,3163,40,2024-09-29,Driver reminded.,Continue monitoring,Closed
1198,125,7,2024-10-13,Unsafe behaviour identified.,Safety coaching,Warning Issued
1199,1745,7,2024-10-08,Immediate action required.,Driver assessment,Coaching Required
1200,2738,13,2024-10-16,Immediate action required.,Driver assessment,Coaching Required
1201,3167,7,2024-10-19,Unsafe behaviour identified.,Extra monitoring,Closed
1202,4110,17,2024-10-18,Driver notified.,Safety coaching,Warning Issued
1203,126,16,2024-10-17,Supervisor notified.,Formal coaching,Under Review
1204,479,27,2024-10-19,Supervisor notified.,Formal coaching,Coaching Required
1205,1894,5,2024-10-23,Unsafe behaviour identified.,Extra monitoring,Closed
1206,1820,20,2024-10-27,Unsafe behaviour identified.,Safety coaching,Closed
1207,1744,40,2024-10-28,Unsafe behaviour identified.,Safety coaching,Closed
1208,20,38,2024-10-29,Driver notified.,Extra monitoring,Closed
1209,1782,7,2024-10-30,Low risk behaviour.,Continue monitoring,Closed
1210,4251,38,2024-11-09,Supervisor notified.,Driver assessment,Under Review
1211,4982,16,2024-11-04,Requires monitoring.,Safety coaching,Closed
1212,5399,5,2024-11-06,Driver notified.,Extra monitoring,Warning Issued
1213,3907,5,2024-11-21,Minor issue observed.,Driver reminder,Closed
1214,1383,5,2024-11-21,Minor issue observed.,Driver reminder,Closed
1215,1743,7,2024-11-18,Serious safety concern.,Driver assessment,Coaching Required
1216,3084,27,2024-11-24,Requires monitoring.,Extra monitoring,Closed
1217,4450,5,2024-11-25,Driver notified.,Extra monitoring,Warning Issued
1218,402,16,2024-11-26,Requires monitoring.,Safety coaching,Closed
1219,1741,17,2024-11-30,Supervisor notified.,Driver assessment,Coaching Required
1220,1742,17,2024-12-05,Driver notified.,Safety coaching,Warning Issued
1221,5051,28,2024-12-13,Requires monitoring.,Safety coaching,Closed
1222,1596,17,2024-12-17,Minor issue observed.,Continue monitoring,Closed
1223,19,27,2024-12-22,Supervisor notified.,Driver assessment,Coaching Required
1224,3428,27,2024-12-31,Minor issue observed.,Continue monitoring,Closed
1225,4070,20,2024-12-27,Unsafe behaviour identified.,Extra monitoring,Warning Issued
1226,5498,13,2025-01-04,Minor issue observed.,Continue monitoring,Closed
1227,5359,38,2025-01-08,Driver notified.,Safety coaching,Closed
1228,1819,17,2025-01-06,Driver notified.,Extra monitoring,Warning Issued
1229,3714,17,2025-01-13,Immediate action required.,Formal coaching,Coaching Required
1230,4862,13,2025-01-20,Unsafe behaviour identified.,Extra monitoring,Warning Issued
1231,204,13,2025-01-21,Unsafe behaviour identified.,Safety coaching,Warning Issued
1232,214,40,2025-01-23,Requires monitoring.,Extra monitoring,Closed
1233,4264,28,2025-01-19,Unsafe behaviour identified.,Safety coaching,Warning Issued
1234,731,38,2025-01-29,Low risk behaviour.,Continue monitoring,Closed
1235,3138,40,2025-02-03,Driver notified.,Safety coaching,Warning Issued
1236,4071,5,2025-02-11,Unsafe behaviour identified.,Extra monitoring,Warning Issued
1237,3427,40,2025-02-15,Driver reminded.,Continue monitoring,Closed
1238,1119,16,2025-02-15,Driver reminded.,Driver reminder,Closed
1239,5168,5,2025-02-14,Unsafe behaviour identified.,Safety coaching,Closed
1240,5184,17,2025-02-19,Requires monitoring.,Safety coaching,Closed
1241,4192,27,2025-02-17,Unsafe behaviour identified.,Extra monitoring,Closed
1242,2499,38,2025-02-27,Minor issue observed.,Driver reminder,Closed
1243,1120,20,2025-02-27,Unsafe behaviour identified.,Extra monitoring,Warning Issued
1244,248,28,2025-02-25,Driver notified.,Safety coaching,Closed
1245,5003,27,2025-03-03,Unsafe behaviour identified.,Extra monitoring,Warning Issued
1246,730,28,2025-02-26,Supervisor notified.,Driver assessment,Under Review
1247,2966,38,2025-02-28,Driver notified.,Extra monitoring,Warning Issued
1248,2969,17,2025-03-08,Requires monitoring.,Safety coaching,Closed
1249,127,40,2025-03-09,Low risk behaviour.,Driver reminder,Closed
1250,3922,38,2025-03-08,Driver notified.,Extra monitoring,Warning Issued
1251,876,38,2025-03-11,Driver reminded.,Continue monitoring,Closed
1252,4115,17,2025-03-17,Driver notified.,Extra monitoring,Warning Issued
1253,3139,27,2025-03-21,Requires monitoring.,Safety coaching,Closed
1254,734,40,2025-03-22,Supervisor notified.,Driver assessment,Under Review
1255,2134,40,2025-03-26,Unsafe behaviour identified.,Extra monitoring,Closed
1256,5099,20,2025-03-27,Serious safety concern.,Formal coaching,Under Review
1257,4325,27,2025-03-28,Serious safety concern.,Driver assessment,Under Review
1258,375,20,2025-03-29,Unsafe behaviour identified.,Extra monitoring,Warning Issued
1259,1391,17,2025-04-01,Unsafe behaviour identified.,Safety coaching,Closed
1260,4607,27,2025-04-02,Driver notified.,Extra monitoring,Warning Issued
1261,4984,38,2025-04-11,Unsafe behaviour identified.,Extra monitoring,Closed
1262,3460,28,2025-04-14,Unsafe behaviour identified.,Safety coaching,Closed
1263,3996,5,2025-04-15,Serious safety concern.,Driver assessment,Coaching Required
1264,3803,13,2025-04-21,Unsafe behaviour identified.,Safety coaching,Closed
1265,2172,20,2025-04-25,Requires monitoring.,Extra monitoring,Closed
1266,4319,40,2025-04-25,Driver notified.,Safety coaching,Warning Issued
1267,3808,27,2025-04-28,Requires monitoring.,Extra monitoring,Closed
1268,5018,27,2025-05-07,Unsafe behaviour identified.,Safety coaching,Closed
1269,4997,13,2025-05-09,Low risk behaviour.,Continue monitoring,Closed
1270,4762,28,2025-05-19,Driver reminded.,Continue monitoring,Closed
1271,897,38,2025-05-24,Driver notified.,Safety coaching,Warning Issued
1272,5463,5,2025-05-26,Requires monitoring.,Extra monitoring,Closed
1273,491,38,2025-06-05,Unsafe behaviour identified.,Safety coaching,Closed
1274,1393,17,2025-06-04,Unsafe behaviour identified.,Safety coaching,Closed
1275,638,27,2025-06-14,Low risk behaviour.,Driver reminder,Closed
1276,893,27,2025-06-14,Driver notified.,Extra monitoring,Closed
1277,2133,20,2025-06-20,Unsafe behaviour identified.,Extra monitoring,Warning Issued
1278,4321,5,2025-06-18,Driver notified.,Extra monitoring,Warning Issued
1279,2135,20,2025-07-02,Driver notified.,Extra monitoring,Warning Issued
1280,4586,13,2025-06-30,Driver reminded.,Driver reminder,Closed
1281,4324,7,2025-07-02,Requires monitoring.,Extra monitoring,Warning Issued
1282,1812,5,2025-07-03,Driver notified.,Safety coaching,Closed
1283,3060,17,2025-07-05,Unsafe behaviour identified.,Extra monitoring,Closed
1284,1117,20,2025-07-12,Driver notified.,Extra monitoring,Closed
1285,2497,38,2025-07-16,Requires monitoring.,Extra monitoring,Warning Issued
1286,2899,13,2025-07-15,Unsafe behaviour identified.,Extra monitoring,Warning Issued
1287,5364,20,2025-07-15,Unsafe behaviour identified.,Safety coaching,Closed
1288,396,28,2025-07-19,Requires monitoring.,Safety coaching,Closed
1289,5339,28,2025-07-17,Immediate action required.,Driver assessment,Coaching Required
1290,3072,28,2025-07-17,Driver notified.,Extra monitoring,Closed
1291,2205,17,2025-07-20,Low risk behaviour.,Continue monitoring,Closed
1292,1319,13,2025-07-22,Requires monitoring.,Extra monitoring,Warning Issued
1293,882,16,2025-07-23,Minor issue observed.,Driver reminder,Closed
1294,3924,13,2025-07-28,Driver notified.,Safety coaching,Closed
1295,3140,17,2025-07-29,Immediate action required.,Formal coaching,Coaching Required
1296,4363,16,2025-08-07,Requires monitoring.,Safety coaching,Warning Issued
1297,3665,13,2025-08-11,Serious safety concern.,Formal coaching,Coaching Required
1298,4323,16,2025-08-08,Supervisor notified.,Driver assessment,Coaching Required
1299,4591,17,2025-08-11,Unsafe behaviour identified.,Extra monitoring,Closed
1300,4928,28,2025-08-20,Requires monitoring.,Safety coaching,Closed
1301,885,13,2025-08-22,Requires monitoring.,Safety coaching,Closed
1302,4355,27,2025-08-26,Low risk behaviour.,Continue monitoring,Closed
1303,2971,28,2025-08-30,Immediate action required.,Driver assessment,Under Review
1304,4467,38,2025-08-31,Low risk behaviour.,Driver reminder,Closed
1305,3794,38,2025-08-30,Requires monitoring.,Safety coaching,Warning Issued
1306,2428,27,2025-09-06,Low risk behaviour.,Driver reminder,Closed
1307,29,17,2025-09-06,Driver notified.,Safety coaching,Warning Issued
1308,477,5,2025-09-12,Driver notified.,Safety coaching,Warning Issued
1309,497,16,2025-09-13,Immediate action required.,Formal coaching,Coaching Required
1310,3903,17,2025-09-10,Driver reminded.,Continue monitoring,Closed
1311,2549,5,2025-09-18,Driver notified.,Extra monitoring,Warning Issued
1312,5464,13,2025-09-14,Supervisor notified.,Formal coaching,Under Review
1313,981,28,2025-09-15,Driver notified.,Extra monitoring,Warning Issued
1314,4364,5,2025-09-21,Driver notified.,Safety coaching,Warning Issued
1315,4890,28,2025-09-28,Minor issue observed.,Continue monitoring,Closed
1316,4380,40,2025-09-28,Requires monitoring.,Safety coaching,Closed
1317,404,20,2025-09-28,Immediate action required.,Formal coaching,Coaching Required
1318,969,17,2025-09-25,Supervisor notified.,Driver assessment,Under Review
1319,4894,40,2025-09-29,Requires monitoring.,Safety coaching,Warning Issued
1320,2820,20,2025-09-29,Requires monitoring.,Safety coaching,Warning Issued
1321,976,7,2025-10-01,Driver notified.,Extra monitoring,Warning Issued
1322,2088,16,2025-10-06,Low risk behaviour.,Driver reminder,Closed
1323,4491,13,2025-10-07,Requires monitoring.,Extra monitoring,Closed
1324,30,5,2025-10-07,Low risk behaviour.,Continue monitoring,Closed
1325,3691,27,2025-10-10,Immediate action required.,Driver assessment,Under Review
1326,5195,16,2025-10-12,Driver notified.,Extra monitoring,Warning Issued
1327,4367,7,2025-10-14,Driver notified.,Extra monitoring,Warning Issued
1328,3051,20,2025-10-16,Low risk behaviour.,Continue monitoring,Closed
1329,496,5,2025-10-23,Driver notified.,Safety coaching,Warning Issued
1330,1982,17,2025-10-22,Immediate action required.,Driver assessment,Coaching Required
1331,2176,13,2025-10-24,Requires monitoring.,Safety coaching,Warning Issued
1332,2078,27,2025-10-29,Low risk behaviour.,Driver reminder,Closed
1333,2426,40,2025-10-25,Unsafe behaviour identified.,Safety coaching,Closed
1334,966,7,2025-10-31,Driver notified.,Safety coaching,Warning Issued
1335,3062,28,2025-11-07,Requires monitoring.,Safety coaching,Warning Issued
1336,297,16,2025-11-18,Unsafe behaviour identified.,Extra monitoring,Closed
1337,4857,27,2025-11-23,Immediate action required.,Formal coaching,Coaching Required
1338,3188,5,2025-11-25,Supervisor notified.,Driver assessment,Under Review
1339,1579,7,2025-11-27,Driver notified.,Safety coaching,Warning Issued
1340,4337,13,2025-11-27,Driver notified.,Extra monitoring,Closed
1341,3190,16,2025-11-29,Serious safety concern.,Formal coaching,Coaching Required
1342,4388,17,2025-11-30,Low risk behaviour.,Driver reminder,Closed
1343,4864,5,2025-11-30,Driver notified.,Extra monitoring,Closed
1344,4867,16,2025-12-03,Requires monitoring.,Extra monitoring,Closed
1345,4394,13,2025-12-03,Minor issue observed.,Driver reminder,Closed
1346,2759,16,2025-12-05,Requires monitoring.,Safety coaching,Closed
1347,385,13,2025-12-09,Low risk behaviour.,Continue monitoring,Closed
1348,2668,5,2025-12-12,Low risk behaviour.,Continue monitoring,Closed
1349,610,27,2025-12-12,Minor issue observed.,Continue monitoring,Closed
1350,4860,20,2025-12-12,Requires monitoring.,Extra monitoring,Warning Issued
1351,5103,17,2025-12-17,Requires monitoring.,Safety coaching,Closed
1352,4852,7,2025-12-19,Driver reminded.,Driver reminder,Closed
1353,624,17,2025-12-22,Requires monitoring.,Extra monitoring,Warning Issued
1354,649,20,2025-12-25,Low risk behaviour.,Continue monitoring,Closed
1355,32,7,2025-12-28,Immediate action required.,Formal coaching,Coaching Required
1356,4075,20,2025-12-28,Requires monitoring.,Safety coaching,Closed
1357,4899,28,2025-12-26,Immediate action required.,Driver assessment,Under Review
1358,1,40,2026-01-01,Low risk behaviour.,Continue monitoring,Closed
1359,2911,28,2025-12-28,Unsafe behaviour identified.,Extra monitoring,Warning Issued
1360,2178,27,2025-12-30,Serious safety concern.,Driver assessment,Under Review
1361,449,13,2026-01-04,Driver notified.,Safety coaching,Closed
1362,1118,13,2026-01-04,Driver reminded.,Continue monitoring,Closed
1363,974,16,2026-01-09,Driver notified.,Extra monitoring,Warning Issued
1364,3187,7,2026-01-10,Unsafe behaviour identified.,Extra monitoring,Warning Issued
1365,678,5,2026-01-12,Unsafe behaviour identified.,Extra monitoring,Warning Issued
1366,4897,28,2026-01-14,Driver reminded.,Continue monitoring,Closed
1367,5272,40,2026-01-15,Supervisor notified.,Formal coaching,Under Review
1368,4077,5,2026-01-12,Low risk behaviour.,Driver reminder,Closed
1369,303,28,2026-01-11,Unsafe behaviour identified.,Extra monitoring,Closed
1370,3695,13,2026-01-14,Driver notified.,Extra monitoring,Closed
1371,3871,20,2026-01-16,Unsafe behaviour identified.,Safety coaching,Closed
1372,1301,13,2026-01-17,Requires monitoring.,Extra monitoring,Closed
1373,4983,7,2026-01-18,Immediate action required.,Driver assessment,Under Review
1374,1307,17,2026-01-16,Unsafe behaviour identified.,Safety coaching,Closed
1375,2211,16,2026-01-20,Unsafe behaviour identified.,Extra monitoring,Closed
1376,2212,5,2026-01-19,Serious safety concern.,Driver assessment,Under Review
1377,4384,7,2026-01-23,Unsafe behaviour identified.,Extra monitoring,Warning Issued
1378,1338,40,2026-01-26,Requires monitoring.,Extra monitoring,Closed
1379,1300,20,2026-01-24,Driver notified.,Extra monitoring,Warning Issued
1380,1640,16,2026-01-26,Driver notified.,Extra monitoring,Warning Issued
1381,2910,5,2026-01-28,Serious safety concern.,Driver assessment,Coaching Required
1382,2093,28,2026-01-31,Unsafe behaviour identified.,Safety coaching,Warning Issued
1383,4590,7,2026-01-28,Requires monitoring.,Safety coaching,Closed
1384,3693,17,2026-01-29,Requires monitoring.,Safety coaching,Warning Issued
1385,2014,7,2026-02-03,Driver notified.,Extra monitoring,Closed
1386,4175,38,2026-02-07,Serious safety concern.,Driver assessment,Under Review
1387,645,13,2026-02-03,Driver notified.,Safety coaching,Closed
1388,1302,28,2026-02-07,Unsafe behaviour identified.,Extra monitoring,Warning Issued
1389,1059,17,2026-02-07,Serious safety concern.,Driver assessment,Under Review
1390,5337,40,2026-02-09,Driver notified.,Safety coaching,Closed
1391,606,27,2026-02-10,Unsafe behaviour identified.,Extra monitoring,Warning Issued
1392,128,7,2026-02-13,Unsafe behaviour identified.,Safety coaching,Closed
1393,676,7,2026-02-16,Supervisor notified.,Driver assessment,Coaching Required
1394,5439,40,2026-02-12,Low risk behaviour.,Driver reminder,Closed
1395,4510,16,2026-02-12,Requires monitoring.,Safety coaching,Warning Issued
1396,4812,17,2026-02-17,Immediate action required.,Driver assessment,Under Review
1397,3264,17,2026-02-14,Requires monitoring.,Safety coaching,Closed
1398,27,38,2026-02-18,Requires monitoring.,Safety coaching,Closed
1399,1286,20,2026-02-21,Driver notified.,Safety coaching,Warning Issued
1400,5486,20,2026-02-18,Unsafe behaviour identified.,Extra monitoring,Closed
1401,33,17,2026-02-22,Driver notified.,Extra monitoring,Closed
1402,3440,20,2026-02-22,Supervisor notified.,Driver assessment,Under Review
1403,170,40,2026-02-28,Serious safety concern.,Driver assessment,Under Review
1404,4306,7,2026-03-01,Supervisor notified.,Driver assessment,Coaching Required
1405,2889,20,2026-02-27,Driver notified.,Extra monitoring,Warning Issued
1406,3820,40,2026-02-28,Unsafe behaviour identified.,Safety coaching,Warning Issued
1407,2760,38,2026-03-08,Unsafe behaviour identified.,Extra monitoring,Warning Issued
1408,3548,28,2026-03-11,Driver notified.,Extra monitoring,Warning Issued
1409,3416,13,2026-03-08,Requires monitoring.,Extra monitoring,Closed
1410,672,13,2026-03-10,Requires monitoring.,Safety coaching,Warning Issued
1411,3262,13,2026-03-14,Unsafe behaviour identified.,Extra monitoring,Warning Issued
1412,1175,28,2026-03-17,Low risk behaviour.,Driver reminder,Closed
1413,5485,38,2026-03-19,Requires monitoring.,Extra monitoring,Closed
1414,274,27,2026-03-13,Unsafe behaviour identified.,Safety coaching,Warning Issued
1415,3925,40,2026-03-19,Unsafe behaviour identified.,Safety coaching,Closed
1416,3292,7,2026-03-21,Unsafe behaviour identified.,Extra monitoring,Closed
1417,3819,16,2026-03-20,Immediate action required.,Driver assessment,Coaching Required
1418,5198,38,2026-03-21,Low risk behaviour.,Continue monitoring,Closed
1419,500,7,2026-03-20,Supervisor notified.,Formal coaching,Under Review
1420,1250,7,2026-03-20,Low risk behaviour.,Driver reminder,Closed
1421,1334,20,2026-03-22,Driver notified.,Safety coaching,Closed
1422,679,17,2026-03-23,Requires monitoring.,Safety coaching,Warning Issued
1423,4870,27,2026-03-27,Unsafe behaviour identified.,Safety coaching,Warning Issued
1424,1266,7,2026-03-26,Unsafe behaviour identified.,Extra monitoring,Closed
1425,1801,17,2026-03-30,Immediate action required.,Driver assessment,Coaching Required
1426,5169,5,2026-04-01,Supervisor notified.,Driver assessment,Coaching Required
1427,1339,13,2026-03-31,Driver notified.,Extra monitoring,Warning Issued
1428,382,28,2026-03-29,Immediate action required.,Driver assessment,Coaching Required
1429,2210,40,2026-03-31,Driver notified.,Extra monitoring,Closed
1430,1924,20,2026-04-07,Requires monitoring.,Safety coaching,Warning Issued
1431,346,27,2026-04-02,Minor issue observed.,Driver reminder,Closed
1432,298,16,2026-04-10,Serious safety concern.,Formal coaching,Coaching Required
1433,5273,27,2026-04-08,Requires monitoring.,Extra monitoring,Warning Issued
1434,4548,28,2026-04-11,Serious safety concern.,Driver assessment,Coaching Required
1435,445,28,2026-04-11,Low risk behaviour.,Driver reminder,Closed
1436,5407,27,2026-04-12,Low risk behaviour.,Driver reminder,Closed
1437,2489,40,2026-04-17,Driver notified.,Safety coaching,Warning Issued
1438,5416,16,2026-04-17,Requires monitoring.,Safety coaching,Warning Issued
1439,1290,20,2026-04-14,Unsafe behaviour identified.,Extra monitoring,Closed
1440,609,27,2026-04-18,Driver reminded.,Continue monitoring,Closed
1441,4808,40,2026-04-18,Requires monitoring.,Extra monitoring,Closed
1442,1930,13,2026-04-19,Unsafe behaviour identified.,Safety coaching,Warning Issued
1443,1546,5,2026-04-22,Requires monitoring.,Extra monitoring,Warning Issued
1444,1711,16,2026-04-16,Driver notified.,Extra monitoring,Warning Issued
1445,3921,5,2026-04-18,Requires monitoring.,Extra monitoring,Warning Issued
1446,351,17,2026-04-23,Driver notified.,Safety coaching,Warning Issued
1447,4429,28,2026-04-19,Unsafe behaviour identified.,Extra monitoring,Warning Issued
1448,183,20,2026-04-23,Requires monitoring.,Safety coaching,Closed
1449,4385,28,2026-04-26,Driver notified.,Safety coaching,Closed
1450,4625,17,2026-04-26,Unsafe behaviour identified.,Safety coaching,Warning Issued
1451,669,13,2026-04-22,Driver notified.,Safety coaching,Warning Issued
1452,1146,40,2026-04-26,Requires monitoring.,Safety coaching,Warning Issued
1453,2488,13,2026-04-25,Minor issue observed.,Driver reminder,Closed
1454,442,13,2026-04-30,Immediate action required.,Driver assessment,Coaching Required
1455,908,17,2026-04-26,Unsafe behaviour identified.,Extra monitoring,Warning Issued
1456,2200,20,2026-05-02,Driver reminded.,Continue monitoring,Closed
1457,907,16,2026-05-02,Minor issue observed.,Continue monitoring,Closed
1458,5334,28,2026-04-30,Low risk behaviour.,Driver reminder,Closed
1459,1211,13,2026-05-03,Driver notified.,Safety coaching,Closed
1460,1122,7,2026-05-03,Serious safety concern.,Formal coaching,Coaching Required
1461,5105,13,2026-05-07,Requires monitoring.,Safety coaching,Warning Issued
1462,4896,5,2026-05-04,Unsafe behaviour identified.,Extra monitoring,Closed
1463,4455,7,2026-05-05,Serious safety concern.,Formal coaching,Under Review
1464,2730,7,2026-05-09,Driver notified.,Extra monitoring,Closed
1465,4871,7,2026-05-08,Unsafe behaviour identified.,Extra monitoring,Warning Issued
1466,4508,5,2026-05-09,Unsafe behaviour identified.,Safety coaching,Warning Issued
1467,2818,28,2026-05-09,Unsafe behaviour identified.,Extra monitoring,Warning Issued
1468,1708,17,2026-05-15,Unsafe behaviour identified.,Extra monitoring,Closed
1469,4873,7,2026-05-12,Unsafe behaviour identified.,Safety coaching,Closed
1470,1485,38,2026-05-18,Immediate action required.,Formal coaching,Under Review
1471,2179,5,2026-05-15,Unsafe behaviour identified.,Extra monitoring,Closed
1472,716,5,2026-05-16,Supervisor notified.,Formal coaching,Under Review
1473,1152,13,2026-05-19,Serious safety concern.,Driver assessment,Coaching Required
1474,2461,40,2026-05-20,Driver notified.,Extra monitoring,Closed
1475,4428,13,2026-05-19,Requires monitoring.,Safety coaching,Warning Issued
1476,3692,27,2026-05-20,Requires monitoring.,Extra monitoring,Closed
1477,626,17,2026-05-20,Requires monitoring.,Safety coaching,Warning Issued
1478,1144,38,2026-05-25,Driver notified.,Extra monitoring,Closed
1479,386,40,2026-05-22,Requires monitoring.,Safety coaching,Closed
1480,4784,28,2026-05-23,Requires monitoring.,Extra monitoring,Warning Issued
1481,4509,5,2026-05-24,Serious safety concern.,Formal coaching,Under Review
1482,2241,16,2026-05-23,Immediate action required.,Formal coaching,Coaching Required
1483,3942,40,2026-05-29,Driver notified.,Safety coaching,Closed
1484,3263,17,2026-06-01,Serious safety concern.,Driver assessment,Under Review
1485,1869,16,2026-05-28,Requires monitoring.,Extra monitoring,Warning Issued
1486,2926,28,2026-05-27,Unsafe behaviour identified.,Safety coaching,Closed
1487,715,27,2026-05-30,Driver reminded.,Continue monitoring,Closed
1488,3129,38,2026-06-04,Requires monitoring.,Safety coaching,Warning Issued
1489,4589,7,2026-06-02,Driver notified.,Extra monitoring,Closed
1490,1867,27,2026-05-31,Unsafe behaviour identified.,Safety coaching,Warning Issued
1491,2625,40,2026-06-02,Unsafe behaviour identified.,Safety coaching,Closed
1492,498,13,2026-06-05,Low risk behaviour.,Continue monitoring,Closed
1493,67,16,2026-06-05,Serious safety concern.,Driver assessment,Under Review
1494,271,20,2026-06-05,Supervisor notified.,Driver assessment,Coaching Required
1495,4382,17,2026-06-10,Minor issue observed.,Driver reminder,Closed
1496,3941,17,2026-06-11,Immediate action required.,Formal coaching,Under Review
1497,3598,20,2026-06-08,Driver reminded.,Driver reminder,Closed
1498,820,7,2026-06-09,Driver notified.,Extra monitoring,Closed
1499,1803,5,2026-06-09,Minor issue observed.,Continue monitoring,Closed
1500,3356,28,2026-06-13,Driver notified.,Safety coaching,Closed
1501,1263,20,2026-06-12,Unsafe behaviour identified.,Safety coaching,Warning Issued
1502,1063,5,2026-06-12,Minor issue observed.,Driver reminder,Closed
1503,3310,20,2026-06-17,Serious safety concern.,Formal coaching,Under Review
1504,848,17,2026-06-15,Unsafe behaviour identified.,Safety coaching,Warning Issued
1505,4505,5,2026-06-16,Driver notified.,Safety coaching,Warning Issued
1506,5305,40,2026-06-20,Driver notified.,Extra monitoring,Warning Issued
1507,904,5,2026-06-17,Unsafe behaviour identified.,Safety coaching,Warning Issued
1508,5419,17,2026-06-18,Minor issue observed.,Continue monitoring,Closed
1509,1153,28,2026-06-19,Driver notified.,Extra monitoring,Warning Issued
1510,2463,16,2026-06-20,Unsafe behaviour identified.,Safety coaching,Warning Issued
1511,1851,16,2026-06-25,Unsafe behaviour identified.,Extra monitoring,Closed
1512,294,20,2026-06-24,Unsafe behaviour identified.,Extra monitoring,Warning Issued
1513,3128,16,2026-06-26,Supervisor notified.,Formal coaching,Coaching Required
1514,4430,7,2026-06-24,Unsafe behaviour identified.,Extra monitoring,Closed
1515,2138,38,2026-06-27,Unsafe behaviour identified.,Extra monitoring,Warning Issued
1516,628,40,2026-06-28,Requires monitoring.,Safety coaching,Closed
1517,350,5,2026-06-30,Requires monitoring.,Safety coaching,Closed
1518,1700,38,2026-07-02,Serious safety concern.,Formal coaching,Coaching Required
1519,2026,17,2026-06-30,Unsafe behaviour identified.,Safety coaching,Closed
1520,3443,28,2026-07-07,Unsafe behaviour identified.,Safety coaching,Warning Issued
1521,4,20,2026-07-01,Requires monitoring.,Extra monitoring,Closed
1522,1854,40,2026-07-07,Unsafe behaviour identified.,Extra monitoring,Closed
1523,1502,7,2026-07-04,Unsafe behaviour identified.,Safety coaching,Closed
1524,5061,28,2026-07-12,Driver notified.,Safety coaching,Closed
1525,822,13,2026-07-12,Driver notified.,Safety coaching,Closed
1526,1870,20,2026-07-08,Requires monitoring.,Safety coaching,Warning Issued
1527,1712,17,2026-07-11,Driver notified.,Safety coaching,Warning Issued
1528,1214,27,2026-07-10,Driver reminded.,Continue monitoring,Closed
1529,3117,17,2026-07-14,Requires monitoring.,Safety coaching,Warning Issued
1530,4296,27,2026-07-13,Driver notified.,Safety coaching,Warning Issued
1531,290,38,2026-07-10,Requires monitoring.,Safety coaching,Closed
1532,3486,13,2026-07-09,Minor issue observed.,Driver reminder,Closed
1533,3130,5,2026-07-15,Driver notified.,Safety coaching,Closed
1534,857,16,2026-07-11,Driver notified.,Safety coaching,Closed
1535,852,38,2026-07-14,Unsafe behaviour identified.,Extra monitoring,Closed
1536,4443,27,2026-07-16,Requires monitoring.,Extra monitoring,Warning Issued
1537,1435,13,2026-07-15,Unsafe behaviour identified.,Safety coaching,Warning Issued
1538,4611,13,2026-07-16,Requires monitoring.,Extra monitoring,Closed
1539,5271,27,2026-07-15,Unsafe behaviour identified.,Safety coaching,Closed
1540,737,38,2026-07-18,Immediate action required.,Driver assessment,Coaching Required
1541,563,38,2026-07-17,Low risk behaviour.,Driver reminder,Closed
1542,2495,28,2026-07-16,Unsafe behaviour identified.,Extra monitoring,Warning Issued
1543,2339,13,2026-07-18,Unsafe behaviour identified.,Safety coaching,Warning Issued
1544,738,16,2026-07-19,Low risk behaviour.,Continue monitoring,Closed
1545,2733,38,2026-07-22,Driver reminded.,Continue monitoring,Closed
1546,2173,7,2026-07-20,Immediate action required.,Formal coaching,Under Review
1547,2586,27,2026-07-20,Unsafe behaviour identified.,Safety coaching,Closed
1548,5137,27,2026-07-19,Immediate action required.,Driver assessment,Coaching Required
1549,854,17,2026-07-19,Unsafe behaviour identified.,Safety coaching,Warning Issued
1550,4898,38,2026-07-24,Driver reminded.,Continue monitoring,Closed
1551,4297,17,2026-07-23,Serious safety concern.,Driver assessment,Under Review
1552,4298,16,2026-07-29,Driver reminded.,Continue monitoring,Closed
1553,2665,20,2026-07-27,Low risk behaviour.,Driver reminder,Closed
1554,2816,28,2026-07-31,Supervisor notified.,Formal coaching,Under Review
1555,2458,40,2026-08-01,Serious safety concern.,Formal coaching,Under Review
1556,4783,13,2026-07-31,Unsafe behaviour identified.,Safety coaching,Closed
1557,5459,13,2026-07-29,Unsafe behaviour identified.,Extra monitoring,Closed
1558,3489,7,2026-08-02,Unsafe behaviour identified.,Extra monitoring,Closed
1559,5458,13,2026-07-28,Low risk behaviour.,Driver reminder,Closed
1560,1748,7,2026-08-02,Supervisor notified.,Formal coaching,Under Review
1561,1702,38,2026-07-30,Driver notified.,Safety coaching,Closed
1562,2890,38,2026-07-31,Driver notified.,Extra monitoring,Closed
1563,3474,40,2026-08-03,Unsafe behaviour identified.,Safety coaching,Closed
1564,1251,38,2026-08-02,Driver reminded.,Continue monitoring,Closed
1565,2996,20,2026-08-01,Driver notified.,Safety coaching,Closed
1566,687,20,2026-08-05,Driver notified.,Extra monitoring,Closed
1567,681,7,2026-08-08,Immediate action required.,Driver assessment,Coaching Required
1568,2756,7,2026-08-09,Serious safety concern.,Formal coaching,Under Review
1569,293,28,2026-08-12,Serious safety concern.,Formal coaching,Under Review
1570,5289,16,2026-08-16,Requires monitoring.,Extra monitoring,Warning Issued
1571,3155,20,2026-08-16,Supervisor notified.,Formal coaching,Under Review
1572,1316,7,2026-09-01,Supervisor notified.,Driver assessment,Coaching Required
1573,4744,17,2026-08-29,Driver notified.,Extra monitoring,Closed
1574,670,20,2026-09-02,Unsafe behaviour identified.,Safety coaching,Warning Issued
1575,686,7,2026-08-30,Driver notified.,Safety coaching,Closed
1576,4468,27,2026-09-02,Driver notified.,Safety coaching,Warning Issued
1577,1285,5,2026-09-12,Unsafe behaviour identified.,Extra monitoring,Warning Issued
1578,1900,28,2026-09-23,Requires monitoring.,Extra monitoring,Warning Issued
1579,4621,20,2026-09-26,Requires monitoring.,Extra monitoring,Closed
1580,684,40,2026-09-26,Requires monitoring.,Extra monitoring,Warning Issued
1581,322,40,2026-09-26,Driver notified.,Extra monitoring,Warning Issued
1582,1902,17,2026-09-26,Unsafe behaviour identified.,Safety coaching,Warning Issued
1583,682,27,2026-09-29,Driver notified.,Extra monitoring,Warning Issued
1584,2801,28,2026-10-08,Minor issue observed.,Driver reminder,Closed
1585,988,28,2026-10-16,Driver notified.,Safety coaching,Closed
1586,4398,27,2026-10-17,Immediate action required.,Formal coaching,Coaching Required
1587,4553,7,2026-10-25,Requires monitoring.,Extra monitoring,Closed
1588,5294,16,2026-11-01,Unsafe behaviour identified.,Extra monitoring,Closed
1589,2933,17,2026-11-05,Requires monitoring.,Safety coaching,Closed
1590,4551,7,2026-11-18,Driver notified.,Extra monitoring,Closed
1591,1923,20,2026-11-19,Minor issue observed.,Driver reminder,Closed
1592,1979,40,2026-11-20,Serious safety concern.,Formal coaching,Under Review
1593,325,38,2026-11-29,Driver reminded.,Continue monitoring,Closed
1594,4796,17,2026-11-27,Requires monitoring.,Extra monitoring,Warning Issued
1595,4177,28,2026-12-03,Requires monitoring.,Safety coaching,Closed
1596,4014,20,2026-11-29,Minor issue observed.,Continue monitoring,Closed
1597,3847,16,2026-12-10,Minor issue observed.,Continue monitoring,Closed
1598,2972,38,2026-12-17,Driver notified.,Safety coaching,Warning Issued
1599,2984,17,2026-12-16,Driver notified.,Safety coaching,Warning Issued
1600,2506,17,2026-12-22,Driver notified.,Safety coaching,Closed
1601,2012,27,2026-12-22,Unsafe behaviour identified.,Safety coaching,Warning Issued
1602,3849,38,2027-01-01,Immediate action required.,Driver assessment,Under Review
1603,2993,17,2027-01-06,Minor issue observed.,Continue monitoring,Closed
1604,4226,5,2027-01-11,Serious safety concern.,Formal coaching,Under Review
1605,3848,16,2027-01-12,Driver notified.,Safety coaching,Warning Issued
1606,992,17,2027-01-21,Low risk behaviour.,Driver reminder,Closed
1607,4919,16,2027-02-05,Supervisor notified.,Driver assessment,Under Review
1608,4399,38,2027-02-17,Immediate action required.,Formal coaching,Coaching Required
1609,387,28,2027-03-02,Requires monitoring.,Safety coaching,Closed
1610,746,5,2027-03-14,Driver notified.,Extra monitoring,Closed
1611,549,20,2027-03-21,Requires monitoring.,Extra monitoring,Warning Issued
1612,1907,17,2027-03-25,Driver notified.,Safety coaching,Closed
1613,1424,5,2027-04-09,Driver notified.,Safety coaching,Closed
1614,5293,28,2027-04-09,Unsafe behaviour identified.,Extra monitoring,Warning Issued
1615,4552,5,2027-04-17,Requires monitoring.,Extra monitoring,Warning Issued
1616,1009,27,2027-06-08,Requires monitoring.,Extra monitoring,Warning Issued
1617,4746,17,2027-06-10,Driver notified.,Extra monitoring,Closed
1618,3391,40,2027-06-27,Unsafe behaviour identified.,Extra monitoring,Warning Issued
1619,4019,27,2027-07-13,Requires monitoring.,Safety coaching,Warning Issued
1620,1541,38,2027-07-14,Requires monitoring.,Safety coaching,Warning Issued
1621,1544,27,2027-08-02,Serious safety concern.,Driver assessment,Under Review
1622,318,28,2027-08-08,Unsafe behaviour identified.,Extra monitoring,Warning Issued
1623,5292,40,2027-08-21,Driver notified.,Extra monitoring,Warning Issued
1624,1425,27,2027-10-27,Supervisor notified.,Formal coaching,Coaching Required
1625,323,5,2027-12-02,Driver notified.,Extra monitoring,Warning Issued
1626,292,7,2027-12-13,Unsafe behaviour identified.,Extra monitoring,Closed
1627,324,28,2028-01-13,Immediate action required.,Formal coaching,Under Review
1628,321,16,2028-01-15,Driver notified.,Extra monitoring,Closed
